JvmtiExport can_access_local_variables 0
JvmtiExport can_hotswap_or_post_breakpoint 1
JvmtiExport can_post_on_exceptions 0
# 342 ciObject found
ciInstanceKlass java/lang/Cloneable 1 0 7 100 1 100 1 1 1
instanceKlass com/google/common/truth/LazyMessage
instanceKlass com/google/common/collect/Iterables
instanceKlass kotlin/reflect/jvm/internal/KPropertyImplKt
instanceKlass kotlin/reflect/jvm/internal/KPropertyImpl$Getter$$Lambda$1
instanceKlass kotlin/reflect/jvm/internal/KPropertyImpl$Getter$$Lambda$0
instanceKlass kotlin/reflect/KProperty1$Getter
instanceKlass kotlin/reflect/jvm/internal/impl/metadata/ProtoBuf$1
instanceKlass okhttp3/Challenge
instanceKlass kotlin/reflect/jvm/internal/impl/utils/SmartList$SingletonIteratorBase
instanceKlass kotlin/reflect/jvm/internal/impl/utils/SmartList$EmptyIterator
instanceKlass okhttp3/Call$Subclass2$auxiliary$ZIlFwSRD
instanceKlass okhttp3/Call$Subclass2$auxiliary$vXHlZBj8
instanceKlass okhttp3/Call$Subclass2$auxiliary$dOeN2K4O
instanceKlass okhttp3/Call$Subclass2$auxiliary$HYCb1QwW
instanceKlass okhttp3/Call$Subclass2
instanceKlass net/bytebuddy/implementation/bytecode/member/MethodVariableAccess$MethodLoading$TypeCastingHandler$ForBridgeTarget
instanceKlass okhttp3/Callback
instanceKlass kotlin/reflect/jvm/internal/impl/metadata/ProtoBuf$Effect$InvocationKind$1
instanceKlass kotlin/reflect/jvm/internal/impl/metadata/ProtoBuf$Expression$ConstantValue$1
instanceKlass kotlin/reflect/jvm/internal/impl/metadata/ProtoBuf$ExpressionOrBuilder
instanceKlass kotlin/reflect/jvm/internal/impl/metadata/ProtoBuf$Effect$EffectType$1
instanceKlass kotlin/reflect/jvm/internal/impl/metadata/ProtoBuf$EffectOrBuilder
instanceKlass jdk/internal/ValueBased
instanceKlass kotlin/ParameterName
instanceKlass kotlin/reflect/jvm/internal/impl/resolve/OverridingUtil$7
instanceKlass kotlin/reflect/jvm/internal/impl/resolve/OverridingUtil$6
instanceKlass kotlin/reflect/jvm/internal/impl/resolve/VisibilityUtilKt
instanceKlass kotlin/reflect/jvm/internal/impl/resolve/OverridingUtil$3
instanceKlass com/google/common/truth/IterableSubject$PairwiseChecker
instanceKlass kotlin/reflect/jvm/internal/impl/metadata/ProtoBuf$VersionRequirement$VersionKind$1
instanceKlass kotlin/reflect/jvm/internal/impl/metadata/ProtoBuf$VersionRequirement$Level$1
instanceKlass kotlin/reflect/jvm/internal/impl/metadata/ProtoBuf$VersionRequirementOrBuilder
instanceKlass top/mcxiafeng/badger/network/NetworkResolveResult
instanceKlass top/mcxiafeng/badger/network/PlatformAdapterRegistryKt
instanceKlass okhttp3/WebSocket
instanceKlass okhttp3/WebSocketListener
instanceKlass com/google/common/truth/IntegerSubject$TolerantIntegerComparison
instanceKlass com/google/common/truth/MapSubject$MapInOrder
instanceKlass com/google/common/truth/MapSubject$MapDifference
instanceKlass com/google/common/base/ExtraObjectsMethodsForWeb
instanceKlass com/google/common/truth/MapSubject$ValueTester
instanceKlass com/google/common/collect/Multiset$Entry
instanceKlass com/google/common/collect/ObjectCountHashMap
instanceKlass com/google/common/truth/Ordered
instanceKlass com/google/common/truth/Subject$ComparisonResult
instanceKlass top/mcxiafeng/badger/network/IdentifyResponse
instanceKlass top/mcxiafeng/badger/network/ApiCoreKt
instanceKlass okhttp3/internal/http1/Http1ExchangeCodec$AbstractSource
instanceKlass okhttp3/internal/http1/Http1ExchangeCodec$KnownLengthSink
instanceKlass okhttp3/internal/http1/HeadersReader
instanceKlass okhttp3/internal/http1/Http1ExchangeCodec$Companion
instanceKlass okhttp3/internal/http1/Http1ExchangeCodec
instanceKlass android/security/net/config/ApplicationConfig
instanceKlass libcore/net/NetworkSecurityPolicy
instanceKlass android/security/net/config/ConfigSource
instanceKlass android/security/NetworkSecurityPolicy
instanceKlass okhttp3/RequestBody$Companion
instanceKlass okhttp3/RequestBody
instanceKlass com/google/gson/internal/LinkedTreeMap$LinkedTreeMapIterator
instanceKlass com/google/gson/FormattingStyle
instanceKlass top/mcxiafeng/badger/network/ContactNetworkResolver
instanceKlass top/mcxiafeng/badger/network/LocalHttpServer$MockResponse
instanceKlass top/mcxiafeng/badger/network/LocalHttpServer
instanceKlass top/mcxiafeng/badger/network/ContactNetworkResolverTest
instanceKlass top/mcxiafeng/badger/network/ContactNetworkResolverTest
instanceKlass top/mcxiafeng/badger/network/VerificationCodeResult$Companion
instanceKlass top/mcxiafeng/badger/network/CaptchaResult$Companion
instanceKlass top/mcxiafeng/badger/network/RegisterPolicy$Companion
instanceKlass top/mcxiafeng/badger/network/AuthUser$Companion
instanceKlass top/mcxiafeng/badger/network/AuthUser
instanceKlass top/mcxiafeng/badger/network/AuthResponse$Companion
instanceKlass top/mcxiafeng/badger/utils/SafeLog
instanceKlass top/mcxiafeng/badger/network/AuthApiTest
instanceKlass top/mcxiafeng/badger/network/SyncPage$Companion
instanceKlass top/mcxiafeng/badger/network/SyncApi$Companion
instanceKlass top/mcxiafeng/badger/network/AuthApi$Companion
instanceKlass top/mcxiafeng/badger/network/BackupApi$Companion
instanceKlass top/mcxiafeng/badger/network/ResolverApi$Companion
instanceKlass top/mcxiafeng/badger/network/ExtractedContact$Companion
instanceKlass top/mcxiafeng/badger/network/ServerApiTypesKt
instanceKlass top/mcxiafeng/badger/network/PersonDto$Companion
instanceKlass top/mcxiafeng/badger/network/V2DomainApi$Companion
instanceKlass okio/ForwardingSink
instanceKlass okhttp3/internal/http1/Http1ExchangeCodec$KnownLengthSink
instanceKlass okhttp3/RequestBody$Companion
instanceKlass okhttp3/RequestBody
instanceKlass top/mcxiafeng/badger/network/PersonApi$Companion
instanceKlass top/mcxiafeng/badger/network/ApiPathMigrationTest
instanceKlass okhttp3/internal/Internal
instanceKlass top/mcxiafeng/badger/network/ApiCoreKt
instanceKlass okhttp3/Dispatcher$promoteAndExecute$Effects
instanceKlass okhttp3/internal/UnreadableResponseBodyKt
instanceKlass okhttp3/internal/http/CallServerInterceptor$intercept$1
instanceKlass okio/ForwardingSource
instanceKlass okhttp3/internal/http1/Http1ExchangeCodec$AbstractSource
instanceKlass okhttp3/internal/http/HttpHeaders
instanceKlass okhttp3/Response
instanceKlass okhttp3/TrailersSource$Companion$EMPTY$1
instanceKlass okhttp3/TrailersSource$Companion
instanceKlass okhttp3/TrailersSource
instanceKlass okio/internal/-ByteString
instanceKlass okhttp3/ResponseBody$Companion
instanceKlass okhttp3/ResponseBody
instanceKlass okhttp3/Response$Builder
instanceKlass okio/internal/-Buffer
instanceKlass okhttp3/internal/http/StatusLine$Companion
instanceKlass okhttp3/internal/http/StatusLine
instanceKlass okhttp3/internal/http/RequestLine
instanceKlass okhttp3/internal/http1/HeadersReader
instanceKlass okhttp3/internal/http1/Http1ExchangeCodec$Companion
instanceKlass okhttp3/internal/http1/Http1ExchangeCodec
instanceKlass okhttp3/internal/http/ExchangeCodec
instanceKlass okhttp3/internal/connection/RealConnection$Companion
instanceKlass okhttp3/internal/http2/Http2Connection$Listener$Companion
instanceKlass okhttp3/internal/connection/RoutePlanner$ConnectResult
instanceKlass okio/RealBufferedSink
instanceKlass okio/RealBufferedSource
instanceKlass org/robolectric/shadows/ShadowLegacySQLiteConnection$Connections$16
instanceKlass okio/Okio__OkioKt
instanceKlass okhttp3/internal/connection/BufferedSocketKt$asBufferedSocket$1
instanceKlass okhttp3/internal/connection/BufferedSocket
instanceKlass org/robolectric/shadows/ShadowLegacySQLiteConnection$Connections$12
instanceKlass okio/internal/DefaultSocket$SocketSink
instanceKlass okio/internal/DefaultSocket$SocketSource
instanceKlass okio/internal/DefaultSocket
instanceKlass okio/Socket
instanceKlass okio/Okio__JvmOkioKt
instanceKlass okio/Okio
instanceKlass okhttp3/internal/connection/BufferedSocketKt
instanceKlass okhttp3/internal/connection/ConnectPlan$WhenMappings
instanceKlass top/mcxiafeng/badger/R$drawable
instanceKlass top/mcxiafeng/badger/ocr/PlatformFieldDef
instanceKlass okhttp3/internal/connection/FailedPlan
instanceKlass okhttp3/internal/connection/ConnectPlan$Companion
instanceKlass top/mcxiafeng/badger/ocr/PlatformFieldsKt
instanceKlass okhttp3/internal/connection/ConnectPlan
instanceKlass okhttp3/internal/connection/RoutePlanner$Plan
instanceKlass androidx/room/RoomMasterTable
instanceKlass okhttp3/internal/connection/RouteSelector$Selection
instanceKlass okhttp3/Route
instanceKlass okhttp3/internal/connection/InetAddressOrderKt
instanceKlass okhttp3/internal/connection/RouteSelector$Companion
instanceKlass okhttp3/internal/connection/RouteSelector
instanceKlass okhttp3/CacheControl$Builder
instanceKlass okhttp3/internal/_CacheControlCommonKt
instanceKlass okhttp3/CacheControl$Companion
instanceKlass okhttp3/CacheControl
instanceKlass okhttp3/internal/cache/CacheStrategy$Companion
instanceKlass okhttp3/internal/cache/CacheStrategy
instanceKlass okhttp3/internal/cache/CacheStrategy$Factory
instanceKlass okhttp3/internal/connection/FastFallbackExchangeFinder
instanceKlass okhttp3/Address
instanceKlass okhttp3/internal/connection/RealRoutePlanner
instanceKlass okhttp3/internal/connection/RoutePlanner
instanceKlass okhttp3/internal/http/RealInterceptorChain
instanceKlass okhttp3/Interceptor$Chain
instanceKlass okhttp3/internal/http/CallServerInterceptor
instanceKlass okhttp3/internal/connection/ConnectInterceptor
instanceKlass okhttp3/internal/cache/CacheInterceptor$Companion
instanceKlass okhttp3/internal/cache/CacheInterceptor
instanceKlass okhttp3/internal/http/BridgeInterceptor
instanceKlass okhttp3/internal/http/RetryAndFollowUpInterceptor$Companion
instanceKlass okhttp3/internal/http/RetryAndFollowUpInterceptor
instanceKlass okhttp3/Interceptor
instanceKlass okio/PriorityQueue
instanceKlass okio/AsyncTimeout$Companion
instanceKlass okio/Timeout$Companion
instanceKlass okhttp3/internal/connection/Exchange
instanceKlass okhttp3/internal/http2/Http2Connection$Listener
instanceKlass okhttp3/internal/http/ExchangeCodec$Carrier
instanceKlass okhttp3/Connection
instanceKlass okhttp3/internal/connection/ExchangeFinder
instanceKlass okio/Timeout
instanceKlass okhttp3/internal/connection/RealCall$Companion
instanceKlass okhttp3/internal/connection/RealCall
instanceKlass okhttp3/internal/http/HttpMethod
instanceKlass top/mcxiafeng/badger/network/LocalHttpServer$MockResponse
instanceKlass okhttp3/MediaType$Companion
instanceKlass okhttp3/MediaType
instanceKlass okhttp3/internal/tls/BasicTrustRootIndex
instanceKlass okhttp3/internal/tls/TrustRootIndex
instanceKlass okhttp3/internal/tls/BasicCertificateChainCleaner$Companion
instanceKlass okhttp3/internal/tls/CertificateChainCleaner$Companion
instanceKlass okhttp3/internal/tls/CertificateChainCleaner
instanceKlass okhttp3/internal/platform/Jdk9Platform$Companion
instanceKlass okhttp3/internal/platform/AndroidPlatform$Companion
instanceKlass android/os/Build$VERSION
instanceKlass okhttp3/internal/platform/Android10Platform$Companion
instanceKlass okhttp3/internal/platform/ContextAwarePlatform
instanceKlass okhttp3/internal/http2/Http2
instanceKlass okhttp3/internal/platform/android/AndroidLog
instanceKlass okhttp3/internal/platform/PlatformRegistry
instanceKlass okhttp3/internal/platform/Platform$Companion
instanceKlass okhttp3/internal/platform/Platform
instanceKlass okhttp3/internal/concurrent/Task
instanceKlass okhttp3/internal/concurrent/TaskQueue
instanceKlass okhttp3/internal/connection/RealConnectionPool$Companion
instanceKlass okhttp3/internal/connection/RealConnectionPool
instanceKlass okhttp3/internal/connection/ConnectionListener$Companion
instanceKlass okhttp3/internal/connection/ConnectionListener
instanceKlass okhttp3/ConnectionPool
instanceKlass okhttp3/internal/concurrent/TaskRunner$runnable$1
instanceKlass okhttp3/internal/concurrent/TaskRunner$RealBackend
instanceKlass okhttp3/internal/concurrent/TaskRunner$Backend
instanceKlass okhttp3/internal/concurrent/TaskRunner$Companion
instanceKlass okhttp3/internal/concurrent/TaskRunner
instanceKlass okhttp3/internal/concurrent/Lockable
instanceKlass okhttp3/internal/connection/RouteDatabase
instanceKlass okhttp3/CertificatePinner$Builder
instanceKlass okhttp3/CertificatePinner$Companion
instanceKlass okhttp3/CertificatePinner
instanceKlass okhttp3/internal/tls/OkHostnameVerifier
instanceKlass okhttp3/CookieJar$Companion$NoCookies
instanceKlass okhttp3/CookieJar$Companion
instanceKlass okhttp3/CookieJar
instanceKlass okhttp3/Dns$Companion$DnsSystem
instanceKlass okhttp3/Dns$Companion
instanceKlass okhttp3/Dns
instanceKlass okhttp3/internal/authenticator/JavaNetAuthenticator
instanceKlass okhttp3/Authenticator$Companion$AuthenticatorNone
instanceKlass okhttp3/Authenticator$Companion
instanceKlass okhttp3/Authenticator
instanceKlass okhttp3/Call
instanceKlass okhttp3/EventListener$Factory
instanceKlass okhttp3/EventListener$Companion
instanceKlass okhttp3/EventListener
instanceKlass okhttp3/Dispatcher
instanceKlass okhttp3/OkHttpClient$Builder
instanceKlass okhttp3/TlsVersion$Companion
instanceKlass okhttp3/ConnectionSpec$Builder
instanceKlass okhttp3/CipherSuite$Companion$ORDER_BY_NAME$1
instanceKlass okhttp3/CipherSuite$Companion
instanceKlass okhttp3/CipherSuite
instanceKlass okhttp3/ConnectionSpec$Companion
instanceKlass okhttp3/ConnectionSpec
instanceKlass okhttp3/internal/_UtilJvmKt
instanceKlass okhttp3/Protocol$Companion
instanceKlass okhttp3/OkHttpClient$Companion
instanceKlass top/mcxiafeng/badger/network/ApiCore$Companion
instanceKlass kotlinx/coroutines/internal/ExceptionsConstructorKt$createConstructor$nullResult$1
instanceKlass kotlinx/coroutines/CopyableThrowable
instanceKlass kotlinx/coroutines/internal/CtorCache
instanceKlass java/net/ServerSocket
instanceKlass kotlinx/coroutines/internal/FastServiceLoaderKt
instanceKlass kotlinx/coroutines/internal/ExceptionsConstructorKt
instanceKlass top/mcxiafeng/badger/network/LocalHttpServer
instanceKlass _COROUTINE/CoroutineDebuggingKt
instanceKlass _COROUTINE/_BOUNDARY
instanceKlass _COROUTINE/ArtificialStackFrames
instanceKlass top/mcxiafeng/badger/network/ApiCoreUnwrapTest
instanceKlass kotlinx/coroutines/internal/StackTraceRecoveryKt
instanceKlass kotlinx/coroutines/JobSupport$Finishing
instanceKlass okio/internal/_AtomicKt
instanceKlass okhttp3/internal/connection/ReusePlan
instanceKlass sun/nio/ch/ExtendedSocketOption$1
instanceKlass sun/nio/ch/ExtendedSocketOption
instanceKlass sun/nio/ch/OptionKey
instanceKlass sun/nio/ch/SocketOptionRegistry$LazyInitialization
instanceKlass sun/nio/ch/SocketOptionRegistry$RegistryKey
instanceKlass sun/nio/ch/SocketOptionRegistry
instanceKlass java/net/StandardSocketOptions$StdSocketOption
instanceKlass java/net/StandardSocketOptions
instanceKlass org/conscrypt/SessionSnapshot
instanceKlass java/util/Collections$UnmodifiableList$1
instanceKlass org/robolectric/shadows/ShadowWindowManager
instanceKlass android/view/IWindowSessionCallback
instanceKlass org/robolectric/shadows/ShadowWindowManagerGlobal$WindowManagerGlobalReflector$$Reflector83
instanceKlass android/view/WindowManagerGlobal
instanceKlass org/robolectric/shadows/ShadowWindowManagerGlobal$WindowManagerGlobalReflector
instanceKlass org/robolectric/shadows/ShadowWindowManagerGlobal$WindowSessionDelegate
instanceKlass org/robolectric/shadows/ShadowWindowManagerGlobal
instanceKlass org/robolectric/shadows/ShadowWifiP2pManager
instanceKlass org/robolectric/shadows/ShadowWifiAwareManager
instanceKlass android/webkit/WebMessagePort
instanceKlass android/webkit/WebBackForwardList
instanceKlass android/webkit/WebSettings
instanceKlass org/robolectric/shadows/ShadowWebSettings
instanceKlass org/robolectric/shadows/ShadowWallpaperManager
instanceKlass com/android/internal/os/IResultReceiver
instanceKlass android/view/accessibility/AccessibilityNodeProvider
instanceKlass android/graphics/drawable/AnimatedVectorDrawable$VectorDrawableAnimatorRT
instanceKlass android/graphics/drawable/AnimatedVectorDrawable$VectorDrawableAnimator
instanceKlass android/view/ViewRootImpl$WindowStoppedCallback
instanceKlass android/view/HandlerActionQueue
instanceKlass android/view/ActionMode
instanceKlass android/view/ActionMode$Callback
instanceKlass android/view/accessibility/AccessibilityRecord
instanceKlass android/view/WindowCallbacks
instanceKlass android/animation/LayoutTransition
instanceKlass android/view/ViewRootImpl$ConfigChangedCallback
instanceKlass android/view/ViewRootImpl$SystemUiVisibilityInfo
instanceKlass android/view/View$AttachInfo$InvalidateInfo
instanceKlass android/view/ContextMenu
instanceKlass android/view/Menu
instanceKlass android/view/DragEvent
instanceKlass android/view/ViewRootImpl$InvalidateOnAnimationRunnable
instanceKlass android/view/ViewRootImpl$ConsumeBatchedInputImmediatelyRunnable
instanceKlass android/view/ViewRootImpl$ConsumeBatchedInputRunnable
instanceKlass android/view/InputEventReceiver
instanceKlass android/view/ViewRootImpl$TraversalRunnable
instanceKlass android/view/InputEventConsistencyVerifier
instanceKlass android/view/ViewRootImpl$SendWindowContentChangedAccessibilityEvent
instanceKlass android/view/ViewRootImpl$HighContrastTextManager
instanceKlass android/view/ViewRootImpl$AccessibilityInteractionConnectionManager
instanceKlass android/view/AccessibilityInteractionController
instanceKlass android/view/PointerIcon
instanceKlass android/graphics/PointF
instanceKlass android/content/ClipDescription
instanceKlass android/widget/Scroller
instanceKlass android/view/ViewTreeObserver$InternalInsetsInfo
instanceKlass android/view/ViewRootImpl$UnhandledKeyManager
instanceKlass android/view/ViewRootImpl$QueuedInputEvent
instanceKlass android/view/Choreographer
instanceKlass android/view/InputQueue
instanceKlass android/view/InputQueue$Callback
instanceKlass android/view/View$AttachInfo
instanceKlass android/graphics/Region
instanceKlass android/view/SurfaceHolder$Callback2
instanceKlass android/view/accessibility/AccessibilityNodeInfo
instanceKlass android/view/IWindowSession
instanceKlass android/view/ViewRootImpl$ActivityConfigCallback
instanceKlass android/view/ThreadedRenderer$FrameDrawingCallback
instanceKlass android/view/inputmethod/InputMethodManager$FinishedInputEventCallback
instanceKlass android/view/InputQueue$FinishedInputEventCallback
instanceKlass android/view/ViewRootImpl$InputStage
instanceKlass android/view/FallbackEventHandler
instanceKlass android/view/accessibility/AccessibilityManager$HighTextContrastChangeListener
instanceKlass android/view/accessibility/AccessibilityManager$AccessibilityStateChangeListener
instanceKlass android/view/IWindow
instanceKlass com/android/internal/view/BaseSurfaceHolder
instanceKlass android/view/SurfaceHolder$Callback
instanceKlass org/robolectric/shadows/ShadowViewRootImpl$ViewRootImplReflector$$Reflector82
instanceKlass android/view/DisplayCutout$ParcelableWrapper$1
instanceKlass android/view/DisplayCutout
instanceKlass android/view/DisplayCutout$ParcelableWrapper
instanceKlass android/util/MergedConfiguration$1
instanceKlass android/view/WindowInsets
instanceKlass android/view/ViewRootImpl
instanceKlass android/view/ThreadedRenderer$DrawCallbacks
instanceKlass android/view/View$AttachInfo$Callbacks
instanceKlass org/robolectric/shadows/ShadowViewRootImpl$ViewRootImplReflector
instanceKlass org/robolectric/shadows/ShadowViewRootImpl
instanceKlass org/robolectric/shadows/ShadowViewConfiguration$ViewConfigurationReflector$$Reflector81
instanceKlass android/view/ViewConfiguration
instanceKlass org/robolectric/shadows/ShadowViewConfiguration$ViewConfigurationReflector
instanceKlass org/robolectric/shadows/ShadowViewConfiguration
instanceKlass org/robolectric/shadows/ShadowVibrator
instanceKlass android/view/animation/BaseInterpolator
instanceKlass android/view/animation/Interpolator
instanceKlass com/android/internal/view/animation/NativeInterpolatorFactory
instanceKlass android/animation/ValueAnimator$AnimatorUpdateListener
instanceKlass android/animation/PropertyValuesHolder
instanceKlass android/animation/TypeEvaluator
instanceKlass org/robolectric/shadows/ShadowValueAnimator$ValueAnimatorReflector$$Reflector80
instanceKlass org/robolectric/shadows/ShadowValueAnimator$ValueAnimatorReflector
instanceKlass android/animation/AnimationHandler$AnimationFrameCallback
instanceKlass android/animation/AnimationHandler$AnimationFrameCallbackProvider
instanceKlass android/animation/AnimationHandler
instanceKlass org/robolectric/shadows/ShadowValueAnimator
instanceKlass android/content/pm/UserInfo$1
instanceKlass android/content/pm/UserInfo
instanceKlass org/robolectric/shadows/ShadowUserManager$UserManagerState
instanceKlass org/robolectric/shadows/ShadowUserManager
instanceKlass org/robolectric/shadows/ShadowUsbManager
instanceKlass org/robolectric/shadows/ShadowUsageStatsManager
instanceKlass org/robolectric/shadows/ShadowTrafficStats
instanceKlass org/robolectric/shadows/ShadowToneGenerator
instanceKlass org/robolectric/shadows/ShadowTextToSpeech
instanceKlass org/robolectric/shadows/ShadowTelephonyManager
instanceKlass org/robolectric/shadows/ShadowTelephony$ShadowSms
instanceKlass org/robolectric/shadows/ShadowTelecomManager
instanceKlass org/robolectric/shadows/ShadowSystemServiceRegistry$_StaticServiceFetcher_$$Reflector79
instanceKlass org/robolectric/shadows/ShadowSystemServiceRegistry$_StaticServiceFetcher_
instanceKlass org/robolectric/shadows/ShadowSystemServiceRegistry$_ServiceFetcherN_$$Reflector78
instanceKlass org/robolectric/shadows/ShadowSystemServiceRegistry$_ServiceFetcherN_
instanceKlass org/robolectric/shadows/ShadowSystemServiceRegistry$_ServiceFetcher_
instanceKlass org/robolectric/shadows/ShadowSystemServiceRegistry$_SystemServiceRegistry_$$Reflector77
instanceKlass org/robolectric/shadows/ShadowSystemServiceRegistry$_SystemServiceRegistry_
instanceKlass org/robolectric/shadows/HealthStatsBuilder$HealthStatsReflector$$Reflector76
instanceKlass org/robolectric/shadows/HealthStatsBuilder$HealthStatsReflector
instanceKlass org/robolectric/shadows/ShadowParcel$ByteBuffer$FakeEncodedItem
instanceKlass android/os/Parcel$1
instanceKlass android/util/SparseBooleanArray
instanceKlass android/os/Parcel$ReadWriteHelper
instanceKlass android/os/health/HealthStats
instanceKlass org/robolectric/shadows/HealthStatsBuilder
instanceKlass org/robolectric/shadows/ShadowSystemHealthManager
instanceKlass org/robolectric/shadows/ShadowSurfaceControl
instanceKlass android/telephony/SubscriptionInfo
instanceKlass android/telephony/SubscriptionManager$OnSubscriptionsChangedListener
instanceKlass org/robolectric/shadows/ShadowSubscriptionManager
instanceKlass org/robolectric/shadows/ShadowStatusBarManager
instanceKlass org/robolectric/shadows/ShadowStatsManager
instanceKlass android/text/DynamicLayout$1
instanceKlass android/text/DynamicLayout$Builder
instanceKlass android/text/style/ParagraphStyle
instanceKlass android/text/Layout$SelectionRectangleConsumer
instanceKlass android/text/Layout$TabStops
instanceKlass android/text/Layout$Directions
instanceKlass android/graphics/Path
instanceKlass android/text/StaticLayout$Builder
instanceKlass android/text/PackedObjectVector
instanceKlass android/text/PackedIntVector
instanceKlass android/text/DynamicLayout$ChangeWatcher
instanceKlass android/text/SpanWatcher
instanceKlass android/text/TextWatcher
instanceKlass android/text/NoCopySpan
instanceKlass android/text/Layout
instanceKlass org/robolectric/shadows/ShadowStaticLayout
instanceKlass org/robolectric/shadows/ShadowSpeechRecognizer
instanceKlass com/android/internal/telephony/ISms
instanceKlass org/robolectric/shadows/ShadowSmsManager$DataMessageParams
instanceKlass org/robolectric/shadows/ShadowSmsManager$TextSmsParams
instanceKlass org/robolectric/shadows/ShadowSmsManager$TextMultipartParams
instanceKlass org/robolectric/shadows/ShadowSmsManager$MultimediaMessageParams
instanceKlass android/telephony/SmsManager
instanceKlass org/robolectric/shadows/ShadowSmsManager
instanceKlass org/robolectric/shadows/ShadowSliceManager
instanceKlass org/robolectric/shadows/ShadowShortcutManager
instanceKlass org/robolectric/shadows/ShadowSharedMemory
instanceKlass org/robolectric/shadows/ShadowSettings$ShadowSystem
instanceKlass org/robolectric/shadows/ShadowSettings$ShadowSecure
instanceKlass org/robolectric/shadows/ShadowSettings
instanceKlass android/net/IIpSecService
instanceKlass android/net/wifi/rtt/IWifiRttManager
instanceKlass android/content/pm/ICrossProfileApps
instanceKlass android/app/slice/ISliceManager
instanceKlass android/companion/ICompanionDeviceManager
instanceKlass android/app/usage/IStorageStatsManager
instanceKlass android/net/wifi/aware/IWifiAwareManager
instanceKlass android/os/storage/IStorageManager
instanceKlass android/content/pm/IShortcutService
instanceKlass org/robolectric/shadows/WifiScannerDelegate
instanceKlass android/net/wifi/IWifiScanner
instanceKlass com/android/internal/app/ISoundTriggerService
instanceKlass android/hardware/location/IContextHubService
instanceKlass android/hardware/fingerprint/IFingerprintService
instanceKlass org/robolectric/shadows/LauncherAppsDelegate
instanceKlass android/content/pm/ILauncherApps
instanceKlass com/android/internal/app/IVoiceInteractionManagerService
instanceKlass android/media/session/ISessionManager
instanceKlass android/media/IMediaRouterService
instanceKlass android/app/usage/IUsageStatsManager
instanceKlass android/net/INetworkScoreService
instanceKlass android/app/job/IJobScheduler
instanceKlass android/app/trust/ITrustManager
instanceKlass android/content/IRestrictionsManager
instanceKlass android/os/IBatteryPropertiesRegistrar
instanceKlass com/android/internal/app/IAppOpsService
instanceKlass org/robolectric/shadows/IBluetoothManagerDelegates$IBluetoothManagerDelegateBase
instanceKlass org/robolectric/shadows/IBluetoothManagerDelegates
instanceKlass android/os/IUserManager
instanceKlass android/view/IWindowManager
instanceKlass android/app/IWallpaperManager
instanceKlass android/app/INotificationManager
instanceKlass com/android/internal/appwidget/IAppWidgetService
instanceKlass android/media/IAudioService
instanceKlass android/net/nsd/INsdManager
instanceKlass android/location/ICountryDetector
instanceKlass android/net/INetworkPolicyManager
instanceKlass android/app/IUiModeManager
instanceKlass android/app/ISearchManager
instanceKlass android/net/wifi/IWifiManager
instanceKlass android/net/IConnectivityManager
instanceKlass com/android/internal/telephony/ITelephony
instanceKlass android/app/admin/IDevicePolicyManager
instanceKlass com/android/internal/os/IDropBoxManagerService
instanceKlass com/android/internal/app/IBatteryStats
instanceKlass android/os/IPowerManager
instanceKlass android/app/IAlarmManager
instanceKlass android/location/ILocationManager
instanceKlass android/hardware/usb/IUsbManager
instanceKlass android/accounts/IAccountManager
instanceKlass android/net/wifi/p2p/IWifiP2pManager
instanceKlass org/robolectric/shadows/ShadowServiceManager$BinderService
instanceKlass android/content/IClipboard
instanceKlass org/robolectric/shadows/ShadowServiceManager
instanceKlass org/robolectric/shadows/ShadowSensorManager
instanceKlass android/se/omapi/ISecureElementService
instanceKlass org/robolectric/shadows/ShadowSecureElementService
instanceKlass org/robolectric/shadows/ShadowRestrictionsManager
instanceKlass org/robolectric/shadows/ShadowResourcesManager$_ResourcesManager_$$Reflector75
instanceKlass org/robolectric/shadows/ShadowResourcesManager$_ResourcesManager_
instanceKlass android/view/RenderNodeAnimator$DelayedAnimationHelper
instanceKlass android/graphics/CanvasProperty
instanceKlass org/robolectric/shadows/ShadowNativeRenderNodeAnimatorQ
instanceKlass android/animation/TimeInterpolator
instanceKlass android/view/RenderNode
instanceKlass com/android/internal/util/VirtualRefBasePtr
instanceKlass android/content/res/ConstantState
instanceKlass org/robolectric/shadows/ShadowRenderNodeAnimator$RenderNodeAnimatorReflector$$Reflector74
instanceKlass android/animation/Animator
instanceKlass org/robolectric/shadows/ShadowRenderNodeAnimator$RenderNodeAnimatorReflector
instanceKlass android/view/Choreographer$FrameCallback
instanceKlass org/robolectric/shadows/ShadowRenderNodeAnimator
instanceKlass org/robolectric/shadows/ShadowQueuedWork$QueuedWorkReflector$$Reflector73
instanceKlass org/robolectric/shadows/ShadowQueuedWork$QueuedWorkReflector
instanceKlass android/app/QueuedWork
instanceKlass org/robolectric/shadows/ShadowQueuedWork
instanceKlass android/view/IGraphicsStats
instanceKlass android/view/ThreadedRenderer
instanceKlass android/view/IGraphicsStatsCallback
instanceKlass org/robolectric/shadows/ShadowProcessInitializer$ProcessInitializerReflector$$Reflector72
instanceKlass android/view/ThreadedRenderer$ProcessInitializer
instanceKlass org/robolectric/shadows/ShadowProcessInitializer$ProcessInitializerReflector
instanceKlass org/robolectric/shadows/ShadowProcessInitializer
instanceKlass org/robolectric/shadows/ShadowPowerManager
instanceKlass org/robolectric/shadows/ShadowPendingIntent$1
instanceKlass org/robolectric/shadows/ShadowPendingIntent
instanceKlass org/robolectric/shadows/ShadowAsyncTask
instanceKlass org/robolectric/shadows/ShadowParcelFileDescriptor$1
instanceKlass org/robolectric/shadows/ShadowParcelFileDescriptor
instanceKlass org/robolectric/shadows/ShadowParcel$ByteBuffer
instanceKlass org/robolectric/shadows/ShadowParcel
instanceKlass com/google/common/collect/Sets
instanceKlass org/robolectric/shadows/ShadowNotificationManager
instanceKlass android/nfc/INfcAdapterExtras
instanceKlass android/nfc/NfcAdapter$CreateBeamUrisCallback
instanceKlass android/nfc/NfcAdapter$NfcUnlockHandler
instanceKlass android/nfc/INfcDta
instanceKlass android/nfc/BeamShareData
instanceKlass android/nfc/NfcAdapter$OnTagRemovedListener
instanceKlass android/nfc/NfcAdapter$ReaderCallback
instanceKlass android/nfc/NdefMessage
instanceKlass android/nfc/Tag
instanceKlass android/nfc/NfcAdapter$CreateNdefMessageCallback
instanceKlass android/nfc/NfcAdapter$OnNdefPushCompleteCallback
instanceKlass android/nfc/IAppCallback
instanceKlass android/nfc/INfcFCardEmulation
instanceKlass android/nfc/INfcTag
instanceKlass android/nfc/INfcAdapter
instanceKlass android/nfc/ITagRemovedCallback
instanceKlass android/nfc/INfcUnlockHandler
instanceKlass org/robolectric/shadows/ShadowNfcAdapter$NfcAdapterReflector$$Reflector71
instanceKlass org/robolectric/shadows/ShadowNfcAdapter$NfcAdapterReflector
instanceKlass org/robolectric/shadows/ShadowNfcAdapter
instanceKlass org/robolectric/shadows/ShadowNetworkScoreManager
instanceKlass org/robolectric/shadows/ShadowBitmap
instanceKlass android/view/MotionEvent$1
instanceKlass org/robolectric/shadows/NativeInput$PointerCoords
instanceKlass android/view/InputEvent$1
instanceKlass android/view/InputDevice
instanceKlass android/view/MotionEvent$PointerProperties
instanceKlass android/view/MotionEvent$PointerCoords
instanceKlass org/robolectric/shadows/NativeInput
instanceKlass org/robolectric/shadows/NativeInput$AInputEvent
instanceKlass org/robolectric/shadows/ShadowInputEvent
instanceKlass org/robolectric/shadows/ShadowMimeTypeMap
instanceKlass org/robolectric/shadows/ShadowMessenger
instanceKlass android/os/Message$1
instanceKlass android/os/Messenger
instanceKlass org/robolectric/shadows/ShadowMessage$MessageReflector$$Reflector70
instanceKlass org/robolectric/shadows/ShadowMessage$MessageReflector
instanceKlass org/robolectric/shadows/ShadowMediaStore
instanceKlass org/robolectric/shadows/ShadowMediaSessionManager
instanceKlass org/robolectric/shadows/ShadowMediaScannerConnection
instanceKlass android/media/MediaRouter$RouteCategory
instanceKlass android/hardware/display/WifiDisplay
instanceKlass android/media/MediaRouter$Callback
instanceKlass android/media/AudioRoutesInfo
instanceKlass android/media/MediaRouter$Static
instanceKlass android/hardware/display/DisplayManager$DisplayListener
instanceKlass android/media/MediaRouter$RouteInfo
instanceKlass org/robolectric/shadows/ShadowMediaRouter
instanceKlass org/robolectric/shadows/ShadowMediaPlayer$ErrorCallback
instanceKlass org/robolectric/shadows/ShadowMediaPlayer$3
instanceKlass org/robolectric/shadows/ShadowMediaPlayer$2
instanceKlass org/robolectric/shadows/ShadowMediaPlayer$1
instanceKlass org/robolectric/shadows/ShadowMediaPlayer$MediaEvent
instanceKlass org/robolectric/shadows/ShadowPlayerBase
instanceKlass org/robolectric/shadows/ShadowMediaMetadataRetriever
instanceKlass org/robolectric/shadows/util/DataSource$FileDescriptorTransform
instanceKlass org/robolectric/shadows/util/DataSource
instanceKlass org/robolectric/shadows/ShadowMediaExtractor
instanceKlass android/media/MediaCodecInfo$CodecCapabilities
instanceKlass android/media/MediaFormat
instanceKlass android/media/MediaCodecInfo
instanceKlass android/media/MediaCodecList
instanceKlass org/robolectric/shadows/ShadowMediaCodecList
instanceKlass org/robolectric/shadows/ShadowMediaCodec$CodecConfig$Codec
instanceKlass org/robolectric/shadows/ShadowMediaCodec$CodecConfig
instanceKlass org/robolectric/shadows/ShadowMediaCodec
instanceKlass org/robolectric/shadows/ShadowMediaActionSound
instanceKlass android/location/LocationListener
instanceKlass org/robolectric/shadows/ShadowLocationManager
instanceKlass org/robolectric/shadows/ShadowLocaleList$LocaleListReflector$$Reflector69
instanceKlass org/robolectric/shadows/ShadowLocaleList$LocaleListReflector
instanceKlass org/robolectric/shadows/ShadowTypeface
instanceKlass org/robolectric/shadows/ShadowLegacyCanvas$NativeCanvas
instanceKlass org/robolectric/shadows/ShadowCanvas
instanceKlass org/robolectric/shadows/ShadowLauncherApps
instanceKlass org/robolectric/shadows/ShadowKeyguardManager$ShadowKeyguardLock
instanceKlass org/robolectric/shadows/ShadowKeyguardManager
instanceKlass android/view/InputEventSender
instanceKlass android/view/InputChannel
instanceKlass com/android/internal/view/IInputMethodSession
instanceKlass android/view/inputmethod/CursorAnchorInfo
instanceKlass android/view/inputmethod/CompletionInfo
instanceKlass android/view/inputmethod/EditorInfo
instanceKlass android/text/InputType
instanceKlass com/android/internal/view/IInputMethodManager
instanceKlass com/android/internal/view/IInputContext
instanceKlass android/view/inputmethod/InputConnection
instanceKlass com/android/internal/view/IInputMethodClient
instanceKlass org/robolectric/shadows/ShadowInputMethodManager$_InputMethodManager_$$Reflector68
instanceKlass org/robolectric/shadows/ShadowInputMethodManager$_InputMethodManager_
instanceKlass com/google/common/base/Optional
instanceKlass org/robolectric/shadows/ShadowInputMethodManager
instanceKlass android/hardware/input/IInputManager
instanceKlass android/hardware/input/IInputDevicesChangedListener
instanceKlass android/hardware/input/ITabletModeChangedListener
instanceKlass androidx/sqlite/db/SupportSQLiteStatement
instanceKlass org/robolectric/shadows/ShadowInputManager
instanceKlass org/robolectric/shadows/ShadowGeocoder
instanceKlass androidx/sqlite/SQLite
instanceKlass android/view/SurfaceHolder
instanceKlass org/robolectric/shadows/ShadowFontsContract$FontsContractReflector$$Reflector67
instanceKlass org/robolectric/shadows/ShadowFontsContract$FontsContractReflector
instanceKlass org/robolectric/shadows/ShadowFingerprintManager
instanceKlass org/robolectric/shadows/ShadowEventLog
instanceKlass org/robolectric/shadows/ShadowEuiccManager
instanceKlass org/robolectric/shadows/ShadowLegacyCursorWindow$Value
instanceKlass org/robolectric/shadows/ShadowDropBoxManager
instanceKlass org/robolectric/shadows/ShadowLegacyCursorWindow$Row
instanceKlass org/robolectric/shadows/ShadowDownloadManager
instanceKlass org/robolectric/shadows/ShadowLegacySQLiteConnection$Connections$18
instanceKlass org/robolectric/shadows/ShadowDexFile
instanceKlass org/robolectric/shadows/ShadowDevicePolicyManager
instanceKlass org/robolectric/shadows/ShadowDebug
instanceKlass org/robolectric/shadows/ShadowCrossProfileApps
instanceKlass android/webkit/CookieManager
instanceKlass org/robolectric/shadows/ShadowCookieManager
instanceKlass org/robolectric/shadows/ShadowLegacyCursorWindow$Data
instanceKlass android/hardware/location/MemoryRegion
instanceKlass org/robolectric/shadows/ShadowCursorWindow$CursorWindowReflector$$Reflector66
instanceKlass android/hardware/location/ContextHubInfo$1
instanceKlass android/hardware/contexthub/V1_0/ContextHub
instanceKlass android/hardware/location/ContextHubInfo
instanceKlass org/robolectric/shadows/ShadowCursorWindow$CursorWindowReflector
instanceKlass org/robolectric/shadows/ShadowLegacyCursorWindow$WindowData
instanceKlass org/robolectric/shadows/ShadowContextHubManager
instanceKlass android/database/CharArrayBuffer
instanceKlass android/database/CursorWindow$1
instanceKlass org/robolectric/shadows/ShadowCursorWindow
instanceKlass org/robolectric/shadows/ShadowNetworkCapabilities$NetworkCapabilitiesReflector$$Reflector65
instanceKlass org/robolectric/shadows/ShadowNetworkCapabilities$NetworkCapabilitiesReflector
instanceKlass android/net/NetworkCapabilities$1
instanceKlass android/net/UidRange
instanceKlass android/net/NetworkCapabilities$NameOf
instanceKlass android/database/Observable
instanceKlass android/net/NetworkSpecifier
instanceKlass android/net/TransportInfo
instanceKlass android/net/NetworkCapabilities
instanceKlass org/robolectric/shadows/ShadowNetworkCapabilities
instanceKlass androidx/sqlite/db/framework/FrameworkSQLiteProgram
instanceKlass androidx/sqlite/db/SupportSQLiteProgram
instanceKlass android/net/Network$1
instanceKlass android/net/Network
instanceKlass android/database/sqlite/SQLiteDirectCursorDriver
instanceKlass org/robolectric/shadows/ShadowNetwork
instanceKlass android/database/AbstractCursor
instanceKlass android/database/CrossProcessCursor
instanceKlass org/robolectric/shadows/ShadowNetworkInfo
instanceKlass androidx/sqlite/driver/SupportSQLiteStatement$RowSQLiteStatement$ensureCursor$1
instanceKlass androidx/sqlite/db/SupportSQLiteQuery
instanceKlass android/net/NetworkInfo
instanceKlass androidx/sqlite/driver/SupportSQLiteStatement$RowSQLiteStatement$Companion
instanceKlass org/robolectric/shadows/ShadowConnectivityManager
instanceKlass androidx/sqlite/driver/SupportSQLiteStatement$Companion
instanceKlass org/robolectric/shadows/ShadowClipboardManager
instanceKlass androidx/sqlite/driver/SupportSQLiteStatement
instanceKlass androidx/sqlite/SQLiteStatement
instanceKlass org/robolectric/shadows/ShadowBackdropFrameRenderer
instanceKlass android/database/sqlite/SQLiteSession$1
instanceKlass org/robolectric/shadows/ShadowCarrierConfigManager
instanceKlass android/nfc/NfcAdapter
instanceKlass org/robolectric/shadows/ShadowCardEmulation$CardEmulationReflector$$Reflector64
instanceKlass android/nfc/INfcCardEmulation
instanceKlass android/nfc/cardemulation/CardEmulation
instanceKlass org/robolectric/shadows/ShadowCardEmulation$CardEmulationReflector
instanceKlass org/robolectric/shadows/ShadowCardEmulation
instanceKlass android/hardware/camera2/CameraDevice
instanceKlass androidx/sqlite/db/framework/FrameworkSQLiteDatabase$Companion
instanceKlass org/robolectric/shadows/ShadowCameraManager
instanceKlass top/mcxiafeng/badger/data/repository/RegionNode
instanceKlass androidx/sqlite/db/framework/FrameworkSQLiteDatabase
instanceKlass androidx/sqlite/db/SupportSQLiteDatabase
instanceKlass org/robolectric/shadows/ShadowCamera
instanceKlass org/robolectric/shadows/ShadowCamcorderProfile
instanceKlass org/robolectric/shadows/ShadowCallLogCalls
instanceKlass org/robolectric/shadows/ShadowBuild$_VERSION_$$Reflector63
instanceKlass org/robolectric/shadows/ShadowBuild$_VERSION_
instanceKlass org/robolectric/shadows/ShadowBuild$_Build_$$Reflector62
instanceKlass org/robolectric/shadows/ShadowBuild$_Build_
instanceKlass com/google/common/primitives/ImmutableIntArray
instanceKlass org/robolectric/shadows/ShadowBluetoothManager
instanceKlass org/robolectric/shadows/ShadowBluetoothDevice
instanceKlass android/bluetooth/BluetoothActivityEnergyInfo
instanceKlass android/bluetooth/BluetoothAdapter$BluetoothStateChangeCallback
instanceKlass android/os/ParcelUuid
instanceKlass android/bluetooth/BluetoothClass
instanceKlass android/bluetooth/IBluetoothGatt
instanceKlass android/bluetooth/BluetoothServerSocket
instanceKlass org/robolectric/shadows/ShadowBluetoothAdapter$BackgroundRfcommServerEntry
instanceKlass com/google/gson/internal/LinkedTreeMap$Node
instanceKlass android/bluetooth/BluetoothSocket
instanceKlass com/google/gson/internal/LinkedTreeMap$1
instanceKlass org/robolectric/shadows/ShadowLegacySQLiteConnection$Connections$10
instanceKlass android/bluetooth/BluetoothAdapter$LeScanCallback
instanceKlass org/robolectric/shadows/ShadowLegacySQLiteConnection$Connections$9
instanceKlass com/google/gson/internal/bind/TypeAdapters$42
instanceKlass android/bluetooth/IBluetooth
instanceKlass android/bluetooth/IBluetoothManager
instanceKlass android/bluetooth/le/PeriodicAdvertisingManager
instanceKlass com/google/gson/internal/bind/TypeAdapters$29
instanceKlass android/bluetooth/le/ScanCallback
instanceKlass android/database/sqlite/SQLiteSession$Transaction
instanceKlass android/bluetooth/IBluetoothManagerCallback
instanceKlass org/robolectric/shadows/ShadowBluetoothAdapter$BluetoothAdapterReflector$$Reflector61
instanceKlass com/google/gson/internal/bind/TypeAdapters$33
instanceKlass android/bluetooth/BluetoothProfile$ServiceListener
instanceKlass android/bluetooth/BluetoothProfile
instanceKlass android/bluetooth/BluetoothDevice
instanceKlass com/google/gson/internal/bind/TypeAdapters$34
instanceKlass android/bluetooth/le/BluetoothLeScanner
instanceKlass android/bluetooth/le/BluetoothLeAdvertiser
instanceKlass org/robolectric/shadows/ShadowLegacySQLiteConnection$Connections$14
instanceKlass org/robolectric/shadows/ShadowBluetoothAdapter$BluetoothAdapterReflector
instanceKlass org/robolectric/shadows/ShadowBluetoothAdapter
instanceKlass org/robolectric/shadows/ShadowLegacySQLiteConnection$Connections$19
instanceKlass org/robolectric/shadows/ShadowBitmapFactory
instanceKlass org/robolectric/shadows/ShadowBatteryManager
instanceKlass com/google/gson/internal/bind/TypeAdapters$32
instanceKlass org/robolectric/shadows/ShadowBackupManager$BackupManagerServiceState
instanceKlass org/robolectric/shadows/ShadowBackupManager
instanceKlass org/robolectric/shadows/ShadowBackgroundThread$_BackgroundThread_$$Reflector60
instanceKlass com/google/gson/internal/bind/TypeAdapters$31
instanceKlass org/robolectric/shadows/ShadowBackgroundThread$_BackgroundThread_
instanceKlass org/robolectric/shadows/ShadowBackgroundThread
instanceKlass com/google/gson/stream/JsonWriter
instanceKlass org/robolectric/shadows/ShadowAutofillManager
instanceKlass org/robolectric/shadows/ShadowAudioTrack
instanceKlass com/google/gson/TypeAdapterFactory
instanceKlass org/robolectric/shadows/ShadowLegacySQLiteConnection$Connections$8
instanceKlass com/google/common/collect/Multimaps
instanceKlass com/google/common/collect/Synchronized$SynchronizedObject
instanceKlass org/robolectric/shadows/ShadowLegacySQLiteConnection$Connections$7
instanceKlass com/google/common/collect/SortedSetMultimap
instanceKlass com/google/common/collect/Synchronized
instanceKlass com/google/common/collect/Tables$1
instanceKlass org/robolectric/shadows/ShadowLegacySQLiteConnection$Connections$6
instanceKlass com/google/common/collect/Table$Cell
instanceKlass com/google/common/collect/RowSortedTable
instanceKlass org/robolectric/shadows/ShadowLegacySQLiteConnection$Connections$5
instanceKlass com/google/common/collect/Tables
instanceKlass android/database/DatabaseUtils$InsertHelper
instanceKlass android/database/DatabaseUtils
instanceKlass com/google/common/collect/HashBasedTable$Factory
instanceKlass org/robolectric/shadows/ShadowLegacySQLiteConnection$Connections$4
instanceKlass com/google/gson/TypeAdapter
instanceKlass com/google/common/collect/AbstractTable
instanceKlass com/google/gson/internal/bind/TypeAdapters
instanceKlass com/google/common/collect/Table
instanceKlass org/robolectric/shadows/ShadowLegacySQLiteConnection$Connections$2
instanceKlass org/robolectric/shadows/ShadowAudioSystem
instanceKlass android/media/AudioRecord
instanceKlass android/media/AudioRouting
instanceKlass org/robolectric/shadows/ShadowAudioRecord$AudioRecordSourceProvider
instanceKlass com/google/gson/JsonElement
instanceKlass org/robolectric/shadows/ShadowAudioRecord$1
instanceKlass com/google/gson/internal/Streams
instanceKlass org/robolectric/shadows/ShadowAudioRecord$AudioRecordSource
instanceKlass android/os/SystemClock
instanceKlass org/robolectric/shadows/ShadowAudioRecord
instanceKlass org/robolectric/shadows/ShadowSystem
instanceKlass com/google/gson/internal/JsonReaderInternalAccess
instanceKlass org/robolectric/shadows/ShadowAudioManager
instanceKlass android/database/sqlite/SQLiteConnection$1
instanceKlass com/google/gson/stream/JsonReader
instanceKlass org/robolectric/shadows/ShadowAudioEffect
instanceKlass org/robolectric/shadows/ShadowAssetManager$_AssetManager28_$$Reflector59
instanceKlass org/robolectric/shadows/ShadowStatFs$Stats
instanceKlass org/robolectric/shadows/ShadowAssetManager$_AssetManager28_
instanceKlass org/robolectric/shadows/ShadowStatFs
instanceKlass com/google/gson/JsonParser
instanceKlass android/os/StatFs
instanceKlass kotlinx/coroutines/IncompleteStateBox
instanceKlass android/view/View
instanceKlass android/view/accessibility/AccessibilityEventSource
instanceKlass android/view/ViewParent
instanceKlass org/robolectric/shadows/ShadowAppWidgetManager
instanceKlass com/google/common/collect/CompactHashMap$Itr
instanceKlass com/google/common/util/concurrent/Uninterruptibles
instanceKlass org/robolectric/shadows/ShadowLegacySQLiteConnection$Connections$1
instanceKlass org/robolectric/shadows/ShadowAppOpsManager
instanceKlass org/robolectric/shadows/ShadowAlarmManager$ScheduledAlarm
instanceKlass org/gradle/internal/io/StreamByteBuffer$StreamByteBufferChunk
instanceKlass org/robolectric/shadows/ShadowAlarmManager
instanceKlass org/gradle/internal/io/StreamByteBuffer
instanceKlass java/time/LocalTime$1
instanceKlass java/time/LocalDate$1
instanceKlass java/time/ZonedDateTime$1
instanceKlass java/util/Formatter$DateTime
instanceKlass okhttp3/Dispatcher$promoteAndExecute$Effects
instanceKlass java/util/ResourceBundle$3
instanceKlass java/util/ResourceBundle$CacheKeyReference
instanceKlass java/util/ResourceBundle$CacheKey
instanceKlass okio/InflaterSource
instanceKlass java/util/logging/Level$RbAccess
instanceKlass java/lang/StackStreamFactory$FrameBuffer
instanceKlass java/lang/StackStreamFactory$1
instanceKlass okio/GzipSource
instanceKlass java/lang/StackStreamFactory
instanceKlass okhttp3/internal/cache/CacheInterceptor$cacheWritingResponse$cacheWritingSource$1
instanceKlass java/util/logging/LogRecord$CallerFinder
instanceKlass java/util/logging/LogManager$CloseOnReset
instanceKlass java/util/logging/StreamHandler$1
instanceKlass java/util/logging/Handler$1
instanceKlass org/robolectric/shadows/ShadowAccountManager$BaseRoboAccountManagerFuture
instanceKlass android/accounts/AccountManagerFuture
instanceKlass jdk/internal/logger/SimpleConsoleLogger$Formatting
instanceKlass org/robolectric/shadows/ShadowAccountManager
instanceKlass java/util/logging/LogRecord
instanceKlass okhttp3/Cache$RealCacheRequest
instanceKlass okhttp3/internal/cache/CacheRequest
instanceKlass org/robolectric/shadows/ShadowAccessibilityNodeInfo
instanceKlass okio/-Base64
instanceKlass org/robolectric/shadows/ShadowAccessibilityManager
instanceKlass okhttp3/internal/cache/DiskLruCache$Editor
instanceKlass com/google/common/io/ByteArrayDataInput
instanceKlass okhttp3/internal/cache/DiskLruCache$Entry
instanceKlass okhttp3/Cache$Entry$Companion
instanceKlass com/google/common/io/ByteArrayDataOutput
instanceKlass okhttp3/Cache$Entry
instanceKlass com/google/common/collect/ListMultimap
instanceKlass com/google/common/truth/SubjectUtils
instanceKlass com/google/common/truth/FailureMetadata$Step
instanceKlass com/google/common/io/ByteStreams
instanceKlass okhttp3/internal/UnreadableResponseBodyKt
instanceKlass com/google/common/truth/ErrorWithFacts
instanceKlass com/google/common/io/Closer$Suppressor
instanceKlass com/google/common/truth/FailureMetadata
instanceKlass okhttp3/internal/http/CallServerInterceptor$intercept$1
instanceKlass com/google/common/truth/Subject
instanceKlass com/google/common/io/Closer
instanceKlass com/google/common/truth/StandardSubjectBuilder
instanceKlass com/google/common/truth/FailureStrategy
instanceKlass com/google/common/io/CharSource
instanceKlass okio/ForwardingSource
instanceKlass com/google/common/truth/Truth
instanceKlass okhttp3/internal/http/HttpHeaders
instanceKlass okhttp3/TrailersSource$Companion$EMPTY$1
instanceKlass com/google/common/hash/PrimitiveSink
instanceKlass io/mockk/Call
instanceKlass com/google/common/base/MoreObjects
instanceKlass okhttp3/TrailersSource$Companion
instanceKlass io/mockk/CapturingMatcher
instanceKlass com/google/common/io/Resources
instanceKlass okhttp3/TrailersSource
instanceKlass io/mockk/TypedMatcher
instanceKlass okhttp3/ResponseBody$Companion
instanceKlass com/google/common/io/TempFileCreator$JavaNioCreator$PermissionSupplier
instanceKlass okhttp3/ResponseBody
instanceKlass com/google/common/io/TempFileCreator$JavaNioCreator$1
instanceKlass okhttp3/Response$Builder
instanceKlass okhttp3/internal/http/StatusLine$Companion
instanceKlass okhttp3/internal/http/StatusLine
instanceKlass com/google/common/io/TempFileCreator
instanceKlass com/google/common/io/Files$2
instanceKlass com/google/common/io/LineProcessor
instanceKlass com/google/common/io/ByteSink
instanceKlass com/google/common/io/ByteSource
instanceKlass com/google/common/graph/SuccessorsFunction
instanceKlass top/mcxiafeng/badger/data/CloudSyncConfig
instanceKlass com/google/common/io/Files
instanceKlass io/mockk/Matcher$DefaultImpls
instanceKlass org/robolectric/shadows/util/SQLiteLibraryLoader$LibraryNameMapper
instanceKlass io/mockk/EqMatcher
instanceKlass io/mockk/AllAnyMatcher
instanceKlass org/robolectric/shadows/util/SQLiteLibraryLoader
instanceKlass android/database/sqlite/SQLiteDebug$PagerStats
instanceKlass io/mockk/CompositeMatcher
instanceKlass android/database/sqlite/SQLiteDebug
instanceKlass android/database/sqlite/SQLiteConnection$Operation
instanceKlass android/database/sqlite/SQLiteConnection$OperationLog
instanceKlass org/robolectric/shadows/ShadowSQLiteConnection$SQLiteConnectionReflector$$Reflector58
instanceKlass io/mockk/impl/recording/SignedMatcher
instanceKlass com/google/common/collect/ImmutableCollection$Builder
instanceKlass io/mockk/ConstantMatcher
instanceKlass io/mockk/Matcher
instanceKlass org/robolectric/shadows/ShadowLegacySQLiteConnection$Connections$StatementOperation
instanceKlass io/mockk/MockKCancellationRegistry$RegistryPerType
instanceKlass org/robolectric/shadows/ShadowSQLiteConnection$SQLiteConnectionReflector
instanceKlass org/robolectric/shadows/ShadowLegacySQLiteConnection$Connections
instanceKlass io/mockk/InternalRef
instanceKlass android/database/sqlite/SQLiteDebug$DbStats
instanceKlass io/mockk/MockKCancellationRegistry
instanceKlass android/database/sqlite/SQLiteStatementInfo
instanceKlass io/mockk/MockKGateway$ClearOptions
instanceKlass android/database/sqlite/SQLiteConnection$PreparedStatement
instanceKlass android/database/sqlite/SQLiteCustomFunction
instanceKlass org/robolectric/shadows/ShadowSQLiteConnection
instanceKlass com/google/common/collect/ObjectArrays
instanceKlass org/robolectric/shadows/SQLiteShadowPicker
instanceKlass okhttp3/internal/http2/Huffman$Node
instanceKlass okhttp3/internal/http2/Huffman
instanceKlass okhttp3/internal/http2/Hpack
instanceKlass android/database/sqlite/SQLiteConnection
instanceKlass okhttp3/internal/http2/Http2Stream$FramingSink
instanceKlass android/database/sqlite/SQLiteConnectionPool$ConnectionWaiter
instanceKlass okhttp3/internal/http2/Http2Stream$FramingSource
instanceKlass okhttp3/internal/http2/Http2Stream$Companion
instanceKlass okhttp3/internal/http2/Http2Stream
instanceKlass io/mockk/MockKAdditionalAnswerScope
instanceKlass okhttp3/internal/http/RequestLine
instanceKlass android/os/CancellationSignal$OnCancelListener
instanceKlass okhttp3/internal/http2/Header$Companion
instanceKlass io/mockk/ConstantAnswer
instanceKlass okhttp3/internal/http/HttpMethod
instanceKlass okhttp3/internal/http2/ErrorCode$Companion
instanceKlass android/database/sqlite/SQLiteConnectionPool
instanceKlass okhttp3/internal/http2/Http2ExchangeCodec$Companion
instanceKlass io/mockk/MockKStubScope
instanceKlass okhttp3/internal/http2/Http2ExchangeCodec
instanceKlass okhttp3/internal/http/ExchangeCodec
instanceKlass android/provider/Settings$NameValueCache
instanceKlass android/provider/Settings$ContentProviderHolder
instanceKlass io/mockk/impl/stub/MockKStub$InvocationAnswer
instanceKlass android/provider/Settings$Global$3
instanceKlass io/mockk/impl/stub/AnswerAnsweringOpportunity
instanceKlass io/mockk/Answer
instanceKlass io/mockk/MockKGateway$AnswerOpportunity
instanceKlass android/provider/SettingsValidators$InclusiveIntegerRangeValidator
instanceKlass okhttp3/internal/http2/Hpack$Reader
instanceKlass android/provider/Settings$Global$2
instanceKlass android/provider/Settings$Global$1
instanceKlass okhttp3/internal/http2/Http2Reader$ContinuationSource
instanceKlass android/provider/SettingsValidators$9
instanceKlass android/provider/SettingsValidators$8
instanceKlass okhttp3/internal/http2/Http2Reader$Companion
instanceKlass android/provider/SettingsValidators$7
instanceKlass okhttp3/internal/http2/Http2Reader
instanceKlass android/provider/SettingsValidators$6
instanceKlass okhttp3/internal/http2/Http2Connection$ReaderRunnable
instanceKlass okhttp3/internal/http2/Http2Reader$Handler
instanceKlass okhttp3/internal/http2/Header
instanceKlass io/mockk/impl/platform/CommonRef
instanceKlass io/mockk/impl/Ref
instanceKlass android/provider/SettingsValidators$5
instanceKlass io/mockk/impl/platform/CommonIdentityHashMapOf
instanceKlass okhttp3/internal/http2/Hpack$Writer
instanceKlass io/mockk/impl/recording/PermanentMocker
instanceKlass android/provider/SettingsValidators$4
instanceKlass io/mockk/RecordedCall
instanceKlass okhttp3/internal/http2/Http2Writer$Companion
instanceKlass android/provider/SettingsValidators$3
instanceKlass io/mockk/InvocationMatcher
instanceKlass okhttp3/internal/http2/Http2Writer
instanceKlass okhttp3/internal/http2/flowcontrol/WindowCounter
instanceKlass android/provider/SettingsValidators$2
instanceKlass io/mockk/impl/recording/ChainedCallDetector$Companion
instanceKlass okhttp3/internal/http2/Settings$Companion
instanceKlass io/mockk/impl/recording/ChainedCallDetector
instanceKlass android/provider/SettingsValidators$1
instanceKlass okhttp3/internal/http2/Settings
instanceKlass android/provider/SettingsValidators$DiscreteValueValidator
instanceKlass okhttp3/internal/http2/Http2Connection$Companion
instanceKlass android/provider/SettingsValidators
instanceKlass io/mockk/impl/recording/SignatureMatcherDetector
instanceKlass io/mockk/impl/recording/CallRound
instanceKlass okhttp3/internal/http2/Http2Connection
instanceKlass okhttp3/internal/http2/PushObserver$Companion$PushObserverCancel
instanceKlass okhttp3/internal/http2/PushObserver$Companion
instanceKlass io/mockk/impl/recording/SignedCall
instanceKlass okhttp3/internal/http2/PushObserver
instanceKlass android/net/Uri$AbstractPart
instanceKlass okhttp3/internal/http2/Http2Connection$Builder
instanceKlass android/net/Uri$Builder
instanceKlass okhttp3/internal/http2/FlowControlListener$None
instanceKlass okhttp3/internal/http2/FlowControlListener
instanceKlass android/net/Uri$1
instanceKlass okhttp3/internal/connection/RealConnection$Companion
instanceKlass okhttp3/internal/http2/Http2Connection$Listener$Companion
instanceKlass okio/Utf8
instanceKlass org/robolectric/shadows/ShadowSettings$ShadowGlobal
instanceKlass android/provider/Settings
instanceKlass android/provider/SettingsValidators$Validator
instanceKlass okhttp3/Handshake$Companion
instanceKlass android/provider/Settings$NameValueTable
instanceKlass android/provider/BaseColumns
instanceKlass okhttp3/Handshake
instanceKlass android/database/sqlite/SQLiteCompatibilityWalFlags
instanceKlass android/database/sqlite/SQLiteGlobal
instanceKlass android/database/sqlite/SQLiteDatabaseConfiguration
instanceKlass org/robolectric/shadows/ShadowCloseGuard$CloseGuardReflector$$Reflector57
instanceKlass org/robolectric/shadows/ShadowCloseGuard$CloseGuardReflector
instanceKlass dalvik/system/CloseGuard$1
instanceKlass dalvik/system/CloseGuard$DefaultReporter
instanceKlass dalvik/system/CloseGuard$Tracker
instanceKlass org/robolectric/shadows/ShadowCloseGuard
instanceKlass dalvik/system/CloseGuard
instanceKlass android/database/sqlite/SQLiteSession
instanceKlass android/database/sqlite/SQLiteTransactionListener
instanceKlass android/database/sqlite/SQLiteCursorDriver
instanceKlass android/database/sqlite/SQLiteDatabase$1
instanceKlass androidx/sqlite/util/ProcessLock$Companion
instanceKlass androidx/sqlite/util/ProcessLock
instanceKlass androidx/sqlite/db/framework/FrameworkSQLiteOpenHelper$DBRefHolder
instanceKlass androidx/sqlite/db/framework/FrameworkSQLiteOpenHelper$OpenHelper$Companion
instanceKlass android/database/sqlite/SQLiteDatabase$OpenParams$Builder
instanceKlass org/robolectric/shadows/ShadowSQLiteOpenHelper
instanceKlass androidx/sqlite/driver/SupportSQLiteConnection
instanceKlass androidx/room/coroutines/PassthroughConnection
instanceKlass androidx/room/coroutines/RawConnectionAccessor
instanceKlass androidx/room/Transactor
instanceKlass androidx/room/PooledConnection
instanceKlass androidx/room/coroutines/PassthroughConnectionPool$ConnectionElement$Key
instanceKlass androidx/room/coroutines/PassthroughConnectionPool$ConnectionElement
instanceKlass io/mockk/impl/instantiation/AnyValueGenerator
instanceKlass androidx/arch/core/executor/DefaultTaskExecutor$1
instanceKlass okhttp3/internal/Internal
instanceKlass androidx/room/TransactionElement$Key
instanceKlass okhttp3/internal/connection/RoutePlanner$ConnectResult
instanceKlass androidx/room/TransactionElement
instanceKlass okio/RealBufferedSource
instanceKlass androidx/room/util/DBUtil__DBUtil_androidKt
instanceKlass androidx/room/util/DBUtil
instanceKlass okhttp3/internal/connection/BufferedSocketKt$asBufferedSocket$1
instanceKlass okhttp3/internal/connection/BufferedSocket
instanceKlass io/mockk/Invocation
instanceKlass okio/internal/DefaultSocket$SocketSink
instanceKlass top/mcxiafeng/badger/sync/SyncRepository$Companion
instanceKlass okio/internal/DefaultSocket$SocketSource
instanceKlass okio/internal/DefaultSocket
instanceKlass okio/Socket
instanceKlass androidx/room/EntityDeleteOrUpdateAdapter
instanceKlass okhttp3/internal/connection/BufferedSocketKt
instanceKlass io/mockk/MethodDescription
instanceKlass androidx/room/EntityInsertAdapter
instanceKlass androidx/room/support/AutoClosingRoomOpenHelper
instanceKlass androidx/room/support/PrePackagedCopyOpenHelper
instanceKlass androidx/room/DelegatingOpenHelper
instanceKlass io/mockk/core/ValueClassSupport
instanceKlass kotlinx/coroutines/internal/ConcurrentKt
instanceKlass kotlinx/coroutines/DispatcherExecutor
instanceKlass kotlinx/coroutines/ExecutorsKt
instanceKlass androidx/room/TransactionExecutor
instanceKlass kotlin/reflect/jvm/internal/KMutableProperty0Impl$$Lambda$0
instanceKlass top/mcxiafeng/badger/data/queue/OperationHistoryDao_Impl$Companion
instanceKlass top/mcxiafeng/badger/data/queue/PendingUploadDao_Impl$Companion
instanceKlass top/mcxiafeng/badger/data/cache/dao/SyncCursorDao_Impl$Companion
instanceKlass top/mcxiafeng/badger/data/cache/dao/ContactTagCacheDao_Impl$Companion
instanceKlass top/mcxiafeng/badger/data/cache/dao/UserProfileCacheDao_Impl$Companion
instanceKlass top/mcxiafeng/badger/data/cache/dao/CardCollectionCacheDao_Impl$Companion
instanceKlass top/mcxiafeng/badger/data/cache/dao/TagCacheDao_Impl$Companion
instanceKlass top/mcxiafeng/badger/data/cache/dao/ContactPlatformCacheDao_Impl$Companion
instanceKlass top/mcxiafeng/badger/data/cache/dao/ContactFieldValueCacheDao_Impl$Companion
instanceKlass top/mcxiafeng/badger/data/cache/dao/ContactFieldCacheDao_Impl$Companion
instanceKlass top/mcxiafeng/badger/data/cache/dao/ContactCacheDao_Impl$Companion
instanceKlass top/mcxiafeng/badger/data/ContactPlatformDao_Impl$Companion
instanceKlass top/mcxiafeng/badger/data/ScanResultDao_Impl$Companion
instanceKlass top/mcxiafeng/badger/data/ContactFieldValueDao_Impl$Companion
instanceKlass top/mcxiafeng/badger/data/CustomFieldDao_Impl$Companion
instanceKlass top/mcxiafeng/badger/data/ContactFieldDao_Impl$Companion
instanceKlass androidx/room/InvalidationLiveDataContainer
instanceKlass androidx/room/ObservedTableVersions
instanceKlass androidx/room/ObservedTableStates
instanceKlass androidx/room/TriggerBasedInvalidationTracker$Companion
instanceKlass androidx/room/TriggerBasedInvalidationTracker
instanceKlass androidx/room/InvalidationTracker$Companion
instanceKlass androidx/room/InvalidationTracker
instanceKlass androidx/sqlite/SQLiteConnection
instanceKlass android/view/ViewDebug$CapturedViewProperty
instanceKlass androidx/sqlite/driver/SupportSQLiteDriver
instanceKlass androidx/sqlite/SQLiteDriver
instanceKlass android/view/ViewDebug$HierarchyHandler
instanceKlass android/view/ViewDebug$ViewOperation
instanceKlass android/view/ViewDebug$SoftwareCanvasProvider
instanceKlass android/view/ViewDebug$HardwareCanvasProvider
instanceKlass android/view/ViewDebug$CanvasProvider
instanceKlass androidx/room/coroutines/PassthroughConnectionPool
instanceKlass androidx/room/coroutines/ConnectionPool
instanceKlass android/view/ViewDebug
instanceKlass android/database/sqlite/SQLiteOpenHelper
instanceKlass androidx/sqlite/db/framework/FrameworkSQLiteOpenHelper$Companion
instanceKlass androidx/sqlite/db/framework/FrameworkSQLiteOpenHelper
instanceKlass androidx/sqlite/db/SupportSQLiteOpenHelper
instanceKlass androidx/sqlite/db/SupportSQLiteOpenHelper$Callback$Companion
instanceKlass androidx/sqlite/db/SupportSQLiteOpenHelper$Callback
instanceKlass androidx/sqlite/db/SupportSQLiteOpenHelper$Configuration$Builder
instanceKlass okhttp3/internal/connection/ConnectPlan$WhenMappings
instanceKlass androidx/sqlite/db/SupportSQLiteOpenHelper$Configuration$Companion
instanceKlass androidx/sqlite/db/SupportSQLiteOpenHelper$Configuration
instanceKlass androidx/room/RoomDatabaseKt__RoomDatabase_androidKt
instanceKlass okhttp3/internal/connection/FailedPlan
instanceKlass okhttp3/internal/connection/ConnectPlan$Companion
instanceKlass androidx/room/BaseRoomConnectionManager$Companion
instanceKlass okhttp3/internal/connection/ConnectPlan
instanceKlass okhttp3/internal/connection/RoutePlanner$Plan
instanceKlass androidx/room/BaseRoomConnectionManager
instanceKlass okhttp3/internal/connection/RouteSelector$Selection
instanceKlass androidx/room/RoomOpenDelegate
instanceKlass androidx/room/RoomOpenDelegateMarker
instanceKlass okhttp3/Route
instanceKlass top/mcxiafeng/badger/data/queue/OperationHistoryDao_Impl
instanceKlass top/mcxiafeng/badger/data/queue/PendingUploadDao_Impl
instanceKlass top/mcxiafeng/badger/data/cache/dao/SyncCursorDao_Impl
instanceKlass okhttp3/internal/connection/InetAddressOrderKt
instanceKlass top/mcxiafeng/badger/data/cache/dao/ContactTagCacheDao_Impl
instanceKlass top/mcxiafeng/badger/data/cache/dao/UserProfileCacheDao_Impl
instanceKlass top/mcxiafeng/badger/data/cache/dao/CardCollectionCacheDao_Impl
instanceKlass okhttp3/internal/connection/RouteSelector$Companion
instanceKlass top/mcxiafeng/badger/data/cache/dao/TagCacheDao_Impl
instanceKlass okhttp3/internal/connection/RouteSelector
instanceKlass top/mcxiafeng/badger/data/cache/dao/ContactPlatformCacheDao_Impl
instanceKlass top/mcxiafeng/badger/data/cache/dao/ContactFieldValueCacheDao_Impl
instanceKlass top/mcxiafeng/badger/data/cache/dao/ContactFieldCacheDao_Impl
instanceKlass okhttp3/CacheControl$Builder
instanceKlass top/mcxiafeng/badger/data/cache/dao/ContactCacheDao_Impl
instanceKlass okhttp3/internal/_CacheControlCommonKt
instanceKlass okhttp3/CacheControl$Companion
instanceKlass top/mcxiafeng/badger/data/ContactPlatformDao_Impl
instanceKlass okhttp3/CacheControl
instanceKlass okhttp3/internal/cache/CacheStrategy$Companion
instanceKlass top/mcxiafeng/badger/data/ScanResultDao_Impl
instanceKlass okhttp3/internal/cache/CacheStrategy
instanceKlass android/database/sqlite/SQLiteDatabase$CustomFunction
instanceKlass android/database/sqlite/SQLiteDatabase$OpenParams
instanceKlass android/database/sqlite/SQLiteDatabase$DatabaseOpenFlags
instanceKlass top/mcxiafeng/badger/data/ContactFieldValueDao_Impl
instanceKlass okhttp3/internal/cache/CacheStrategy$Factory
instanceKlass top/mcxiafeng/badger/data/CustomFieldDao_Impl
instanceKlass okio/ForwardingSink
instanceKlass top/mcxiafeng/badger/data/ContactFieldDao_Impl
instanceKlass androidx/room/concurrent/CloseBarrier
instanceKlass okio/RealBufferedSink
instanceKlass androidx/room/util/KClassUtil
instanceKlass okio/Okio__OkioKt
instanceKlass org/robolectric/shadows/ShadowActivityManager$ActivityManagerReflector$$Reflector56
instanceKlass org/robolectric/shadows/ShadowActivityManager$ActivityManagerReflector
instanceKlass okio/OutputStreamSink
instanceKlass android/app/ActivityManager$RunningAppProcessInfo$1
instanceKlass okio/Okio__JvmOkioKt
instanceKlass okio/Okio
instanceKlass okio/FileMetadata
instanceKlass android/util/SparseIntArray
instanceKlass okio/internal/-FileSystem
instanceKlass okhttp3/internal/cache/CacheInterceptorKt
instanceKlass okhttp3/internal/connection/FastFallbackExchangeFinder
instanceKlass okhttp3/Address
instanceKlass androidx/room/DatabaseConfiguration
instanceKlass okhttp3/internal/connection/RealRoutePlanner
instanceKlass okhttp3/internal/connection/RoutePlanner
instanceKlass androidx/sqlite/db/framework/FrameworkSQLiteOpenHelperFactory
instanceKlass androidx/sqlite/db/SupportSQLiteOpenHelper$Factory
instanceKlass okhttp3/internal/http/RealInterceptorChain
instanceKlass androidx/room/RoomDatabaseKt__RoomDatabaseKt
instanceKlass okhttp3/internal/http/CallServerInterceptor
instanceKlass androidx/room/RoomDatabaseKt
instanceKlass okhttp3/internal/connection/ConnectInterceptor
instanceKlass okhttp3/internal/cache/CacheInterceptor$Companion
instanceKlass okhttp3/internal/cache/CacheInterceptor
instanceKlass androidx/arch/core/executor/TaskExecutor
instanceKlass okhttp3/internal/http/BridgeInterceptor
instanceKlass okhttp3/internal/http/RetryAndFollowUpInterceptor$Companion
instanceKlass android/view/autofill/AutofillManager$CompatibilityBridge
instanceKlass android/view/accessibility/AccessibilityManager$AccessibilityPolicy
instanceKlass android/view/autofill/AutofillManager$TrackedViews
instanceKlass okhttp3/internal/http/RetryAndFollowUpInterceptor
instanceKlass android/view/autofill/AutofillManager$AutofillCallback
instanceKlass android/view/autofill/IAutoFillManagerClient
instanceKlass okio/PriorityQueue
instanceKlass top/mcxiafeng/badger/data/AppDatabaseKt
instanceKlass androidx/room/migration/Migration
instanceKlass okio/AsyncTimeout$Companion
instanceKlass androidx/room/RoomDatabase$Callback
instanceKlass androidx/room/RoomDatabase$MigrationContainer
instanceKlass com/google/errorprone/annotations/DoNotMock
instanceKlass okio/Timeout$Companion
instanceKlass okhttp3/internal/connection/Exchange
instanceKlass androidx/room/RoomDatabase$Builder
instanceKlass okhttp3/internal/http2/Http2Connection$Listener
instanceKlass okhttp3/internal/http/ExchangeCodec$Carrier
instanceKlass okhttp3/Connection
instanceKlass androidx/room/Room
instanceKlass okhttp3/internal/connection/ExchangeFinder
instanceKlass top/mcxiafeng/badger/data/AppDatabase$Companion
instanceKlass okio/Timeout
instanceKlass androidx/room/RoomDatabase$Companion
instanceKlass okhttp3/internal/connection/RealCall$Companion
instanceKlass okhttp3/internal/connection/RealCall
instanceKlass okhttp3/Response
instanceKlass okhttp3/Interceptor$Chain
instanceKlass kotlin/sequences/EmptySequence
instanceKlass top/mcxiafeng/badger/network/SyncApi$Companion
instanceKlass top/mcxiafeng/badger/network/SyncApi
instanceKlass top/mcxiafeng/badger/network/PersonApi$Companion
instanceKlass top/mcxiafeng/badger/network/PersonApi
instanceKlass top/mcxiafeng/badger/network/V2DomainApi$Companion
instanceKlass top/mcxiafeng/badger/network/V2DomainApi
instanceKlass top/mcxiafeng/badger/network/BackupApi$Companion
instanceKlass top/mcxiafeng/badger/network/BackupApi
instanceKlass top/mcxiafeng/badger/network/ShortLinkApi
instanceKlass top/mcxiafeng/badger/network/ResolverApi$Companion
instanceKlass top/mcxiafeng/badger/network/ResolverApi
instanceKlass io/mockk/impl/platform/JvmWeakConcurrentMap$StrongKey
instanceKlass top/mcxiafeng/badger/network/AiApi
instanceKlass io/mockk/impl/recording/CallRoundBuilder
instanceKlass top/mcxiafeng/badger/network/AuthApi$Companion
instanceKlass io/mockk/impl/recording/JvmAutoHinter$Companion
instanceKlass top/mcxiafeng/badger/network/AuthApi
instanceKlass okhttp3/MediaType$Companion
instanceKlass okhttp3/MediaType
instanceKlass io/mockk/CapturingSlot$CapturedValue$NotYetCaptured$Companion
instanceKlass top/mcxiafeng/badger/network/ApiCore$Companion
instanceKlass io/mockk/CapturingSlot$CapturedValue$NotYetCaptured
instanceKlass io/mockk/CapturingSlot$CapturedValue
instanceKlass top/mcxiafeng/badger/network/ApiCore
instanceKlass io/mockk/CapturingSlot
instanceKlass io/mockk/impl/recording/states/RecordingState$Companion
instanceKlass android/net/http/X509TrustManagerExtensions
instanceKlass io/mockk/MockKKt
instanceKlass okhttp3/internal/platform/android/AndroidCertificateChainCleaner$Companion
instanceKlass okhttp3/internal/tls/CertificateChainCleaner$Companion
instanceKlass io/mockk/impl/InternalPlatform$weakRef$1
instanceKlass io/mockk/impl/WeakRef
instanceKlass okhttp3/internal/tls/CertificateChainCleaner
instanceKlass android/os/StrictMode$AndroidBlockGuardPolicy
instanceKlass android/os/StrictMode$5
instanceKlass android/content/Context$Subclass0$auxiliary$pWL8aQ5y
instanceKlass android/content/Context$Subclass0$auxiliary$U9YdIdWg
instanceKlass android/content/Context$Subclass0$auxiliary$UOkNbNG8
instanceKlass android/content/Context$Subclass0$auxiliary$LfE6NMKu
instanceKlass android/content/Context$Subclass0$auxiliary$WcWF100h
instanceKlass android/content/Context$Subclass0$auxiliary$Fk8KDRwt
instanceKlass android/content/Context$Subclass0$auxiliary$TzCJge0n
instanceKlass android/content/Context$Subclass0$auxiliary$tE4XVqhP
instanceKlass android/content/Context$Subclass0$auxiliary$JcwIadJE
instanceKlass android/content/Context$Subclass0$auxiliary$AtTlkc6m
instanceKlass android/content/Context$Subclass0$auxiliary$DxhEKBVX
instanceKlass android/content/Context$Subclass0$auxiliary$0Mlv3DwW
instanceKlass android/content/Context$Subclass0$auxiliary$kfZOCvJA
instanceKlass android/content/Context$Subclass0$auxiliary$VONO6Jry
instanceKlass android/content/Context$Subclass0$auxiliary$26T9aoxd
instanceKlass android/content/Context$Subclass0$auxiliary$EYhyutaS
instanceKlass android/content/Context$Subclass0$auxiliary$VhxPORm8
instanceKlass android/content/Context$Subclass0$auxiliary$ztlAeDIx
instanceKlass android/content/Context$Subclass0$auxiliary$C5qLptO9
instanceKlass android/content/Context$Subclass0$auxiliary$0aG8MwwU
instanceKlass android/content/Context$Subclass0$auxiliary$qipNs37c
instanceKlass android/content/Context$Subclass0$auxiliary$d55QN05p
instanceKlass android/content/Context$Subclass0$auxiliary$RRF2GNUf
instanceKlass android/content/Context$Subclass0$auxiliary$kstfUDVV
instanceKlass android/content/Context$Subclass0$auxiliary$mhGnDHK6
instanceKlass android/content/Context$Subclass0$auxiliary$WD9f15eh
instanceKlass android/content/Context$Subclass0$auxiliary$AtJ5kG6C
instanceKlass android/content/Context$Subclass0$auxiliary$gmRGKpMs
instanceKlass android/content/Context$Subclass0$auxiliary$G56ZhYPm
instanceKlass android/content/Context$Subclass0$auxiliary$ZVGVUs7O
instanceKlass android/content/Context$Subclass0$auxiliary$QgB0wNeb
instanceKlass android/content/Context$Subclass0$auxiliary$BA3RaO8O
instanceKlass android/content/Context$Subclass0$auxiliary$tGIzqY1e
instanceKlass android/content/Context$Subclass0$auxiliary$S6GP4une
instanceKlass android/content/Context$Subclass0$auxiliary$gJpaTi34
instanceKlass android/content/Context$Subclass0$auxiliary$2ekLUb7o
instanceKlass android/content/Context$Subclass0$auxiliary$pWQhTrHC
instanceKlass android/content/Context$Subclass0$auxiliary$svtDsNdm
instanceKlass android/content/Context$Subclass0$auxiliary$2VwiHpEU
instanceKlass android/content/Context$Subclass0$auxiliary$xraoqNmp
instanceKlass android/content/Context$Subclass0$auxiliary$pFUCfYyC
instanceKlass org/robolectric/shadows/ShadowStrictModeVmPolicy$_StrictMode_$$Reflector55
instanceKlass org/robolectric/shadows/ShadowStrictModeVmPolicy$_StrictMode_
instanceKlass org/robolectric/shadows/ShadowStrictModeVmPolicy
instanceKlass android/os/StrictMode$OnVmViolationListener
instanceKlass android/os/StrictMode$VmPolicy
instanceKlass android/os/StrictMode$ThreadPolicy
instanceKlass android/os/StrictMode$ViolationLogger
instanceKlass android/os/StrictMode$ViolationInfo
instanceKlass dalvik/system/CloseGuard$Reporter
instanceKlass android/os/StrictMode$Span
instanceKlass android/os/StrictMode
instanceKlass android/content/Context$FileMode
instanceKlass android/content/Context$PreferencesMode
instanceKlass android/content/Context$DatabaseMode
instanceKlass android/content/Context$BindServiceFlags
instanceKlass android/content/Context$RegisterReceiverFlags
instanceKlass android/content/Context$ServiceName
instanceKlass android/content/Context$CreatePackageOptions
instanceKlass okhttp3/internal/platform/android/BouncyCastleSocketAdapter$Companion$factory$1
instanceKlass okhttp3/internal/platform/android/BouncyCastleSocketAdapter$Companion
instanceKlass okhttp3/internal/platform/android/BouncyCastleSocketAdapter
instanceKlass okhttp3/internal/platform/android/ConscryptSocketAdapter$Companion$factory$1
instanceKlass android/view/ViewDebug$FlagToString
instanceKlass okhttp3/internal/platform/android/ConscryptSocketAdapter$Companion
instanceKlass android/view/ViewDebug$IntToString
instanceKlass okhttp3/internal/platform/android/ConscryptSocketAdapter
instanceKlass android/view/ViewDebug$ExportedProperty
instanceKlass okhttp3/internal/platform/android/DeferredSocketAdapter
instanceKlass javax/net/ssl/HandshakeCompletedListener
instanceKlass java/util/EventListener
instanceKlass com/android/org/conscrypt/PSKKeyManager
instanceKlass com/android/org/conscrypt/AbstractSessionContext
instanceKlass com/android/org/conscrypt/SSLParametersImpl
instanceKlass com/android/org/conscrypt/SSLUtils
instanceKlass android/annotation/SystemApi
instanceKlass com/android/org/conscrypt/SSLParametersImpl$PSKCallbacks
instanceKlass com/android/org/conscrypt/SSLParametersImpl$AliasChooser
instanceKlass com/android/org/conscrypt/NativeCrypto$SSLHandshakeCallbacks
instanceKlass io/mockk/impl/instantiation/JvmMockFactoryHelper$mockHandler$1
instanceKlass com/android/org/conscrypt/PeerInfoProvider
instanceKlass io/mockk/impl/instantiation/JvmMockFactoryHelper
instanceKlass okhttp3/internal/platform/android/StandardAndroidSocketAdapter$Companion
instanceKlass okhttp3/internal/platform/android/AndroidSocketAdapter$Companion$factory$1
instanceKlass okhttp3/internal/platform/android/DeferredSocketAdapter$Factory
instanceKlass okhttp3/internal/platform/android/AndroidSocketAdapter$Companion
instanceKlass io/mockk/impl/recording/CommonCallRecorder$Companion
instanceKlass okhttp3/internal/platform/android/AndroidSocketAdapter
instanceKlass io/mockk/impl/recording/CommonCallRecorder
instanceKlass io/mockk/MockKGateway$CallRecorder
instanceKlass okhttp3/internal/platform/android/SocketAdapter
instanceKlass okhttp3/internal/platform/AndroidPlatform$Companion
instanceKlass okhttp3/internal/platform/Android10Platform$Companion
instanceKlass okhttp3/internal/platform/ContextAwarePlatform
instanceKlass io/mockk/MockKSettings
instanceKlass io/mockk/impl/stub/MockKStub$Companion
instanceKlass okhttp3/internal/http2/Http2
instanceKlass io/mockk/impl/stub/MockKStub
instanceKlass io/mockk/impl/stub/Stub
instanceKlass io/mockk/impl/platform/Disposable
instanceKlass okhttp3/internal/platform/android/AndroidLog
instanceKlass okhttp3/internal/platform/PlatformRegistry
instanceKlass io/mockk/MockKDsl
instanceKlass okhttp3/internal/platform/Platform$Companion
instanceKlass okhttp3/internal/platform/Platform
instanceKlass io/mockk/impl/recording/CommonVerificationAcknowledger
instanceKlass io/mockk/MockKGateway$VerificationAcknowledger
instanceKlass io/mockk/impl/annotations/JvmMockInitializer$Companion
instanceKlass okhttp3/internal/connection/RealConnectionPool$Companion
instanceKlass io/mockk/impl/annotations/JvmMockInitializer
instanceKlass io/mockk/MockKGateway$MockInitializer
instanceKlass okhttp3/internal/connection/RealConnectionPool
instanceKlass okhttp3/internal/connection/ConnectionListener$Companion
instanceKlass io/mockk/MockKGateway$Excluder
instanceKlass okhttp3/internal/connection/ConnectionListener
instanceKlass okhttp3/ConnectionPool
instanceKlass okhttp3/internal/connection/RouteDatabase
instanceKlass io/mockk/MockKGateway$Verifier
instanceKlass io/mockk/impl/recording/AutoHinter
instanceKlass top/mcxiafeng/badger/NetworkModule$baseClient$$inlined$-addInterceptor$1
instanceKlass okhttp3/Interceptor
instanceKlass okhttp3/internal/concurrent/Task
instanceKlass okhttp3/internal/concurrent/TaskQueue
instanceKlass io/mockk/impl/eval/RecordedBlockEvaluator
instanceKlass io/mockk/MockKGateway$Stubber
instanceKlass okhttp3/internal/cache/DiskLruCache$Companion
instanceKlass okhttp3/internal/cache/DiskLruCache
instanceKlass okhttp3/internal/concurrent/TaskRunner$runnable$1
instanceKlass okhttp3/internal/concurrent/TaskRunner$RealBackend
instanceKlass okhttp3/internal/concurrent/TaskRunner$Backend
instanceKlass okhttp3/internal/concurrent/TaskRunner$Companion
instanceKlass okhttp3/internal/concurrent/TaskRunner
instanceKlass okhttp3/internal/concurrent/Lockable
instanceKlass io/mockk/impl/recording/states/CallRecordingState
instanceKlass okio/internal/ResourceFileSystem$Companion
instanceKlass io/mockk/impl/recording/VerificationCallSorter
instanceKlass okio/internal/-ByteString
instanceKlass okio/internal/-Buffer
instanceKlass okio/internal/-Path
instanceKlass io/mockk/impl/recording/ChildHinter
instanceKlass okio/Path$Companion
instanceKlass okio/Path
instanceKlass io/mockk/impl/recording/CallRecorderFactories
instanceKlass okio/FileSystem$Companion
instanceKlass okio/FileSystem
instanceKlass io/mockk/impl/instantiation/CommonMockTypeChecker
instanceKlass io/mockk/MockKGateway$MockTypeChecker
instanceKlass libcore/io/Memory
instanceKlass io/mockk/impl/instantiation/JvmConstructorMockFactory
instanceKlass io/mockk/MockKGateway$ConstructorMockFactory
instanceKlass io/mockk/impl/instantiation/JvmObjectMockFactory$Companion
instanceKlass io/mockk/impl/instantiation/JvmObjectMockFactory
instanceKlass io/mockk/MockKGateway$ObjectMockFactory
instanceKlass io/mockk/impl/instantiation/RefCounterMap
instanceKlass io/mockk/impl/instantiation/JvmStaticMockFactory$Companion
instanceKlass io/mockk/impl/instantiation/JvmStaticMockFactory
instanceKlass io/mockk/MockKGateway$StaticMockFactory
instanceKlass okhttp3/Headers$Companion
instanceKlass io/mockk/impl/stub/CommonClearer
instanceKlass io/mockk/MockKGateway$Clearer
instanceKlass okhttp3/Headers
instanceKlass android/system/OsConstants
instanceKlass io/mockk/impl/log/SafeLogger
instanceKlass okhttp3/internal/_HeadersCommonKt
instanceKlass io/mockk/InternalPlatformDsl$counter$1
instanceKlass io/mockk/InternalCounter
instanceKlass okhttp3/Request
instanceKlass okhttp3/Cache$Companion
instanceKlass io/mockk/InternalPlatformDsl
instanceKlass okhttp3/Cache
instanceKlass okio/_JvmPlatformKt
instanceKlass okhttp3/CertificatePinner$Builder
instanceKlass io/mockk/impl/instantiation/AbstractMockFactory$Companion
instanceKlass okhttp3/CertificatePinner$Companion
instanceKlass okhttp3/internal/idn/Punycode
instanceKlass okhttp3/CertificatePinner
instanceKlass io/mockk/impl/instantiation/AbstractMockFactory
instanceKlass io/mockk/MockKGateway$MockFactory
instanceKlass okhttp3/internal/tls/OkHostnameVerifier
instanceKlass okhttp3/TlsVersion$Companion
instanceKlass okhttp3/internal/_NormalizeJvmKt
instanceKlass io/mockk/impl/stub/StubGatewayAccess
instanceKlass okhttp3/ConnectionSpec$Builder
instanceKlass okhttp3/internal/idn/IdnaMappingTableKt
instanceKlass io/mockk/impl/recording/JvmSignatureValueGenerator
instanceKlass io/mockk/impl/recording/SignatureValueGenerator
instanceKlass okhttp3/internal/idn/IdnaMappingTable
instanceKlass okhttp3/CipherSuite$Companion$ORDER_BY_NAME$1
instanceKlass okhttp3/internal/idn/IdnaMappingTableInstanceKt
instanceKlass okhttp3/CipherSuite$Companion
instanceKlass okhttp3/internal/_HostnamesCommonKt
instanceKlass io/mockk/impl/instantiation/JvmInstantiator$Companion
instanceKlass okhttp3/internal/url/_UrlKt
instanceKlass okhttp3/CipherSuite
instanceKlass okio/Segment$Companion
instanceKlass io/mockk/impl/instantiation/AbstractInstantiator$Companion
instanceKlass okio/Segment
instanceKlass okhttp3/ConnectionSpec$Companion
instanceKlass okio/SegmentPool
instanceKlass io/mockk/impl/instantiation/AbstractInstantiator
instanceKlass okhttp3/ConnectionSpec
instanceKlass okio/Buffer
instanceKlass okio/BufferedSink
instanceKlass okio/Sink
instanceKlass okio/BufferedSource
instanceKlass okio/Source
instanceKlass io/mockk/impl/JvmMultiNotifier
instanceKlass io/mockk/impl/MultiNotifier
instanceKlass okio/-SegmentedByteString
instanceKlass okhttp3/Protocol$Companion
instanceKlass okio/internal/-ByteStringNonJs
instanceKlass io/mockk/impl/platform/JvmWeakConcurrentMap
instanceKlass io/mockk/impl/stub/StubRepository
instanceKlass okhttp3/OkHttpClient$Companion
instanceKlass okio/ByteString$Companion
instanceKlass okhttp3/CookieJar$Companion$NoCookies
instanceKlass okio/ByteString
instanceKlass okhttp3/CookieJar$Companion
instanceKlass okio/Options$Companion
instanceKlass okhttp3/CookieJar
instanceKlass okhttp3/Dns$Companion$DnsSystem
instanceKlass okhttp3/internal/_UtilCommonKt
instanceKlass okhttp3/Dns$Companion
instanceKlass okhttp3/Dns
instanceKlass okhttp3/HttpUrl$Builder
instanceKlass okhttp3/internal/authenticator/JavaNetAuthenticator
instanceKlass okhttp3/HttpUrl$Companion
instanceKlass okhttp3/Authenticator$Companion$AuthenticatorNone
instanceKlass okhttp3/Authenticator$Companion
instanceKlass okhttp3/Authenticator
instanceKlass io/mockk/impl/log/JvmLogging$adaptor$1
instanceKlass okhttp3/Call
instanceKlass okhttp3/HttpUrl
instanceKlass okhttp3/EventListener$Factory
instanceKlass io/mockk/impl/JvmMockKGateway$1
instanceKlass okhttp3/Headers$Builder
instanceKlass okhttp3/internal/Tags
instanceKlass okhttp3/internal/_UtilJvmKt
instanceKlass okhttp3/Request$Builder
instanceKlass io/mockk/impl/InternalPlatform
instanceKlass okhttp3/EventListener$Companion
instanceKlass top/mcxiafeng/badger/utils/HttpUtil
instanceKlass io/mockk/impl/instantiation/CommonInstanceFactoryRegistry
instanceKlass io/mockk/MockKGateway$InstanceFactoryRegistry
instanceKlass okhttp3/EventListener
instanceKlass kotlinx/coroutines/intrinsics/UndispatchedKt
instanceKlass okhttp3/Dispatcher
instanceKlass io/mockk/impl/log/SafeToString
instanceKlass okhttp3/OkHttpClient$Builder
instanceKlass top/mcxiafeng/badger/network/ServerApi$Companion
instanceKlass kotlinx/coroutines/JobKt__JobKt
instanceKlass kotlinx/coroutines/JobKt
instanceKlass io/mockk/impl/log/JULLogger
instanceKlass top/mcxiafeng/badger/data/AuthPrefs
instanceKlass kotlinx/coroutines/selects/SelectInstance
instanceKlass org/koin/android/ext/koin/ModuleExtKt
instanceKlass kotlinx/coroutines/sync/SemaphoreKt
instanceKlass io/mockk/impl/log/Slf4jLogger
instanceKlass io/mockk/impl/log/JvmLogging
instanceKlass kotlinx/coroutines/internal/ConcurrentLinkedListNode
instanceKlass kotlinx/coroutines/NotCompleted
instanceKlass io/mockk/impl/log/Logger$Companion
instanceKlass io/mockk/impl/log/Logger
instanceKlass io/mockk/impl/JvmMockKGateway$Companion
instanceKlass kotlinx/coroutines/sync/SemaphoreAndMutexImpl
instanceKlass kotlinx/coroutines/sync/Mutex
instanceKlass kotlinx/coroutines/sync/MutexKt
instanceKlass top/mcxiafeng/badger/NetworkModule
instanceKlass top/mcxiafeng/badger/data/repository/WorldRegionRepository$Companion
instanceKlass io/mockk/impl/JvmMockKGateway
instanceKlass io/mockk/MockKGateway$Companion
instanceKlass io/mockk/MockKGateway
instanceKlass org/koin/core/parameter/ParametersHolderKt
instanceKlass io/mockk/MockK
instanceKlass org/koin/core/component/KoinScopeComponent
instanceKlass org/koin/core/component/KoinComponent
instanceKlass org/koin/android/scope/AndroidScopeComponent
instanceKlass org/robolectric/TestLifecycleApplication
instanceKlass org/koin/android/ext/android/AndroidKoinScopeExtKt
instanceKlass kotlinx/coroutines/DispatchedTaskKt
instanceKlass kotlinx/coroutines/CompletedExceptionally
instanceKlass kotlinx/coroutines/internal/Removed
instanceKlass kotlinx/coroutines/UndispatchedMarker
instanceKlass kotlinx/coroutines/CoroutineName$Key
instanceKlass kotlinx/coroutines/InactiveNodeList
instanceKlass kotlinx/coroutines/scheduling/WorkQueue
instanceKlass kotlinx/coroutines/AbstractTimeSourceKt
instanceKlass kotlinx/coroutines/internal/LimitedDispatcher$Worker
instanceKlass kotlinx/coroutines/internal/LockFreeTaskQueueCore$Placeholder
instanceKlass kotlinx/coroutines/CompletionStateKt
instanceKlass kotlinx/coroutines/internal/ThreadState
instanceKlass kotlinx/coroutines/internal/ThreadContextKt
instanceKlass kotlinx/coroutines/internal/DispatchedContinuationKt
instanceKlass kotlinx/coroutines/scheduling/Task
instanceKlass kotlinx/coroutines/intrinsics/CancellableKt
instanceKlass kotlinx/coroutines/CoroutineStart$WhenMappings
instanceKlass kotlinx/coroutines/CoroutineId$Key
instanceKlass kotlinx/coroutines/CopyableThreadContextElement
instanceKlass kotlinx/coroutines/CoroutineContextKt
instanceKlass kotlinx/coroutines/BuildersKt__Builders_commonKt
instanceKlass kotlinx/coroutines/BuildersKt
instanceKlass org/koin/core/time/DurationExtKt
instanceKlass org/koin/core/instance/NoClass
instanceKlass org/koin/core/instance/ResolutionContext
instanceKlass androidx/lifecycle/ViewModel
instanceKlass top/mcxiafeng/badger/LegacyTagFixup
instanceKlass top/mcxiafeng/badger/di/KoinModulesKt$useCaseModule$lambda$0$$inlined$singleOf$default$7
instanceKlass top/mcxiafeng/badger/sync/DeviceIdProvider
instanceKlass top/mcxiafeng/badger/di/KoinModulesKt$useCaseModule$lambda$0$$inlined$singleOf$default$6
instanceKlass top/mcxiafeng/badger/sync/SyncRepository
instanceKlass top/mcxiafeng/badger/di/KoinModulesKt$useCaseModule$lambda$0$$inlined$singleOf$default$5
instanceKlass top/mcxiafeng/badger/ai/AiTagGenerator
instanceKlass top/mcxiafeng/badger/di/KoinModulesKt$useCaseModule$lambda$0$$inlined$singleOf$default$4
instanceKlass top/mcxiafeng/badger/data/repository/UserAuthRepository
instanceKlass top/mcxiafeng/badger/di/KoinModulesKt$useCaseModule$lambda$0$$inlined$singleOf$default$3
instanceKlass top/mcxiafeng/badger/data/repository/WorldRegionRepository
instanceKlass top/mcxiafeng/badger/di/KoinModulesKt$useCaseModule$lambda$0$$inlined$singleOf$default$2
instanceKlass top/mcxiafeng/badger/data/repository/ServerUrlHolder
instanceKlass top/mcxiafeng/badger/di/KoinModulesKt$useCaseModule$lambda$0$$inlined$singleOf$default$1
instanceKlass top/mcxiafeng/badger/domain/SelectPlatformUseCase
instanceKlass top/mcxiafeng/badger/di/KoinModulesKt$useCaseModule$lambda$0$$inlined$factoryOf$default$7
instanceKlass top/mcxiafeng/badger/domain/SaveScannedContactUseCase
instanceKlass top/mcxiafeng/badger/di/KoinModulesKt$useCaseModule$lambda$0$$inlined$factoryOf$default$6
instanceKlass top/mcxiafeng/badger/domain/PrepareNfcWriteUseCase
instanceKlass top/mcxiafeng/badger/di/KoinModulesKt$useCaseModule$lambda$0$$inlined$factoryOf$default$5
instanceKlass top/mcxiafeng/badger/domain/ParseQrCodeUseCase
instanceKlass top/mcxiafeng/badger/di/KoinModulesKt$useCaseModule$lambda$0$$inlined$factoryOf$default$4
instanceKlass top/mcxiafeng/badger/domain/MergeContactUseCase
instanceKlass top/mcxiafeng/badger/di/KoinModulesKt$useCaseModule$lambda$0$$inlined$factoryOf$default$3
instanceKlass top/mcxiafeng/badger/domain/FilterContactsUseCase
instanceKlass top/mcxiafeng/badger/di/KoinModulesKt$useCaseModule$lambda$0$$inlined$factoryOf$default$2
instanceKlass top/mcxiafeng/badger/domain/DuplicateDetectionUseCase
instanceKlass top/mcxiafeng/badger/di/KoinModulesKt$useCaseModule$lambda$0$$inlined$factoryOf$default$1
instanceKlass coil3/ImageLoader
instanceKlass okhttp3/OkHttpClient
instanceKlass okhttp3/WebSocket$Factory
instanceKlass okhttp3/Call$Factory
instanceKlass top/mcxiafeng/badger/NetworkModule$TokenHolder
instanceKlass top/mcxiafeng/badger/network/ServerApi
instanceKlass top/mcxiafeng/badger/data/repository/ServerApiFactory
instanceKlass top/mcxiafeng/badger/data/repository/UserProfileTicker
instanceKlass top/mcxiafeng/badger/data/repository/SyncStatusRepositoryImpl
instanceKlass top/mcxiafeng/badger/data/repository/SyncStatusRepository
instanceKlass top/mcxiafeng/badger/di/KoinModulesKt$repositoryModule$lambda$0$$inlined$singleOf$7
instanceKlass top/mcxiafeng/badger/data/repository/OperationHistoryRepositoryImpl
instanceKlass top/mcxiafeng/badger/data/repository/OperationHistoryRepository
instanceKlass top/mcxiafeng/badger/di/KoinModulesKt$repositoryModule$lambda$0$$inlined$singleOf$6
instanceKlass top/mcxiafeng/badger/data/repository/TagRepositoryImpl
instanceKlass top/mcxiafeng/badger/data/repository/TagRepository
instanceKlass top/mcxiafeng/badger/di/KoinModulesKt$repositoryModule$lambda$0$$inlined$singleOf$5
instanceKlass top/mcxiafeng/badger/data/repository/UserProfileRepositoryImpl
instanceKlass top/mcxiafeng/badger/data/repository/UserProfileRepository
instanceKlass top/mcxiafeng/badger/di/KoinModulesKt$repositoryModule$lambda$0$$inlined$singleOf$4
instanceKlass top/mcxiafeng/badger/data/repository/CollectionRepositoryImpl
instanceKlass top/mcxiafeng/badger/data/repository/CollectionRepository
instanceKlass top/mcxiafeng/badger/di/KoinModulesKt$repositoryModule$lambda$0$$inlined$singleOf$3
instanceKlass top/mcxiafeng/badger/data/repository/FieldRepositoryImpl
instanceKlass top/mcxiafeng/badger/data/repository/FieldRepository
instanceKlass top/mcxiafeng/badger/di/KoinModulesKt$repositoryModule$lambda$0$$inlined$singleOf$2
instanceKlass org/koin/core/module/dsl/OptionDSLKt
instanceKlass top/mcxiafeng/badger/data/repository/ContactRepositoryImpl
instanceKlass top/mcxiafeng/badger/data/repository/ContactRepository
instanceKlass top/mcxiafeng/badger/di/KoinModulesKt$repositoryModule$lambda$0$$inlined$singleOf$1
instanceKlass top/mcxiafeng/badger/data/queue/OperationHistoryDao
instanceKlass top/mcxiafeng/badger/data/queue/PendingUploadDao
instanceKlass top/mcxiafeng/badger/data/cache/dao/SyncCursorDao
instanceKlass top/mcxiafeng/badger/data/cache/dao/ContactTagCacheDao
instanceKlass top/mcxiafeng/badger/data/cache/dao/UserProfileCacheDao
instanceKlass top/mcxiafeng/badger/data/cache/dao/CardCollectionCacheDao
instanceKlass top/mcxiafeng/badger/data/cache/dao/TagCacheDao
instanceKlass top/mcxiafeng/badger/data/cache/dao/ContactPlatformCacheDao
instanceKlass top/mcxiafeng/badger/data/cache/dao/ContactFieldValueCacheDao
instanceKlass top/mcxiafeng/badger/data/cache/dao/ContactFieldCacheDao
instanceKlass top/mcxiafeng/badger/data/cache/dao/ContactCacheDao
instanceKlass top/mcxiafeng/badger/data/ContactPlatformDao
instanceKlass top/mcxiafeng/badger/data/ScanResultDao
instanceKlass top/mcxiafeng/badger/data/CustomFieldDao
instanceKlass top/mcxiafeng/badger/data/ContactFieldValueDao
instanceKlass top/mcxiafeng/badger/data/ContactFieldDao
instanceKlass androidx/room/RoomDatabase
instanceKlass top/mcxiafeng/badger/di/KoinModulesKt
instanceKlass org/koin/core/module/ModuleKt
instanceKlass org/koin/dsl/DefinitionBindingKt
instanceKlass org/koin/core/definition/KoinDefinition
instanceKlass org/koin/ext/KClassExtKt
instanceKlass org/koin/core/instance/InstanceFactory$Companion
instanceKlass org/koin/core/instance/InstanceFactory
instanceKlass org/koin/core/definition/Callbacks
instanceKlass org/koin/core/definition/BeanDefinition
instanceKlass org/koin/mp/KoinPlatformToolsKt
instanceKlass org/koin/dsl/ModuleDSLKt
instanceKlass org/koin/android/ext/koin/KoinExtKt
instanceKlass org/koin/core/logger/Logger
instanceKlass org/koin/core/extension/ExtensionManager
instanceKlass org/koin/core/registry/PropertyRegistry
instanceKlass org/koin/core/registry/InstanceRegistry
instanceKlass org/koin/core/qualifier/StringQualifier
instanceKlass org/koin/core/qualifier/Qualifier
instanceKlass org/koin/core/qualifier/QualifierKt
instanceKlass org/koin/core/registry/ScopeRegistry$Companion
instanceKlass org/koin/core/registry/ScopeRegistry
instanceKlass org/koin/core/Koin
instanceKlass org/koin/core/KoinApplication$Companion
instanceKlass org/koin/mp/KoinPlatformTools
instanceKlass org/koin/core/context/DefaultContextExtKt
instanceKlass org/koin/core/context/GlobalContext
instanceKlass org/koin/core/context/KoinContext
instanceKlass kotlinx/coroutines/flow/internal/NullSurrogateKt
instanceKlass android/system/StructTimespec
instanceKlass org/robolectric/shadows/ShadowOsConstants
instanceKlass com/android/internal/util/ExponentiallyBucketedHistogram
instanceKlass android/content/SharedPreferences$OnSharedPreferenceChangeListener
instanceKlass android/app/SharedPreferencesImpl$MemoryCommitResult
instanceKlass android/content/SharedPreferences$Editor
instanceKlass android/app/SharedPreferencesImpl
instanceKlass dalvik/system/BlockGuard$1
instanceKlass dalvik/system/BlockGuard$Policy
instanceKlass dalvik/system/BlockGuard
instanceKlass org/robolectric/shadows/ShadowBlockGuardOs
instanceKlass libcore/io/ForwardingOs
instanceKlass android/system/StructStat
instanceKlass org/robolectric/shadows/ShadowLinux
instanceKlass libcore/io/Linux
instanceKlass libcore/io/Os
instanceKlass libcore/io/Libcore
instanceKlass org/robolectric/shadows/ShadowOs
instanceKlass android/system/Os
instanceKlass kotlinx/coroutines/flow/ReadonlyStateFlow
instanceKlass kotlinx/coroutines/flow/FlowKt__ShareKt
instanceKlass kotlinx/coroutines/flow/FlowKt
instanceKlass kotlinx/coroutines/flow/internal/AbstractSharedFlow
instanceKlass kotlinx/coroutines/flow/internal/FusibleFlow
instanceKlass kotlinx/coroutines/flow/CancellableFlow
instanceKlass kotlinx/coroutines/flow/MutableStateFlow
instanceKlass kotlinx/coroutines/flow/MutableSharedFlow
instanceKlass kotlinx/coroutines/flow/FlowCollector
instanceKlass kotlinx/coroutines/flow/StateFlow
instanceKlass kotlinx/coroutines/flow/SharedFlow
instanceKlass kotlinx/coroutines/flow/Flow
instanceKlass kotlinx/coroutines/flow/StateFlowKt
instanceKlass top/mcxiafeng/badger/ui/navigation/NavBarConfig
instanceKlass androidx/profileinstaller/ProfileInstaller$DiagnosticsCallback
instanceKlass androidx/work/WorkRequest
instanceKlass androidx/core/app/CoreComponentFactory$CompatWrapped
instanceKlass org/robolectric/shadows/ShadowBroadcastReceiver
instanceKlass androidx/work/Logger
instanceKlass android/provider/FontsContract$1
instanceKlass android/provider/FontsContract$FontFamilyResult
instanceKlass android/provider/FontsContract$FontInfo
instanceKlass android/provider/FontsContract$FontRequestCallback
instanceKlass android/provider/FontRequest
instanceKlass org/robolectric/shadows/ShadowFontsContract
instanceKlass android/provider/FontsContract
instanceKlass android/content/pm/PackageStats$1
instanceKlass android/content/pm/SELinuxUtil
instanceKlass android/content/pm/FallbackCategoryProvider
instanceKlass org/robolectric/shadows/ShadowEnvironment$ShadowUserEnvironment
instanceKlass android/os/Environment$UserEnvironment
instanceKlass org/robolectric/shadows/ShadowEnvironment
instanceKlass android/os/Environment
instanceKlass org/robolectric/shadows/ShadowPackageParser$_PackageParser_$$Reflector54
instanceKlass org/robolectric/shadows/ShadowPackageParser$_PackageParser_
instanceKlass android/content/pm/SigningInfo
instanceKlass org/robolectric/shadows/ShadowPackageManager$PackageSetting
instanceKlass android/content/pm/PermissionGroupInfo$1
instanceKlass com/google/common/collect/Platform
instanceKlass com/google/common/collect/Multiset
instanceKlass com/google/common/collect/AbstractMultimap
instanceKlass com/google/common/collect/SetMultimap
instanceKlass org/robolectric/shadows/ShadowPackageManager$IntentComparator
instanceKlass org/robolectric/shadows/SystemFeatureListInitializer
instanceKlass android/content/pm/PackageCleanItem$1
instanceKlass android/content/pm/KeySet$1
instanceKlass android/os/PersistableBundle$1
instanceKlass com/android/internal/util/XmlUtils$ReadMapCallback
instanceKlass android/content/pm/VersionedPackage$1
instanceKlass android/content/IntentSender$1
instanceKlass android/content/IntentSender$OnFinished
instanceKlass android/content/IIntentSender
instanceKlass android/content/pm/PackageCleanItem
instanceKlass android/content/pm/IPackageInstaller
instanceKlass android/content/pm/IPackageDeleteObserver2
instanceKlass android/content/pm/dex/IArtManager
instanceKlass org/robolectric/shadows/ShadowActivityThread$1
instanceKlass android/app/ResourcesManager$ApkKey
instanceKlass android/content/res/AssetManager$Builder
instanceKlass android/content/pm/split/SplitDependencyLoader
instanceKlass org/robolectric/shadows/ShadowLoadedApk$_LoadedApk_$$Reflector53
instanceKlass org/robolectric/shadows/ShadowLoadedApk$_LoadedApk_
instanceKlass org/robolectric/shadows/ShadowActivityThread$_AppBindData_$$Reflector52
instanceKlass org/robolectric/shadows/ShadowActivityThread$_AppBindData_
instanceKlass kotlinx/coroutines/internal/ContextScope
instanceKlass kotlinx/coroutines/CoroutineScope
instanceKlass kotlinx/coroutines/CoroutineScopeKt
instanceKlass kotlinx/coroutines/Job$Key
instanceKlass kotlinx/coroutines/Job$DefaultImpls
instanceKlass kotlinx/coroutines/DefaultExecutorKt
instanceKlass kotlinx/coroutines/Delay
instanceKlass kotlinx/coroutines/internal/LimitedDispatcherKt
instanceKlass kotlinx/coroutines/internal/LockFreeTaskQueueCore$Companion
instanceKlass kotlinx/coroutines/internal/LockFreeTaskQueueCore
instanceKlass kotlinx/coroutines/internal/ResizableAtomicArray
instanceKlass kotlinx/coroutines/internal/LockFreeTaskQueue
instanceKlass kotlinx/coroutines/scheduling/CoroutineScheduler$Companion
instanceKlass kotlinx/coroutines/scheduling/CoroutineScheduler
instanceKlass kotlinx/coroutines/scheduling/SchedulerTimeSource
instanceKlass kotlinx/coroutines/scheduling/TasksKt
instanceKlass kotlinx/coroutines/Dispatchers
instanceKlass kotlinx/coroutines/internal/LockFreeLinkedListNode
instanceKlass kotlinx/coroutines/NonDisposableHandle
instanceKlass kotlinx/coroutines/ChildHandle
instanceKlass kotlinx/coroutines/DisposableHandle
instanceKlass kotlinx/coroutines/internal/SystemPropsKt__SystemProps_commonKt
instanceKlass kotlinx/coroutines/internal/SystemPropsKt__SystemPropsKt
instanceKlass kotlinx/coroutines/internal/SystemPropsKt
instanceKlass kotlinx/coroutines/ThreadContextElement
instanceKlass kotlinx/coroutines/DebugKt
instanceKlass kotlinx/coroutines/Empty
instanceKlass kotlinx/coroutines/Incomplete
instanceKlass kotlinx/coroutines/internal/Symbol
instanceKlass kotlinx/coroutines/JobSupportKt
instanceKlass kotlinx/coroutines/JobSupport
instanceKlass kotlinx/coroutines/ParentJob
instanceKlass kotlinx/coroutines/ChildJob
instanceKlass kotlinx/coroutines/CompletableJob
instanceKlass kotlinx/coroutines/Job
instanceKlass kotlinx/coroutines/SupervisorKt
instanceKlass android/content/pm/IPackageStatsObserver
instanceKlass android/app/ApplicationPackageManager$ResourceName
instanceKlass android/content/pm/PackageInstaller
instanceKlass android/content/pm/PackageManager$MoveCallback
instanceKlass android/content/pm/PackageManager$OnPermissionsChangedListener
instanceKlass android/content/pm/dex/ArtManager
instanceKlass android/content/pm/ChangedPackages
instanceKlass android/content/pm/KeySet
instanceKlass android/content/pm/PackageManager$DexModuleRegisterCallback
instanceKlass android/content/pm/VersionedPackage
instanceKlass android/content/pm/PackageStats
instanceKlass android/content/pm/VerifierDeviceIdentity
instanceKlass android/content/pm/IPackageDeleteObserver
instanceKlass android/content/pm/ResolveInfo
instanceKlass com/google/common/collect/Multimap
instanceKlass org/robolectric/shadows/ShadowPackageManager
instanceKlass android/content/pm/IOnPermissionsChangeListener
instanceKlass android/graphics/drawable/Drawable$Callback
instanceKlass android/content/pm/IDexModuleRegisterCallback
instanceKlass android/os/PerformanceCollector
instanceKlass top/mcxiafeng/badger/BadgerApplication$Companion
instanceKlass coil3/SingletonImageLoader$Factory
instanceKlass org/robolectric/shadows/ClassNameResolver
instanceKlass android/os/ProxyFileDescriptorCallback
instanceKlass android/os/storage/DiskInfo
instanceKlass android/os/storage/VolumeRecord
instanceKlass android/content/pm/IPackageMoveObserver
instanceKlass android/os/storage/OnObbStateChangeListener
instanceKlass android/os/storage/VolumeInfo
instanceKlass android/os/storage/StorageEventListener
instanceKlass android/os/storage/StorageVolume
instanceKlass org/robolectric/shadows/ShadowStorageManager
instanceKlass android/os/IVoldTaskListener
instanceKlass android/os/storage/IStorageEventListener
instanceKlass android/os/storage/IObbActionListener
instanceKlass org/robolectric/shadows/ShadowPackageBackwardCompatibility
instanceKlass android/content/pm/PackageSharedLibraryUpdater
instanceKlass android/content/pm/ServiceInfo$1
instanceKlass android/content/pm/PackageParser$Service$1
instanceKlass android/content/IntentFilter$1
instanceKlass android/content/IntentFilter$AuthorityEntry
instanceKlass android/os/PatternMatcher
instanceKlass com/android/internal/os/RoSystemProperties
instanceKlass android/app/ActivityManager$TaskDescription
instanceKlass android/os/WorkSource
instanceKlass android/app/ActivityManager$OnUidImportanceListener
instanceKlass android/app/PendingIntent
instanceKlass android/app/ActivityManager$RunningAppProcessInfo
instanceKlass android/content/pm/ConfigurationInfo
instanceKlass android/content/pm/IPackageDataObserver
instanceKlass android/app/ActivityManager$MemoryInfo
instanceKlass android/app/IActivityManager
instanceKlass org/robolectric/shadows/ShadowActivityManager
instanceKlass android/app/IUidObserver
instanceKlass android/util/Singleton
instanceKlass android/content/pm/PackageParser$Activity$1
instanceKlass android/content/pm/ProviderInfo$1
instanceKlass android/content/pm/PackageParser$Provider$1
instanceKlass com/android/internal/util/GrowingArrayUtils
instanceKlass android/content/pm/PermissionInfo$1
instanceKlass android/content/pm/PackageParser$Permission$1
instanceKlass android/content/pm/PackageParser$ParsePackageItemArgs
instanceKlass android/util/Slog
instanceKlass android/content/pm/FeatureInfo$1
instanceKlass com/android/internal/util/XmlUtils
instanceKlass android/content/pm/ActivityInfo$1
instanceKlass android/content/pm/PackageInfo$1
instanceKlass org/robolectric/res/android/AttributeResolution9
instanceKlass com/android/internal/R
instanceKlass com/android/internal/R$styleable
instanceKlass android/content/pm/PackageParser$Package$1
instanceKlass android/content/pm/split/DefaultSplitAssetLoader
instanceKlass org/robolectric/shadows/ShadowIoUtils
instanceKlass libcore/io/IoUtils
instanceKlass android/os/FileUtils$ProgressListener
instanceKlass org/robolectric/shadows/ShadowFileUtils
instanceKlass android/os/FileUtils
instanceKlass android/content/pm/PackageParser$SigningDetails$1
instanceKlass org/robolectric/shadows/ShadowXmlBlock$ShadowParser
instanceKlass org/robolectric/shadows/ShadowBaseXmlBlock
instanceKlass android/content/pm/PackageParser$1
instanceKlass android/content/pm/PackageParser$SplitNameComparator
instanceKlass android/content/pm/PackageParser$SplitPermissionInfo
instanceKlass android/content/pm/PackageParser$NewPermissionInfo
instanceKlass android/content/pm/Signature
instanceKlass android/content/pm/PackageParser$PackageLite
instanceKlass android/content/pm/FeatureInfo
instanceKlass android/content/pm/VerifierInfo
instanceKlass android/content/pm/PackageInfo
instanceKlass android/content/pm/PackageParser$Callback
instanceKlass android/content/pm/PackageParser$SigningDetails
instanceKlass android/content/pm/PackageParser$ApkLite
instanceKlass android/content/pm/PackageParser$CachedComponentArgs
instanceKlass android/content/pm/PackageUserState
instanceKlass android/content/pm/PackageParser$Component
instanceKlass android/content/pm/split/SplitAssetLoader
instanceKlass android/content/pm/PackageParser
instanceKlass org/robolectric/shadows/ShadowPackageParser
instanceKlass android/content/pm/PackageParser$Package
instanceKlass android/app/Application$OnProvideAssistDataListener
instanceKlass android/app/Application$ActivityLifecycleCallbacks
instanceKlass org/robolectric/shadows/ShadowResources$ResourcesReflector$$Reflector51
instanceKlass org/robolectric/shadows/ShadowResources$ResourcesReflector
instanceKlass android/view/Display$HdrCapabilities
instanceKlass org/robolectric/shadows/ShadowDisplay$_Display_$$Reflector50
instanceKlass org/robolectric/shadows/ShadowDisplay$_Display_
instanceKlass org/robolectric/android/internal/DisplayConfig
instanceKlass org/robolectric/shadows/ShadowDisplay
instanceKlass android/view/Display$Mode$1
instanceKlass android/view/Display$1
instanceKlass android/view/DisplayInfo$1
instanceKlass android/view/Display$Mode
instanceKlass android/hardware/display/DisplayManagerGlobal$1
instanceKlass org/robolectric/shadows/ShadowDisplayManager
instanceKlass org/robolectric/shadows/ShadowDisplayManagerGlobal$DisplayManagerGlobalReflector$$Reflector49
instanceKlass org/robolectric/shadows/ShadowDisplayManagerGlobal$DisplayManagerGlobalReflector
instanceKlass android/view/Surface$1
instanceKlass android/graphics/GraphicBuffer
instanceKlass android/view/SurfaceControl
instanceKlass android/graphics/Matrix
instanceKlass android/graphics/SurfaceTexture
instanceKlass org/robolectric/shadows/ShadowNativeSurface
instanceKlass org/robolectric/shadows/ShadowSurface
instanceKlass android/graphics/BaseCanvas
instanceKlass android/hardware/display/BrightnessConfiguration$1
instanceKlass android/hardware/display/Curve
instanceKlass android/view/Surface
instanceKlass android/media/projection/IMediaProjection
instanceKlass android/content/pm/BaseParceledListSlice
instanceKlass android/hardware/display/BrightnessConfiguration
instanceKlass org/robolectric/shadows/ShadowDisplayManagerGlobal$DisplayManagerProxyDelegate
instanceKlass android/graphics/Point
instanceKlass android/hardware/display/WifiDisplayStatus
instanceKlass android/view/DisplayInfo
instanceKlass android/hardware/display/IDisplayManager
instanceKlass android/hardware/display/IDisplayManagerCallback
instanceKlass android/hardware/display/IVirtualDisplayCallback
instanceKlass android/hardware/display/DisplayManagerGlobal
instanceKlass android/util/Pair
instanceKlass android/content/Intent$1
instanceKlass android/content/ClipData$Item
instanceKlass android/content/Intent$CommandOptionHandler
instanceKlass android/os/ShellCommand
instanceKlass android/content/ClipData
instanceKlass org/robolectric/shadows/ShadowIntent
instanceKlass android/content/SyncStatusObserver
instanceKlass android/content/SyncInfo
instanceKlass android/content/SyncStatusInfo
instanceKlass android/content/IContentService
instanceKlass android/content/SyncRequest
instanceKlass android/content/ContentResolver$OpenResourceIdResult
instanceKlass org/robolectric/fakes/BaseCursor
instanceKlass android/content/SyncAdapterType
instanceKlass android/database/ContentObserver
instanceKlass android/content/ContentProviderClient
instanceKlass android/content/ContentProviderResult
instanceKlass android/os/CancellationSignal
instanceKlass android/content/ContentValues
instanceKlass org/robolectric/shadows/ShadowContentResolver$Status
instanceKlass android/accounts/Account
instanceKlass org/robolectric/shadows/ShadowContentResolver
instanceKlass android/content/ISyncStatusObserver
instanceKlass android/database/Cursor
instanceKlass android/os/UserHandle$1
instanceKlass android/net/LocalSocketAddress
instanceKlass android/os/ZygoteProcess
instanceKlass android/os/Process$ProcessStartResult
instanceKlass org/robolectric/shadows/ShadowProcess
instanceKlass android/os/Process
instanceKlass android/os/DeviceIdleManager
instanceKlass android/app/slice/SliceManager
instanceKlass android/content/pm/CrossProfileApps
instanceKlass android/app/timezone/RulesManager
instanceKlass android/app/VrManager
instanceKlass android/view/autofill/AutofillManager
instanceKlass android/os/IncidentManager
instanceKlass android/hardware/location/ContextHubManager
instanceKlass android/os/health/SystemHealthManager
instanceKlass android/net/NetworkWatchlistManager
instanceKlass android/content/pm/ShortcutManager
instanceKlass android/media/soundtrigger/SoundTriggerManager
instanceKlass android/os/HardwarePropertiesManager
instanceKlass android/hardware/radio/RadioManager
instanceKlass android/media/midi/MidiManager
instanceKlass android/media/projection/MediaProjectionManager
instanceKlass android/service/oemlock/OemLockManager
instanceKlass android/service/persistentdata/PersistentDataBlockManager
instanceKlass android/app/job/JobScheduler
instanceKlass android/app/usage/NetworkStatsManager
instanceKlass android/app/usage/UsageStatsManager
instanceKlass android/net/NetworkScoreManager
instanceKlass android/media/tv/TvInputManager
instanceKlass android/hardware/fingerprint/FingerprintManager
instanceKlass android/hardware/biometrics/BiometricFingerprintConstants
instanceKlass android/app/trust/TrustManager
instanceKlass android/media/session/MediaSessionManager
instanceKlass android/hardware/ConsumerIrManager
instanceKlass android/companion/CompanionDeviceManager
instanceKlass android/print/PrintManager
instanceKlass android/content/RestrictionsManager
instanceKlass android/content/pm/LauncherApps
instanceKlass android/hardware/camera2/CameraManager
instanceKlass android/app/AppOpsManager
instanceKlass android/os/UserManager
instanceKlass android/view/WindowManager
instanceKlass android/net/EthernetManager
instanceKlass android/net/wifi/rtt/WifiRttManager
instanceKlass android/net/wifi/RttManager
instanceKlass android/net/wifi/WifiScanner
instanceKlass android/net/wifi/aware/WifiAwareManager
instanceKlass android/net/wifi/p2p/WifiP2pManager
instanceKlass android/net/wifi/WifiManager
instanceKlass android/net/lowpan/LowpanManager
instanceKlass android/os/Vibrator
instanceKlass android/hardware/SerialManager
instanceKlass android/hardware/usb/UsbManager
instanceKlass android/app/UiModeManager
instanceKlass android/telephony/euicc/EuiccCardManager
instanceKlass android/telephony/euicc/EuiccManager
instanceKlass android/telecom/TelecomManager
instanceKlass android/telephony/CarrierConfigManager
instanceKlass android/telephony/SubscriptionManager
instanceKlass android/telephony/TelephonyManager
instanceKlass android/os/SystemUpdateManager
instanceKlass android/app/usage/StorageStatsManager
instanceKlass android/os/storage/StorageManager
instanceKlass android/app/StatusBarManager
instanceKlass android/app/StatsManager
instanceKlass android/hardware/SensorManager
instanceKlass android/app/SearchManager
instanceKlass android/content/DialogInterface$OnCancelListener
instanceKlass android/content/DialogInterface$OnDismissListener
instanceKlass android/os/RecoverySystem
instanceKlass android/os/PowerManager
instanceKlass android/net/nsd/NsdManager
instanceKlass android/app/NotificationManager
instanceKlass android/net/NetworkPolicyManager
instanceKlass android/location/LocationManager
instanceKlass android/view/LayoutInflater
instanceKlass android/app/KeyguardManager
instanceKlass android/view/textservice/TextServicesManager
instanceKlass android/view/inputmethod/InputMethodManager
instanceKlass android/hardware/display/DisplayManager
instanceKlass android/hardware/input/InputManager
instanceKlass android/os/DropBoxManager
instanceKlass android/nfc/NfcManager
instanceKlass android/os/BatteryManager
instanceKlass android/app/DownloadManager
instanceKlass android/app/admin/DevicePolicyManager
instanceKlass android/location/CountryDetector
instanceKlass android/net/IpSecManager
instanceKlass android/app/SystemServiceRegistry$StaticApplicationContextServiceFetcher
instanceKlass android/net/ConnectivityManager
instanceKlass android/text/ClipboardManager
instanceKlass android/view/textclassifier/TextClassificationManager
instanceKlass android/app/SystemServiceRegistry$StaticServiceFetcher
instanceKlass android/hardware/hdmi/HdmiControlManager
instanceKlass android/bluetooth/BluetoothManager
instanceKlass android/media/MediaRouter
instanceKlass android/media/AudioManager
instanceKlass android/app/AlarmManager
instanceKlass android/app/ActivityManager
instanceKlass android/accounts/AccountManager
instanceKlass android/view/accessibility/CaptioningManager
instanceKlass android/app/SystemServiceRegistry$CachedServiceFetcher
instanceKlass android/view/accessibility/AccessibilityManager
instanceKlass org/robolectric/shadows/ShadowSystemServiceRegistry
instanceKlass android/app/SystemServiceRegistry$ServiceFetcher
instanceKlass android/app/SystemServiceRegistry
instanceKlass org/robolectric/shadows/ShadowBuild
instanceKlass android/os/Build
instanceKlass android/os/Build$VERSION
instanceKlass org/robolectric/shadows/ShadowTrace
instanceKlass android/os/Trace
instanceKlass android/content/res/ResourcesImpl$ThemeImpl
instanceKlass android/content/res/Resources$ThemeKey
instanceKlass android/icu/text/PluralRules
instanceKlass android/graphics/ImageDecoder$ImageInfo
instanceKlass android/graphics/ImageDecoder
instanceKlass android/content/res/ResourcesImpl$LookupStack
instanceKlass org/robolectric/shadows/ShadowResourcesImpl
instanceKlass android/graphics/ImageDecoder$Source
instanceKlass android/util/Pools
instanceKlass android/util/Pools$SimplePool
instanceKlass android/util/Pools$Pool
instanceKlass android/util/ContainerHelpers
instanceKlass org/robolectric/shadows/ShadowLog$LogItem
instanceKlass android/util/Log$1
instanceKlass android/util/Log$TerribleFailureHandler
instanceKlass android/util/Log
instanceKlass org/robolectric/shadows/ShadowBaseStringBlock
instanceKlass android/text/style/UpdateLayout
instanceKlass android/text/style/UpdateAppearance
instanceKlass android/text/ParcelableSpan
instanceKlass android/text/style/CharacterStyle
instanceKlass android/content/res/StringBlock
instanceKlass org/robolectric/shadows/ShadowArscApkAssets9$_ApkAssets_$$Reflector48
instanceKlass org/robolectric/shadows/ShadowArscApkAssets9$_ApkAssets_
instanceKlass org/robolectric/shadows/ShadowApkAssets
instanceKlass org/robolectric/shadows/ShadowAssetManager$_AssetManager_$$Reflector47
instanceKlass org/robolectric/shadows/ShadowAssetManager$_AssetManager_
instanceKlass com/google/common/collect/Hashing
instanceKlass com/google/common/collect/CollectPreconditions
instanceKlass com/google/common/primitives/IntsMethodsForWeb
instanceKlass com/google/common/math/IntMath
instanceKlass com/google/common/collect/ImmutableMap$Builder
instanceKlass com/google/common/collect/Maps$EntryTransformer
instanceKlass com/google/common/base/Converter
instanceKlass com/google/common/collect/BiMap
instanceKlass com/google/common/collect/ImmutableMap
instanceKlass com/google/common/collect/UnmodifiableIterator
instanceKlass com/google/common/collect/SortedMapDifference
instanceKlass com/google/common/collect/MapDifference
instanceKlass com/google/common/collect/Maps
instanceKlass com/google/common/collect/Lists
instanceKlass com/google/common/collect/Ordering
instanceKlass android/content/res/XmlBlock
instanceKlass android/content/res/XmlBlock$Parser
instanceKlass android/content/res/AssetManager$1
instanceKlass org/robolectric/shadows/ShadowAssetManager
instanceKlass org/robolectric/shadows/ResourceModeShadowPicker
instanceKlass android/content/res/AssetFileDescriptor
instanceKlass android/util/LongSparseArray
instanceKlass android/graphics/drawable/DrawableInflater
instanceKlass android/content/res/ThemedResourceCache
instanceKlass android/graphics/Movie
instanceKlass android/graphics/Typeface
instanceKlass android/util/TypedValue
instanceKlass org/robolectric/shadows/ShadowResources$OnConfigurationChangeListener
instanceKlass org/robolectric/shadows/ShadowResources
instanceKlass android/content/pm/ApplicationInfo$1
instanceKlass android/content/res/XmlResourceParser
instanceKlass android/content/res/CompatibilityInfo$2
instanceKlass android/content/res/CompatibilityInfo$Translator
instanceKlass android/content/IIntentReceiver
instanceKlass org/robolectric/shadows/ShadowLoadedApk
instanceKlass org/robolectric/shadows/ShadowContextImpl
instanceKlass android/app/WallpaperManager
instanceKlass org/robolectric/shadows/ShadowContextImpl$_ContextImpl_$$Reflector46
instanceKlass org/robolectric/shadows/ShadowContextImpl$_ContextImpl_
instanceKlass com/google/common/base/Suppliers$MemoizingSupplier
instanceKlass com/google/common/base/Suppliers$NonSerializableMemoizingSupplier
instanceKlass com/google/common/base/Function
instanceKlass com/google/common/base/Suppliers
instanceKlass androidx/test/runner/intent/IntentMonitorRegistry
instanceKlass androidx/test/runner/lifecycle/ApplicationLifecycleMonitorRegistry
instanceKlass androidx/test/runner/lifecycle/ActivityLifecycleMonitorRegistry
instanceKlass android/os/TestLooperManager
instanceKlass android/app/IAppTask
instanceKlass android/app/Instrumentation$ActivityMonitor
instanceKlass android/app/AppComponentFactory
instanceKlass org/robolectric/shadows/ShadowInstrumentation$_Instrumentation_$$Reflector45
instanceKlass android/app/IUiAutomationConnection
instanceKlass android/app/IInstrumentationWatcher
instanceKlass org/robolectric/shadows/ShadowInstrumentation$_Instrumentation_
instanceKlass android/content/ComponentName$1
instanceKlass android/os/PowerManager$WakeLock
instanceKlass org/robolectric/shadows/ShadowDialog
instanceKlass android/appwidget/AppWidgetManager
instanceKlass android/bluetooth/BluetoothAdapter
instanceKlass org/robolectric/shadows/Provider
instanceKlass android/widget/ListPopupWindow
instanceKlass com/android/internal/view/menu/ShowableListMenu
instanceKlass android/widget/PopupWindow
instanceKlass org/robolectric/shadows/ShadowPopupMenu
instanceKlass org/robolectric/shadows/ShadowContextWrapper
instanceKlass android/app/IServiceConnection
instanceKlass android/content/IntentSender
instanceKlass android/content/res/Resources$Theme
instanceKlass android/content/pm/PackageManager
instanceKlass android/content/ContentResolver
instanceKlass android/content/res/TypedArray
instanceKlass android/util/AttributeSet
instanceKlass android/database/sqlite/SQLiteClosable
instanceKlass android/database/DatabaseErrorHandler
instanceKlass android/database/sqlite/SQLiteDatabase$CursorFactory
instanceKlass android/content/SharedPreferences
instanceKlass android/net/Uri
instanceKlass android/content/res/ComplexColor
instanceKlass android/graphics/drawable/Drawable
instanceKlass android/app/ActivityThread$Profiler
instanceKlass android/util/LruCache
instanceKlass android/app/ResourcesManager$ActivityResources
instanceKlass android/content/res/ApkAssets
instanceKlass android/content/res/AssetManager
instanceKlass android/content/res/ResourcesImpl
instanceKlass android/content/res/ResourcesKey
instanceKlass android/view/Display
instanceKlass android/view/DisplayAdjustments
instanceKlass org/robolectric/shadows/ShadowResourcesManager
instanceKlass android/app/ActivityThread$GcIdler
instanceKlass org/robolectric/shadows/ShadowVMRuntime
instanceKlass dalvik/system/VMRuntime
instanceKlass android/util/ArraySet
instanceKlass com/android/internal/util/ArrayUtils
instanceKlass android/app/servertransaction/ClientTransaction
instanceKlass android/util/IntArray
instanceKlass android/app/servertransaction/TransactionExecutorHelper
instanceKlass com/android/internal/util/Preconditions
instanceKlass android/os/HandlerExecutor
instanceKlass android/app/ActivityThread$1
instanceKlass org/robolectric/shadows/ShadowNativeAllocationRegistry
instanceKlass org/robolectric/shadows/ShadowNoopNativeAllocationRegistry
instanceKlass org/robolectric/shadows/GraphicsShadowPicker
instanceKlass libcore/util/NativeAllocationRegistry
instanceKlass android/os/Binder$NoImagePreloadHolder
instanceKlass com/android/internal/util/FunctionalUtils$ThrowingRunnable
instanceKlass com/android/internal/util/FunctionalUtils$ThrowingSupplier
instanceKlass android/os/TransactionTracker
instanceKlass android/os/ResultReceiver
instanceKlass android/os/ShellCallback
instanceKlass android/os/IBinder$DeathRecipient
instanceKlass org/robolectric/shadows/ShadowBinder
instanceKlass org/robolectric/shadows/ShadowActivityThread$_ActivityThread_$$Reflector44
instanceKlass org/robolectric/shadows/ShadowActivityThread$_ActivityThread_
instanceKlass android/graphics/Bitmap
instanceKlass android/app/ActivityOptions
instanceKlass android/os/Binder
instanceKlass android/os/Debug$MemoryInfo
instanceKlass android/app/Activity$NonConfigurationInstances
instanceKlass android/app/ProfilerInfo
instanceKlass android/util/MergedConfiguration
instanceKlass android/os/ParcelFileDescriptor
instanceKlass android/content/res/Resources
instanceKlass android/app/ActivityThread$RequestAssistContextExtras
instanceKlass android/app/OnActivityPausedListener
instanceKlass android/app/ActivityThread$ProviderClientRecord
instanceKlass android/content/ContentProvider
instanceKlass android/app/ActivityThread$ProviderRefCount
instanceKlass android/app/servertransaction/PendingTransactionActions$StopInfo
instanceKlass android/app/ContentProviderHolder
instanceKlass android/content/IContentProvider
instanceKlass android/app/ActivityThread$DumpHeapData
instanceKlass android/app/ActivityThread$ActivityClientRecord
instanceKlass android/content/pm/IPackageManager
instanceKlass android/app/servertransaction/TransactionExecutor
instanceKlass android/app/servertransaction/PendingTransactionActions
instanceKlass android/app/ActivityThread$UpdateCompatibilityData
instanceKlass android/app/ActivityThread$DumpComponentInfo
instanceKlass android/app/ActivityThread$CreateBackupAgentData
instanceKlass android/app/ActivityThread$ServiceArgsData
instanceKlass android/app/ActivityThread$BindServiceData
instanceKlass android/app/ActivityThread$CreateServiceData
instanceKlass android/app/ActivityThread$AppBindData
instanceKlass com/android/internal/app/IVoiceInteractor
instanceKlass android/app/LoadedApk
instanceKlass android/content/res/CompatibilityInfo
instanceKlass android/app/ResourcesManager
instanceKlass android/content/pm/PackageItemInfo
instanceKlass org/robolectric/shadows/ShadowActivityThread
instanceKlass dalvik/system/BaseDexClassLoader$Reporter
instanceKlass android/app/servertransaction/ClientTransactionItem
instanceKlass android/app/servertransaction/BaseClientRequest
instanceKlass android/app/servertransaction/ObjectPoolItem
instanceKlass android/view/ViewManager
instanceKlass android/view/ViewGroup$LayoutParams
instanceKlass libcore/io/EventLogger$Reporter
instanceKlass libcore/io/DropBox$Reporter
instanceKlass android/content/BroadcastReceiver$PendingResult
instanceKlass android/app/ClientTransactionHandler
instanceKlass androidx/test/internal/runner/intent/IntentMonitorImpl
instanceKlass androidx/test/internal/runner/lifecycle/ApplicationLifecycleMonitorImpl
instanceKlass androidx/test/internal/runner/lifecycle/ActivityLifecycleMonitorImpl
instanceKlass com/google/common/util/concurrent/ListenableFuture
instanceKlass org/robolectric/shadows/ShadowApplication$Wrapper
instanceKlass org/robolectric/shadows/ShadowActivity$IntentForResult
instanceKlass org/robolectric/shadows/ShadowInstrumentation$TargetAndRequestCode
instanceKlass android/app/Instrumentation$ActivityResult
instanceKlass android/app/Fragment
instanceKlass android/content/ComponentName
instanceKlass android/content/IntentFilter
instanceKlass android/content/ServiceConnection
instanceKlass android/content/BroadcastReceiver
instanceKlass android/os/UserHandle
instanceKlass android/app/UiAutomation
instanceKlass org/robolectric/shadows/ShadowInstrumentation$ServiceConnectionDataWrapper
instanceKlass com/google/common/util/concurrent/AsyncFunction
instanceKlass org/robolectric/shadows/ShadowInstrumentation$ServiceCallbackScheduler
instanceKlass org/robolectric/shadows/ShadowInstrumentation
instanceKlass androidx/test/runner/intent/IntentMonitor
instanceKlass androidx/test/runner/lifecycle/ApplicationLifecycleMonitor
instanceKlass androidx/test/runner/lifecycle/ActivityLifecycleMonitor
instanceKlass android/content/Intent
instanceKlass android/view/autofill/AutofillManager$AutofillClient
instanceKlass android/view/Window$WindowControllerCallback
instanceKlass android/view/Window$OnWindowDismissedCallback
instanceKlass android/view/View$OnCreateContextMenuListener
instanceKlass android/view/KeyEvent$Callback
instanceKlass android/view/Window$Callback
instanceKlass android/view/LayoutInflater$Factory2
instanceKlass android/view/LayoutInflater$Factory
instanceKlass android/view/InputEvent
instanceKlass android/app/IApplicationThread
instanceKlass org/robolectric/shadows/ShadowChoreographer
instanceKlass android/os/Handler$Callback
instanceKlass android/os/IMessenger
instanceKlass android/os/IInterface
instanceKlass org/robolectric/shadows/ShadowPausedLooper$HandlerExecutor
instanceKlass org/robolectric/shadows/ShadowSystemClock
instanceKlass org/robolectric/shadows/ShadowPausedMessageQueue$MessageQueueReflector$$Reflector43
instanceKlass org/robolectric/shadows/ShadowPausedMessageQueue$MessageQueueReflector
instanceKlass android/os/MessageQueue$OnFileDescriptorEventListener
instanceKlass android/os/MessageQueue$IdleHandler
instanceKlass com/google/common/base/Predicate
instanceKlass org/robolectric/shadows/ShadowPausedSystemClock$Listener
instanceKlass org/robolectric/shadows/ShadowPausedLooper$LooperReflector$$Reflector42
instanceKlass org/robolectric/shadows/ShadowPausedLooper$LooperReflector
instanceKlass org/robolectric/shadows/ShadowPausedLooper$2
instanceKlass android/os/MessageQueue
instanceKlass android/os/Handler
instanceKlass org/robolectric/shadows/ShadowMessage
instanceKlass android/os/Message
instanceKlass org/robolectric/shadows/ShadowMessageQueue
instanceKlass org/robolectric/shadows/LooperShadowPicker$1
instanceKlass org/robolectric/shadows/LooperShadowPicker
instanceKlass android/os/Looper
instanceKlass org/robolectric/shadows/ShadowPausedLooper$ControlRunnable
instanceKlass org/robolectric/shadows/ShadowView
instanceKlass android/text/format/Time
instanceKlass android/icu/util/MeasureUnit
instanceKlass org/robolectric/shadows/ShadowDateUtils$DateUtilsReflector$$Reflector41
instanceKlass android/text/format/DateUtils
instanceKlass org/robolectric/shadows/ShadowDateUtils$DateUtilsReflector
instanceKlass org/robolectric/shadows/ShadowDateUtils
instanceKlass android/icu/impl/locale/BaseLocale$Key
instanceKlass android/icu/impl/locale/LocaleObjectCache
instanceKlass android/icu/impl/locale/BaseLocale$1
instanceKlass android/icu/util/ULocale$Type
instanceKlass android/icu/util/ULocale$3
instanceKlass android/icu/util/ULocale$JDKLocaleHelper
instanceKlass android/icu/impl/CacheValue$1
instanceKlass android/icu/impl/CacheValue
instanceKlass android/icu/impl/locale/AsciiUtil
instanceKlass android/icu/impl/LocaleIDParser
instanceKlass android/icu/impl/locale/LocaleExtensions
instanceKlass android/icu/impl/locale/BaseLocale
instanceKlass android/icu/impl/CacheBase
instanceKlass android/icu/util/ULocale
instanceKlass android/text/TextUtils$1
instanceKlass android/icu/text/Edits$Iterator
instanceKlass android/text/TextDirectionHeuristic
instanceKlass android/text/TextUtils$EllipsizeCallback
instanceKlass android/util/Printer
instanceKlass android/graphics/Paint
instanceKlass org/robolectric/shadows/ShadowTextUtils
instanceKlass android/text/Spannable
instanceKlass android/text/Spanned
instanceKlass android/text/TextUtils
instanceKlass com/google/common/base/CommonPattern
instanceKlass com/google/common/base/Platform$JdkPatternCompiler
instanceKlass com/google/common/base/PatternCompiler
instanceKlass com/google/common/base/Platform
instanceKlass com/google/common/base/Strings
instanceKlass org/robolectric/android/DeviceConfig
instanceKlass org/robolectric/android/internal/AndroidTestEnvironment$1
instanceKlass org/robolectric/shadows/ShadowLog
instanceKlass org/robolectric/shadows/ShadowLooper
instanceKlass org/robolectric/shadows/ShadowDisplayManagerGlobal
instanceKlass org/robolectric/shadows/ShadowSystemProperties
instanceKlass android/os/SystemProperties
instanceKlass android/os/LocaleList$1
instanceKlass org/robolectric/shadows/ShadowLocaleList
instanceKlass android/graphics/Rect$1
instanceKlass android/app/WindowConfiguration$1
instanceKlass android/graphics/Rect
instanceKlass android/app/WindowConfiguration
instanceKlass org/xmlpull/v1/XmlSerializer
instanceKlass org/xmlpull/v1/XmlPullParser
instanceKlass android/os/LocaleList
instanceKlass android/util/DisplayMetrics
instanceKlass android/content/res/Configuration$1
instanceKlass android/content/res/Configuration
instanceKlass org/robolectric/android/Bootstrap
instanceKlass androidx/test/platform/app/InstrumentationRegistry
instanceKlass android/os/Bundle$1
instanceKlass org/robolectric/interceptors/AndroidInterceptors
instanceKlass libcore/util/EmptyArray
instanceKlass android/util/MapCollections
instanceKlass android/util/proto/ProtoOutputStream
instanceKlass android/util/SizeF
instanceKlass android/os/IBinder
instanceKlass android/util/Size
instanceKlass android/util/SparseArray
instanceKlass android/os/Parcel
instanceKlass android/util/ArrayMap
instanceKlass android/os/Parcelable$Creator
instanceKlass com/android/internal/util/XmlUtils$WriteMapCallback
instanceKlass android/os/BaseBundle
instanceKlass android/os/Parcelable
instanceKlass org/robolectric/config/ConfigurationRegistry
instanceKlass com/google/common/base/Preconditions
instanceKlass org/robolectric/DefaultTestLifecycle
instanceKlass org/koin/core/parameter/ParametersHolder
instanceKlass org/koin/core/scope/Scope
instanceKlass org/koin/core/KoinApplication
instanceKlass org/koin/core/module/Module
instanceKlass io/mockk/MockKMatcherScope
instanceKlass top/mcxiafeng/badger/di/NetworkModuleTest
instanceKlass org/robolectric/shadow/api/Shadow
instanceKlass org/robolectric/internal/bytecode/InvokeDynamicSupport
instanceKlass org/robolectric/internal/bytecode/RobolectricInternals
instanceKlass com/google/common/base/Supplier
instanceKlass org/robolectric/RuntimeEnvironment
instanceKlass android/content/ComponentCallbacks2
instanceKlass android/content/ComponentCallbacks
instanceKlass android/content/Context
instanceKlass android/app/Instrumentation
instanceKlass org/robolectric/Shadows
instanceKlass org/robolectric/android/internal/AndroidTestEnvironment
instanceKlass top/mcxiafeng/badger/di/NetworkModuleTest
instanceKlass top/mcxiafeng/badger/network/ProfileDto$Companion
instanceKlass com/google/gson/internal/LinkedTreeMap$LinkedTreeMapIterator
instanceKlass com/google/gson/internal/ConstructorConstructor$18
instanceKlass com/google/gson/internal/bind/ReflectiveTypeAdapterFactory$FieldsData
instanceKlass com/google/gson/internal/Primitives
instanceKlass com/google/gson/annotations/SerializedName
instanceKlass com/google/gson/annotations/JsonAdapter
instanceKlass com/google/gson/internal/ConstructorConstructor$9
instanceKlass com/google/gson/internal/ReflectionAccessFilterHelper
instanceKlass com/google/gson/internal/reflect/ReflectionHelper$RecordHelper
instanceKlass com/google/gson/internal/reflect/ReflectionHelper
instanceKlass io/mockk/JvmCoroutineCall$Companion
instanceKlass io/mockk/JvmCoroutineCall
instanceKlass io/mockk/CoroutineCall
instanceKlass io/mockk/CoFunctionAnswer$Companion
instanceKlass io/mockk/CoFunctionAnswer
instanceKlass top/mcxiafeng/badger/data/repository/UserProfileRepositoryImpl$Companion
instanceKlass top/mcxiafeng/badger/data/cache/dao/UserProfileCacheDao$Subclass14$auxiliary$fExT2TDj
instanceKlass top/mcxiafeng/badger/data/cache/dao/UserProfileCacheDao$Subclass14$auxiliary$KBaVJvfz
instanceKlass top/mcxiafeng/badger/data/cache/dao/UserProfileCacheDao$Subclass14$auxiliary$vkw6HX5W
instanceKlass top/mcxiafeng/badger/data/cache/dao/UserProfileCacheDao$Subclass14$auxiliary$aJzwbwig
instanceKlass top/mcxiafeng/badger/data/cache/dao/UserProfileCacheDao$Subclass14
instanceKlass top/mcxiafeng/badger/data/cache/entity/UserProfileCacheEntity
instanceKlass top/mcxiafeng/badger/data/repository/UserProfileRepositoryImpl
instanceKlass top/mcxiafeng/badger/data/repository/UserProfileRepository
instanceKlass top/mcxiafeng/badger/data/repository/UserProfileRepositoryImplTest
instanceKlass java/lang/Character$Subset
instanceKlass top/mcxiafeng/badger/data/repository/TagRepositoryImpl$Companion
instanceKlass top/mcxiafeng/badger/data/AppDatabase$Subclass13$auxiliary$M6bMrmzQ
instanceKlass top/mcxiafeng/badger/data/AppDatabase$Subclass13$auxiliary$mxizWAtn
instanceKlass top/mcxiafeng/badger/data/AppDatabase$Subclass13$auxiliary$rlZu9TLK
instanceKlass top/mcxiafeng/badger/data/AppDatabase$Subclass13$auxiliary$tzYhUyPh
instanceKlass top/mcxiafeng/badger/data/AppDatabase$Subclass13$auxiliary$pdfsUzD8
instanceKlass top/mcxiafeng/badger/data/AppDatabase$Subclass13$auxiliary$3ZsnRMkV
instanceKlass top/mcxiafeng/badger/data/AppDatabase$Subclass13$auxiliary$6uz5dPsb
instanceKlass top/mcxiafeng/badger/data/AppDatabase$Subclass13$auxiliary$uCTiKf2P
instanceKlass top/mcxiafeng/badger/data/AppDatabase$Subclass13$auxiliary$0WOi8qdl
instanceKlass top/mcxiafeng/badger/data/AppDatabase$Subclass13$auxiliary$3vJR4VZJ
instanceKlass top/mcxiafeng/badger/data/AppDatabase$Subclass13$auxiliary$1nQuz856
instanceKlass top/mcxiafeng/badger/data/AppDatabase$Subclass13$auxiliary$SrRP8o6W
instanceKlass top/mcxiafeng/badger/data/AppDatabase$Subclass13$auxiliary$Dk7nYqu0
instanceKlass top/mcxiafeng/badger/data/AppDatabase$Subclass13$auxiliary$AWNmhzfP
instanceKlass top/mcxiafeng/badger/data/AppDatabase$Subclass13$auxiliary$TkTrHftR
instanceKlass top/mcxiafeng/badger/data/AppDatabase$Subclass13$auxiliary$hWKSIVFz
instanceKlass top/mcxiafeng/badger/data/AppDatabase$Subclass13$auxiliary$ACqhRw3B
instanceKlass top/mcxiafeng/badger/data/AppDatabase$Subclass13$auxiliary$6NyONsU3
instanceKlass top/mcxiafeng/badger/data/AppDatabase$Subclass13$auxiliary$BtO3dzLr
instanceKlass top/mcxiafeng/badger/data/AppDatabase$Subclass13$auxiliary$0MWO5oAD
instanceKlass top/mcxiafeng/badger/data/AppDatabase$Subclass13$auxiliary$g70tCGT2
instanceKlass top/mcxiafeng/badger/data/AppDatabase$Subclass13$auxiliary$bC7ckfRT
instanceKlass top/mcxiafeng/badger/data/AppDatabase$Subclass13$auxiliary$HERQMgUs
instanceKlass top/mcxiafeng/badger/data/AppDatabase$Subclass13$auxiliary$lCxsKVwY
instanceKlass top/mcxiafeng/badger/data/AppDatabase$Subclass13$auxiliary$iMMZOBaX
instanceKlass top/mcxiafeng/badger/data/AppDatabase$Subclass13$auxiliary$wbeQYyPk
instanceKlass top/mcxiafeng/badger/data/AppDatabase$Subclass13$auxiliary$96REty1j
instanceKlass top/mcxiafeng/badger/data/AppDatabase$Subclass13$auxiliary$wOI7Y5Kp
instanceKlass top/mcxiafeng/badger/data/AppDatabase$Subclass13$auxiliary$GNvHM0YP
instanceKlass top/mcxiafeng/badger/data/AppDatabase$Subclass13$auxiliary$K4UZ7xS4
instanceKlass top/mcxiafeng/badger/data/AppDatabase$Subclass13$auxiliary$4wi3WoGv
instanceKlass top/mcxiafeng/badger/data/AppDatabase$Subclass13$auxiliary$QtErP1pY
instanceKlass androidx/room/RoomDatabase$QueryCallback
instanceKlass androidx/room/RoomDatabase$PrepackagedDatabaseCallback
instanceKlass androidx/room/RoomDatabase$MigrationContainer
instanceKlass androidx/room/RoomDatabase$Builder
instanceKlass androidx/room/Transactor
instanceKlass androidx/room/PooledConnection
instanceKlass kotlin/ReplaceWith
instanceKlass androidx/room/RoomDatabase$Callback
instanceKlass androidx/room/support/AutoCloser
instanceKlass androidx/room/RoomDatabase$Companion
instanceKlass androidx/room/migration/AutoMigrationSpec
instanceKlass androidx/room/migration/Migration
instanceKlass androidx/sqlite/db/SupportSQLiteStatement
instanceKlass androidx/sqlite/db/SupportSQLiteProgram
instanceKlass androidx/room/RoomOpenDelegateMarker
instanceKlass androidx/sqlite/SQLiteDriver
instanceKlass androidx/room/BaseRoomConnectionManager
instanceKlass androidx/sqlite/db/SupportSQLiteOpenHelper
instanceKlass androidx/sqlite/db/SupportSQLiteDatabase
instanceKlass androidx/sqlite/SQLiteConnection
instanceKlass androidx/room/concurrent/CloseBarrier
instanceKlass androidx/room/InvalidationTracker
instanceKlass android/os/CancellationSignal
instanceKlass android/database/Cursor
instanceKlass androidx/sqlite/db/SupportSQLiteQuery
instanceKlass androidx/room/DatabaseConfiguration
instanceKlass top/mcxiafeng/badger/data/CustomFieldDao
instanceKlass top/mcxiafeng/badger/data/ContactPlatformDao
instanceKlass top/mcxiafeng/badger/data/ContactFieldDao
instanceKlass top/mcxiafeng/badger/data/cache/dao/UserProfileCacheDao
instanceKlass top/mcxiafeng/badger/data/ContactFieldValueDao
instanceKlass top/mcxiafeng/badger/data/AppDatabase$Companion
instanceKlass top/mcxiafeng/badger/data/cache/dao/TagCacheDao$Subclass12$auxiliary$vPdMqKUh
instanceKlass top/mcxiafeng/badger/data/cache/dao/TagCacheDao$Subclass12$auxiliary$MKkYAOcd
instanceKlass top/mcxiafeng/badger/data/cache/dao/TagCacheDao$Subclass12$auxiliary$KmkC74v8
instanceKlass top/mcxiafeng/badger/data/cache/dao/TagCacheDao$Subclass12$auxiliary$mF2PZU0m
instanceKlass top/mcxiafeng/badger/data/cache/dao/TagCacheDao$Subclass12
instanceKlass top/mcxiafeng/badger/data/repository/TagRepositoryImpl
instanceKlass top/mcxiafeng/badger/data/repository/TagRepository
instanceKlass top/mcxiafeng/badger/data/repository/TagRepositoryImplTest
instanceKlass top/mcxiafeng/badger/data/repository/SyncStatusRepository$Companion
instanceKlass java/util/stream/MatchOps$BooleanTerminalSink
instanceKlass java/util/stream/MatchOps$MatchOp
instanceKlass java/util/stream/MatchOps
instanceKlass top/mcxiafeng/badger/sync/SyncPullResult$Skipped
instanceKlass top/mcxiafeng/badger/sync/SyncPullResult$Failed
instanceKlass top/mcxiafeng/badger/sync/SyncPullResult$Done
instanceKlass kotlin/reflect/jvm/internal/impl/serialization/deserialization/MemberDeserializer$$Lambda$6
instanceKlass kotlin/reflect/jvm/internal/impl/serialization/deserialization/MemberDeserializer$$Lambda$0
instanceKlass top/mcxiafeng/badger/data/repository/SyncStatusSnapshot
instanceKlass kotlinx/coroutines/Deferred
instanceKlass top/mcxiafeng/badger/data/repository/SyncStatusRepositoryImpl$Companion
instanceKlass net/bytebuddy/utility/visitor/StackAwareMethodVisitor$1
instanceKlass top/mcxiafeng/badger/sync/SyncPullResult
instanceKlass top/mcxiafeng/badger/data/cache/entity/TagCacheEntity
instanceKlass top/mcxiafeng/badger/network/SyncChange
instanceKlass top/mcxiafeng/badger/data/cache/dao/TagCacheDao
instanceKlass top/mcxiafeng/badger/data/cache/dao/SyncCursorDao
instanceKlass top/mcxiafeng/badger/sync/SyncRepository$Companion
instanceKlass top/mcxiafeng/badger/data/queue/PendingUploadDao$Subclass11$auxiliary$WaYWkRjR
instanceKlass top/mcxiafeng/badger/data/queue/PendingUploadDao$Subclass11$auxiliary$v0OoX6tl
instanceKlass top/mcxiafeng/badger/data/queue/PendingUploadDao$Subclass11$auxiliary$5ntqX5Lo
instanceKlass top/mcxiafeng/badger/data/queue/PendingUploadDao$Subclass11$auxiliary$41QrW95u
instanceKlass top/mcxiafeng/badger/data/queue/PendingUploadDao$Subclass11
instanceKlass top/mcxiafeng/badger/data/queue/PendingUploadDao$DefaultImpls
instanceKlass top/mcxiafeng/badger/data/repository/SyncStatusRepositoryImpl
instanceKlass top/mcxiafeng/badger/data/repository/SyncStatusRepository
instanceKlass top/mcxiafeng/badger/sync/SyncRepository
instanceKlass top/mcxiafeng/badger/data/repository/SyncStatusRepositoryImplTest
instanceKlass kotlinx/coroutines/internal/InlineList
instanceKlass kotlinx/coroutines/internal/ConcurrentLinkedListKt
instanceKlass kotlinx/coroutines/channels/SendChannel$DefaultImpls
instanceKlass kotlinx/coroutines/internal/ExceptionsConstructorKt$createConstructor$nullResult$1
instanceKlass top/mcxiafeng/badger/data/repository/OperationHistoryRepositoryImpl$observeHistory$1$WhenMappings
instanceKlass top/mcxiafeng/badger/data/repository/OperationHistoryWithContact
instanceKlass kotlinx/coroutines/flow/internal/CombineKt$combineInternal$2$1$1
instanceKlass kotlinx/coroutines/flow/internal/FlowCoroutineKt
instanceKlass kotlinx/coroutines/flow/internal/CombineKt
instanceKlass kotlinx/coroutines/flow/FlowKt__ZipKt$nullArrayFactory$1
instanceKlass kotlinx/coroutines/flow/FlowKt__ZipKt$combine$$inlined$unsafeFlow$1
instanceKlass kotlinx/coroutines/flow/FlowKt__ZipKt
instanceKlass top/mcxiafeng/badger/data/queue/OperationTypes
instanceKlass top/mcxiafeng/badger/data/repository/OperationHistoryRepositoryImpl$Companion
instanceKlass top/mcxiafeng/badger/data/queue/OperationHistoryDao$Subclass10$auxiliary$XwZfEawe
instanceKlass top/mcxiafeng/badger/data/queue/OperationHistoryDao$Subclass10$auxiliary$5AmL28oL
instanceKlass top/mcxiafeng/badger/data/queue/OperationHistoryDao$Subclass10$auxiliary$mH6UFFgd
instanceKlass top/mcxiafeng/badger/data/queue/OperationHistoryDao$Subclass10$auxiliary$ct7LnGP5
instanceKlass top/mcxiafeng/badger/data/queue/OperationHistoryDao$Subclass10
instanceKlass top/mcxiafeng/badger/data/queue/OperationHistoryDao$DefaultImpls
instanceKlass top/mcxiafeng/badger/data/repository/OperationHistoryRepositoryImpl
instanceKlass top/mcxiafeng/badger/data/repository/OperationHistoryRepository
instanceKlass top/mcxiafeng/badger/data/repository/OperationHistoryRepositoryImplTest
instanceKlass io/mockk/CapturingSlotMatcher
instanceKlass org/koin/core/context/GlobalContext
instanceKlass org/koin/core/context/KoinContext
instanceKlass okhttp3/Headers$Companion
instanceKlass okhttp3/Headers
instanceKlass okhttp3/internal/_HeadersCommonKt
instanceKlass okhttp3/Request
instanceKlass okio/_JvmPlatformKt
instanceKlass okhttp3/internal/idn/Punycode
instanceKlass okhttp3/internal/_NormalizeJvmKt
instanceKlass okhttp3/internal/idn/IdnaMappingTableKt
instanceKlass okhttp3/internal/idn/IdnaMappingTable
instanceKlass okhttp3/internal/idn/IdnaMappingTableInstanceKt
instanceKlass okhttp3/internal/_HostnamesCommonKt
instanceKlass okhttp3/internal/url/_UrlKt
instanceKlass okio/Segment$Companion
instanceKlass okio/Segment
instanceKlass okio/SegmentPool
instanceKlass okio/Buffer
instanceKlass okio/BufferedSink
instanceKlass okio/Sink
instanceKlass okio/BufferedSource
instanceKlass okio/Source
instanceKlass okio/-SegmentedByteString
instanceKlass okio/internal/-ByteStringNonJs
instanceKlass okio/ByteString$Companion
instanceKlass okio/ByteString
instanceKlass okio/Options$Companion
instanceKlass okhttp3/internal/_UtilCommonKt
instanceKlass okhttp3/HttpUrl$Builder
instanceKlass okhttp3/HttpUrl$Companion
instanceKlass okhttp3/HttpUrl
instanceKlass okhttp3/Headers$Builder
instanceKlass okhttp3/internal/Tags
instanceKlass okhttp3/Request$Builder
instanceKlass top/mcxiafeng/badger/utils/HttpUtil
instanceKlass top/mcxiafeng/badger/data/repository/ContactRepositoryImpl$getAllContactsWithFields$$inlined$map$1$2
instanceKlass top/mcxiafeng/badger/data/repository/ContactRepositoryImpl$getAllContactsWithFields$$inlined$map$1
instanceKlass io/mockk/ManyAnswersAnswer
instanceKlass io/mockk/ManyAnswerable
instanceKlass top/mcxiafeng/badger/data/QAuxvImportProgress
instanceKlass kotlin/jvm/internal/Ref$IntRef
instanceKlass top/mcxiafeng/badger/data/ContactWithFields
instanceKlass top/mcxiafeng/badger/data/repository/ContactRepositoryImpl$getContactWithFieldsById$2$invokeSuspend$$inlined$sortedBy$1
instanceKlass top/mcxiafeng/badger/data/ContactFieldDisplay
instanceKlass top/mcxiafeng/badger/data/ContactField
instanceKlass top/mcxiafeng/badger/data/PlatformEntry
instanceKlass com/google/gson/internal/$Gson$Types$WildcardTypeImpl
instanceKlass com/google/gson/internal/$Gson$Preconditions
instanceKlass com/google/gson/internal/$Gson$Types$ParameterizedTypeImpl
instanceKlass com/google/gson/internal/$Gson$Types
instanceKlass com/google/gson/reflect/TypeToken
instanceKlass com/google/gson/internal/bind/ReflectiveTypeAdapterFactory$BoundField
instanceKlass com/google/gson/internal/bind/ReflectiveTypeAdapterFactory
instanceKlass com/google/gson/internal/bind/JsonAdapterAnnotationTypeAdapterFactory$DummyTypeAdapterFactory
instanceKlass com/google/gson/internal/bind/JsonAdapterAnnotationTypeAdapterFactory
instanceKlass com/google/gson/internal/bind/MapTypeAdapterFactory
instanceKlass com/google/gson/internal/bind/CollectionTypeAdapterFactory
instanceKlass com/google/gson/internal/bind/ArrayTypeAdapter$1
instanceKlass com/google/gson/internal/sql/SqlTimestampTypeAdapter$1
instanceKlass com/google/gson/internal/sql/SqlTimeTypeAdapter$1
instanceKlass com/google/gson/internal/sql/SqlDateTypeAdapter$1
instanceKlass com/google/gson/internal/bind/DefaultDateTypeAdapter$DateType
instanceKlass com/google/gson/internal/sql/SqlTypesSupport
instanceKlass com/google/gson/internal/bind/DefaultDateTypeAdapter$1
instanceKlass java/util/concurrent/atomic/AtomicLongArray
instanceKlass com/google/gson/internal/bind/NumberTypeAdapter$1
instanceKlass com/google/gson/internal/bind/ObjectTypeAdapter$1
instanceKlass com/google/gson/internal/ObjectConstructor
instanceKlass com/google/gson/internal/ConstructorConstructor
instanceKlass com/google/gson/internal/Excluder
instanceKlass com/google/gson/FormattingStyle
instanceKlass com/google/gson/ToNumberStrategy
instanceKlass com/google/gson/FieldNamingStrategy
instanceKlass com/google/gson/Gson
instanceKlass top/mcxiafeng/badger/data/repository/ContactMapper
instanceKlass top/mcxiafeng/badger/testutil/TestDataProvider
instanceKlass com/google/common/truth/DoubleSubject$TolerantDoubleComparison
instanceKlass com/google/common/truth/FloatSubject$TolerantFloatComparison
instanceKlass top/mcxiafeng/badger/data/DuplicateCheckResult
instanceKlass kotlinx/coroutines/flow/internal/FlowExceptions_commonKt
instanceKlass kotlinx/coroutines/flow/FlowKt__ReduceKt$first$$inlined$collectWhile$1
instanceKlass kotlinx/coroutines/flow/internal/NullSurrogateKt
instanceKlass kotlinx/coroutines/flow/FlowKt__ReduceKt
instanceKlass kotlin/ranges/LongProgression
instanceKlass kotlinx/coroutines/flow/FlowKt__BuildersKt$flowOf$$inlined$unsafeFlow$2
instanceKlass kotlinx/coroutines/flow/FlowKt__BuildersKt
instanceKlass kotlinx/coroutines/flow/FlowKt
instanceKlass kotlinx/coroutines/flow/Flow$Subclass9$auxiliary$kgRCGP0p
instanceKlass kotlinx/coroutines/flow/Flow$Subclass9$auxiliary$Xbm2i2fA
instanceKlass kotlinx/coroutines/flow/Flow$Subclass9$auxiliary$oIKpDjiH
instanceKlass kotlinx/coroutines/flow/Flow$Subclass9$auxiliary$PgWZClEU
instanceKlass kotlinx/coroutines/flow/Flow$Subclass9
instanceKlass kotlinx/coroutines/flow/FlowCollector
instanceKlass kotlin/io/FileTreeWalk$WalkState
instanceKlass kotlin/io/FileTreeWalk$FileTreeWalkIterator$WhenMappings
instanceKlass kotlin/collections/AbstractIterator
instanceKlass kotlin/io/FileTreeWalk
instanceKlass kotlin/io/FilesKt__FilePathComponentsKt
instanceKlass top/mcxiafeng/badger/R$drawable
instanceKlass top/mcxiafeng/badger/ocr/PlatformFieldDef
instanceKlass top/mcxiafeng/badger/ocr/PlatformFieldsKt
instanceKlass android/icu/text/Transliterator
instanceKlass top/mcxiafeng/badger/utils/PinyinUtils
instanceKlass kotlin/reflect/jvm/internal/impl/descriptors/ConstUtilKt
instanceKlass kotlin/reflect/jvm/internal/impl/descriptors/ConstUtil
instanceKlass kotlin/reflect/jvm/internal/impl/descriptors/impl/PropertyDescriptorImpl$CopyConfiguration
instanceKlass kotlin/reflect/jvm/internal/impl/descriptors/runtime/structure/ReflectClassUtilKt$$Lambda$1
instanceKlass kotlin/reflect/jvm/internal/impl/descriptors/runtime/structure/ReflectClassUtilKt$$Lambda$0
instanceKlass kotlin/reflect/jvm/internal/impl/resolve/constants/IntegerValueTypeConstructor
instanceKlass kotlin/reflect/jvm/internal/impl/types/model/DynamicTypeMarker
instanceKlass kotlin/reflect/jvm/internal/impl/types/NotNullTypeParameter
instanceKlass kotlin/reflect/jvm/internal/impl/types/AbstractTypeChecker
instanceKlass kotlin/reflect/jvm/internal/impl/utils/SmartSet$SingletonIterator
instanceKlass kotlin/reflect/jvm/internal/impl/resolve/OverridingUtil$OverrideCompatibilityInfo
instanceKlass kotlin/reflect/jvm/internal/impl/types/TypeCheckerState
instanceKlass kotlin/reflect/jvm/internal/impl/types/checker/ClassicTypeCheckerStateKt
instanceKlass kotlin/reflect/jvm/internal/impl/resolve/OverridingUtilTypeSystemContext
instanceKlass androidx/compose/ui/graphics/colorspace/Adaptation$Companion
instanceKlass androidx/compose/ui/graphics/colorspace/Adaptation
instanceKlass androidx/compose/ui/graphics/colorspace/Oklab$Companion
instanceKlass androidx/compose/ui/graphics/colorspace/Lab$Companion
instanceKlass androidx/compose/ui/graphics/colorspace/ColorSpaceKt
instanceKlass androidx/compose/ui/graphics/colorspace/ColorModel$Companion
instanceKlass androidx/compose/ui/graphics/colorspace/ColorModel
instanceKlass androidx/compose/ui/graphics/colorspace/WhitePoint
instanceKlass androidx/compose/ui/graphics/colorspace/Illuminant
instanceKlass androidx/compose/ui/graphics/colorspace/DoubleFunction
instanceKlass androidx/compose/ui/graphics/colorspace/Rgb$Companion
instanceKlass androidx/compose/ui/graphics/colorspace/ColorSpace$Companion
instanceKlass androidx/compose/ui/graphics/colorspace/ColorSpace
instanceKlass androidx/compose/ui/graphics/colorspace/TransferParametersKt
instanceKlass androidx/compose/ui/graphics/colorspace/TransferParameters
instanceKlass androidx/compose/ui/graphics/colorspace/ColorSpaces
instanceKlass androidx/compose/ui/graphics/Color$Companion
instanceKlass kotlin/ULong$Companion
instanceKlass kotlin/ULong
instanceKlass androidx/compose/ui/graphics/ColorKt
instanceKlass androidx/compose/ui/graphics/Color
instanceKlass top/mcxiafeng/badger/utils/Methods
instanceKlass kotlinx/coroutines/sync/Semaphore
instanceKlass io/mockk/FunctionAnswer
instanceKlass io/mockk/CaptureMatcher
instanceKlass io/mockk/MockKAnswerScope
instanceKlass kotlin/reflect/jvm/internal/KProperty0Impl$$Lambda$1
instanceKlass kotlin/reflect/jvm/internal/KProperty0Impl$$Lambda$0
instanceKlass kotlin/reflect/jvm/internal/impl/load/java/lazy/descriptors/JavaDescriptorUtilKt
instanceKlass kotlin/reflect/jvm/internal/impl/load/java/lazy/descriptors/LazyJavaStaticClassScope$$Lambda$2
instanceKlass kotlin/reflect/jvm/internal/impl/load/java/lazy/descriptors/LazyJavaScope$$Lambda$11
instanceKlass kotlin/reflect/jvm/internal/impl/load/java/lazy/descriptors/LazyJavaScope$$Lambda$10
instanceKlass kotlin/sequences/SequencesKt___SequencesKt$asIterable$$inlined$Iterable$1
instanceKlass kotlin/reflect/jvm/internal/impl/load/java/lazy/descriptors/LazyJavaStaticClassScope$$Lambda$4
instanceKlass kotlin/reflect/jvm/internal/impl/utils/DFS$VisitedWithSet
instanceKlass kotlin/reflect/jvm/internal/impl/utils/DFS$Visited
instanceKlass kotlin/reflect/jvm/internal/impl/utils/DFS
instanceKlass kotlin/reflect/jvm/internal/impl/utils/DFS$AbstractNodeHandler
instanceKlass kotlin/reflect/jvm/internal/impl/utils/DFS$NodeHandler
instanceKlass kotlin/reflect/jvm/internal/impl/load/java/lazy/descriptors/LazyJavaStaticClassScope$$Lambda$3
instanceKlass kotlin/reflect/jvm/internal/impl/load/java/lazy/descriptors/LazyJavaStaticClassScope$$Lambda$1
instanceKlass kotlin/reflect/jvm/internal/impl/load/java/descriptors/UtilKt
instanceKlass kotlin/reflect/jvm/internal/impl/load/java/lazy/descriptors/LazyJavaStaticClassScope$$Lambda$0
instanceKlass kotlin/reflect/jvm/internal/RuntimeTypeMapperKt$$Lambda$0
instanceKlass kotlin/reflect/jvm/internal/RuntimeTypeMapperKt
instanceKlass kotlin/reflect/jvm/internal/impl/types/KotlinTypeFactory$$Lambda$1
instanceKlass kotlin/reflect/jvm/internal/impl/descriptors/impl/AbstractTypeParameterDescriptor$2$1
instanceKlass kotlin/reflect/jvm/internal/impl/load/java/components/JavaTargetAnnotationDescriptor$$Lambda$0
instanceKlass kotlin/reflect/jvm/internal/impl/load/java/structure/JavaArrayAnnotationArgument
instanceKlass kotlin/reflect/jvm/internal/impl/load/java/components/JavaRetentionAnnotationDescriptor$$Lambda$0
instanceKlass kotlin/reflect/jvm/internal/impl/load/java/structure/JavaEnumValueAnnotationArgument
instanceKlass android/view/ViewDebug$CapturedViewProperty
instanceKlass kotlin/reflect/jvm/internal/impl/load/java/lazy/descriptors/LazyJavaAnnotationDescriptor$$Lambda$2
instanceKlass kotlin/reflect/jvm/internal/impl/load/java/lazy/descriptors/LazyJavaAnnotationDescriptor$$Lambda$1
instanceKlass kotlin/reflect/jvm/internal/impl/load/java/lazy/descriptors/LazyJavaAnnotationDescriptor$$Lambda$0
instanceKlass android/view/ViewDebug
instanceKlass kotlin/sequences/DropSequence$iterator$1
instanceKlass kotlin/sequences/TakeWhileSequence$iterator$1
instanceKlass kotlin/reflect/jvm/internal/impl/descriptors/TypeParameterUtilsKt$$Lambda$2
instanceKlass kotlin/reflect/jvm/internal/impl/descriptors/TypeParameterUtilsKt$$Lambda$1
instanceKlass kotlin/sequences/TakeWhileSequence
instanceKlass kotlin/reflect/jvm/internal/impl/descriptors/TypeParameterUtilsKt$$Lambda$0
instanceKlass kotlin/sequences/DropSequence
instanceKlass kotlin/sequences/DropTakeSequence
instanceKlass kotlin/reflect/jvm/internal/impl/resolve/descriptorUtil/DescriptorUtilsKt$$Lambda$1
instanceKlass kotlin/reflect/jvm/internal/impl/types/TypeWithEnhancement
instanceKlass kotlin/reflect/jvm/internal/impl/types/TypeWithEnhancementKt
instanceKlass kotlin/reflect/jvm/internal/impl/load/java/typeEnhancement/SignatureEnhancement$$Lambda$3
instanceKlass kotlin/reflect/jvm/internal/impl/types/model/TypeSystemContextKt$WhenMappings
instanceKlass kotlin/reflect/jvm/internal/impl/types/model/TypeSystemContextKt
instanceKlass kotlin/reflect/jvm/internal/impl/types/StarProjectionImpl$$Lambda$0
instanceKlass android/database/sqlite/SQLiteDatabase$OpenParams
instanceKlass kotlin/reflect/jvm/internal/impl/load/java/lazy/descriptors/LazyJavaAnnotationDescriptor
instanceKlass kotlin/reflect/jvm/internal/impl/descriptors/annotations/AnnotationDescriptor$DefaultImpls
instanceKlass kotlin/reflect/jvm/internal/impl/resolve/constants/TypedArrayValue$$Lambda$0
instanceKlass kotlin/reflect/jvm/internal/impl/resolve/constants/ConstantValueFactory
instanceKlass kotlin/reflect/jvm/internal/impl/serialization/deserialization/descriptors/DeserializedClassDescriptor$EnumEntryClassDescriptors$$Lambda$1
instanceKlass kotlin/reflect/jvm/internal/impl/serialization/deserialization/descriptors/DeserializedClassDescriptor$EnumEntryClassDescriptors$$Lambda$0
instanceKlass kotlin/reflect/jvm/internal/impl/serialization/deserialization/descriptors/DeserializedClassDescriptor$EnumEntryClassDescriptors
instanceKlass kotlin/reflect/jvm/internal/impl/resolve/scopes/StaticScopeForKotlinEnum$$Lambda$1
instanceKlass kotlin/reflect/jvm/internal/impl/resolve/scopes/StaticScopeForKotlinEnum$$Lambda$0
instanceKlass kotlin/reflect/jvm/internal/impl/load/kotlin/BinaryClassAnnotationAndConstantLoaderImpl$AbstractAnnotationArgumentVisitor$visitArray$1
instanceKlass kotlin/reflect/jvm/internal/impl/load/kotlin/BinaryClassAnnotationAndConstantLoaderImpl$AbstractAnnotationArgumentVisitor
instanceKlass kotlin/reflect/jvm/internal/impl/SpecialJvmAnnotations
instanceKlass kotlin/reflect/jvm/internal/impl/load/kotlin/AbstractBinaryClassAnnotationLoader$loadClassAnnotations$1
instanceKlass kotlin/Deprecated
instanceKlass kotlin/reflect/jvm/internal/impl/load/java/typeEnhancement/NullabilityQualifierWithMigrationStatus
instanceKlass kotlin/reflect/jvm/internal/impl/load/java/JavaDefaultQualifiers
instanceKlass kotlin/reflect/jvm/internal/impl/load/java/JvmAnnotationNamesKt
instanceKlass kotlin/reflect/jvm/internal/impl/load/java/JavaDefaultQualifiersKt
instanceKlass kotlin/reflect/jvm/internal/impl/load/java/components/JavaDeprecatedAnnotationDescriptor$$Lambda$0
instanceKlass kotlin/reflect/jvm/internal/impl/load/java/structure/JavaLiteralAnnotationArgument
instanceKlass kotlin/reflect/jvm/internal/impl/descriptors/runtime/structure/ReflectJavaAnnotationArgument$Factory
instanceKlass kotlin/reflect/jvm/internal/impl/descriptors/runtime/structure/ReflectJavaAnnotationArgument
instanceKlass kotlin/reflect/jvm/internal/impl/load/java/structure/JavaAnnotationArgument
instanceKlass kotlin/reflect/jvm/internal/impl/load/java/components/JavaAnnotationDescriptor$$Lambda$0
instanceKlass kotlin/reflect/jvm/internal/impl/load/java/components/JavaAnnotationDescriptor
instanceKlass kotlin/reflect/jvm/internal/impl/load/java/descriptors/PossiblyExternalAnnotationDescriptor
instanceKlass kotlin/reflect/jvm/internal/impl/load/java/lazy/ContextKt$$Lambda$1
instanceKlass kotlin/reflect/jvm/internal/impl/load/java/structure/JavaAnnotation
instanceKlass java/lang/FunctionalInterface
instanceKlass kotlin/reflect/jvm/internal/impl/types/typeUtil/TypeUtilsKt
instanceKlass kotlin/reflect/jvm/internal/impl/descriptors/annotations/CompositeAnnotations
instanceKlass kotlin/reflect/jvm/internal/impl/builtins/KotlinBuiltIns$Primitives
instanceKlass kotlin/reflect/jvm/internal/impl/load/java/structure/JavaTypesKt
instanceKlass kotlin/reflect/jvm/internal/impl/load/java/structure/JavaWildcardType
instanceKlass kotlin/reflect/jvm/internal/impl/descriptors/annotations/Annotations$DefaultImpls
instanceKlass kotlin/reflect/jvm/internal/impl/load/kotlin/JvmTypeFactoryImpl$WhenMappings
instanceKlass kotlin/reflect/jvm/internal/impl/load/java/typeEnhancement/SignatureEnhancement$$Lambda$1
instanceKlass kotlin/reflect/jvm/internal/impl/load/java/structure/JavaValueParameter
instanceKlass kotlin/reflect/jvm/internal/impl/load/java/typeEnhancement/SignatureEnhancement$$Lambda$4
instanceKlass kotlin/reflect/jvm/internal/impl/load/java/typeEnhancement/EnhancedTypeAnnotations
instanceKlass kotlin/reflect/jvm/internal/impl/load/java/typeEnhancement/TypeEnhancementKt
instanceKlass kotlin/reflect/jvm/internal/impl/load/java/typeEnhancement/SignatureEnhancement$$Lambda$2
instanceKlass kotlin/reflect/jvm/internal/impl/load/java/typeEnhancement/PredefinedEnhancementInfoKt$$Lambda$35
instanceKlass kotlin/reflect/jvm/internal/impl/load/java/typeEnhancement/PredefinedEnhancementInfoKt$$Lambda$34
instanceKlass kotlin/reflect/jvm/internal/impl/load/java/typeEnhancement/PredefinedEnhancementInfoKt$$Lambda$33
instanceKlass kotlin/reflect/jvm/internal/impl/load/java/typeEnhancement/PredefinedEnhancementInfoKt$$Lambda$32
instanceKlass kotlin/reflect/jvm/internal/impl/load/java/typeEnhancement/PredefinedEnhancementInfoKt$$Lambda$31
instanceKlass kotlin/reflect/jvm/internal/impl/load/java/typeEnhancement/PredefinedEnhancementInfoKt$$Lambda$30
instanceKlass kotlin/reflect/jvm/internal/impl/load/java/typeEnhancement/PredefinedEnhancementInfoKt$$Lambda$29
instanceKlass kotlin/reflect/jvm/internal/impl/load/java/typeEnhancement/PredefinedEnhancementInfoKt$$Lambda$28
instanceKlass kotlin/reflect/jvm/internal/impl/load/java/typeEnhancement/PredefinedEnhancementInfoKt$$Lambda$27
instanceKlass kotlin/reflect/jvm/internal/impl/load/java/typeEnhancement/PredefinedEnhancementInfoKt$$Lambda$26
instanceKlass kotlin/reflect/jvm/internal/impl/load/java/typeEnhancement/PredefinedEnhancementInfoKt$$Lambda$25
instanceKlass kotlin/reflect/jvm/internal/impl/load/java/typeEnhancement/PredefinedEnhancementInfoKt$$Lambda$24
instanceKlass kotlin/reflect/jvm/internal/impl/load/java/typeEnhancement/PredefinedEnhancementInfoKt$$Lambda$23
instanceKlass kotlin/reflect/jvm/internal/impl/load/java/typeEnhancement/PredefinedEnhancementInfoKt$$Lambda$22
instanceKlass kotlin/reflect/jvm/internal/impl/load/java/typeEnhancement/PredefinedEnhancementInfoKt$$Lambda$21
instanceKlass kotlin/reflect/jvm/internal/impl/load/java/typeEnhancement/PredefinedEnhancementInfoKt$$Lambda$20
instanceKlass kotlin/reflect/jvm/internal/impl/load/java/typeEnhancement/PredefinedEnhancementInfoKt$$Lambda$19
instanceKlass kotlin/reflect/jvm/internal/impl/load/java/typeEnhancement/PredefinedEnhancementInfoKt$$Lambda$18
instanceKlass kotlin/reflect/jvm/internal/impl/load/java/typeEnhancement/PredefinedEnhancementInfoKt$$Lambda$17
instanceKlass kotlin/reflect/jvm/internal/impl/load/java/typeEnhancement/PredefinedEnhancementInfoKt$$Lambda$16
instanceKlass kotlin/reflect/jvm/internal/impl/load/java/typeEnhancement/PredefinedEnhancementInfoKt$$Lambda$15
instanceKlass kotlin/reflect/jvm/internal/impl/load/java/typeEnhancement/PredefinedEnhancementInfoKt$$Lambda$14
instanceKlass kotlin/reflect/jvm/internal/impl/load/java/typeEnhancement/PredefinedEnhancementInfoKt$$Lambda$13
instanceKlass kotlin/reflect/jvm/internal/impl/load/java/typeEnhancement/PredefinedEnhancementInfoKt$$Lambda$12
instanceKlass kotlin/reflect/jvm/internal/impl/load/java/typeEnhancement/PredefinedEnhancementInfoKt$$Lambda$11
instanceKlass kotlin/reflect/jvm/internal/impl/load/java/typeEnhancement/PredefinedEnhancementInfoKt$$Lambda$10
instanceKlass kotlin/reflect/jvm/internal/impl/load/java/typeEnhancement/PredefinedEnhancementInfoKt$$Lambda$9
instanceKlass kotlin/reflect/jvm/internal/impl/load/java/typeEnhancement/PredefinedEnhancementInfoKt$$Lambda$8
instanceKlass kotlin/reflect/jvm/internal/impl/load/java/typeEnhancement/PredefinedEnhancementInfoKt$$Lambda$7
instanceKlass kotlin/reflect/jvm/internal/impl/load/java/typeEnhancement/PredefinedEnhancementInfoKt$$Lambda$6
instanceKlass kotlin/reflect/jvm/internal/impl/load/java/typeEnhancement/PredefinedEnhancementInfoKt$$Lambda$5
instanceKlass kotlin/reflect/jvm/internal/impl/load/java/typeEnhancement/PredefinedEnhancementInfoKt$$Lambda$4
instanceKlass kotlin/reflect/jvm/internal/impl/load/java/typeEnhancement/PredefinedEnhancementInfoKt$$Lambda$3
instanceKlass kotlin/reflect/jvm/internal/impl/load/java/typeEnhancement/PredefinedEnhancementInfoKt$$Lambda$2
instanceKlass kotlin/reflect/jvm/internal/impl/load/java/typeEnhancement/PredefinedEnhancementInfoKt$$Lambda$1
instanceKlass kotlin/reflect/jvm/internal/impl/load/java/typeEnhancement/PredefinedFunctionEnhancementInfo
instanceKlass kotlin/reflect/jvm/internal/impl/load/kotlin/SignatureBuildingComponents$$Lambda$0
instanceKlass kotlin/reflect/jvm/internal/impl/load/java/typeEnhancement/TypeEnhancementInfo
instanceKlass kotlin/reflect/jvm/internal/impl/load/java/typeEnhancement/SignatureEnhancementBuilder$ClassEnhancementBuilder$FunctionEnhancementBuilder
instanceKlass kotlin/reflect/jvm/internal/impl/load/java/typeEnhancement/PredefinedEnhancementInfoKt$$Lambda$0
instanceKlass kotlin/reflect/jvm/internal/impl/load/java/typeEnhancement/SignatureEnhancementBuilder$ClassEnhancementBuilder
instanceKlass kotlin/reflect/jvm/internal/impl/load/java/typeEnhancement/SignatureEnhancementBuilder
instanceKlass kotlin/reflect/jvm/internal/impl/load/java/typeEnhancement/PredefinedEnhancementInfoKt
instanceKlass kotlin/reflect/jvm/internal/impl/load/kotlin/MethodSignatureBuildingUtilsKt
instanceKlass kotlin/reflect/jvm/internal/impl/load/kotlin/JvmType$Companion
instanceKlass kotlin/reflect/jvm/internal/impl/load/kotlin/JvmType
instanceKlass kotlin/reflect/jvm/internal/impl/load/kotlin/TypeMappingMode$WhenMappings
instanceKlass kotlin/reflect/jvm/internal/impl/load/kotlin/TypeSignatureMappingKt
instanceKlass kotlin/reflect/jvm/internal/impl/utils/FunctionsKt$$Lambda$7
instanceKlass kotlin/reflect/jvm/internal/impl/utils/FunctionsKt$$Lambda$6
instanceKlass kotlin/reflect/jvm/internal/impl/utils/FunctionsKt$$Lambda$5
instanceKlass kotlin/reflect/jvm/internal/impl/utils/FunctionsKt$ALWAYS_NULL$1
instanceKlass kotlin/reflect/jvm/internal/impl/utils/FunctionsKt$$Lambda$4
instanceKlass kotlin/reflect/jvm/internal/impl/utils/FunctionsKt$$Lambda$3
instanceKlass kotlin/reflect/jvm/internal/impl/utils/FunctionsKt
instanceKlass kotlin/reflect/jvm/internal/impl/load/kotlin/TypeMappingConfigurationImpl
instanceKlass kotlin/reflect/jvm/internal/impl/load/kotlin/TypeMappingConfiguration
instanceKlass kotlin/reflect/jvm/internal/impl/load/kotlin/TypeMappingMode$Companion
instanceKlass kotlin/reflect/jvm/internal/impl/load/kotlin/TypeMappingMode
instanceKlass kotlin/reflect/jvm/internal/impl/load/kotlin/JvmTypeFactoryImpl
instanceKlass kotlin/reflect/jvm/internal/impl/load/kotlin/JvmTypeFactory
instanceKlass kotlin/reflect/jvm/internal/impl/load/kotlin/DescriptorBasedTypeSignatureMappingKt
instanceKlass kotlin/reflect/jvm/internal/impl/load/kotlin/MethodSignatureMappingKt
instanceKlass kotlin/reflect/jvm/internal/impl/util/CheckResult
instanceKlass kotlin/reflect/jvm/internal/impl/util/Checks$3
instanceKlass kotlin/reflect/jvm/internal/impl/util/ReturnsCheck$ReturnsUnit$$Lambda$0
instanceKlass kotlin/reflect/jvm/internal/impl/util/OperatorChecks$$Lambda$2
instanceKlass kotlin/reflect/jvm/internal/impl/util/Checks$4
instanceKlass kotlin/reflect/jvm/internal/impl/util/ReturnsCheck$ReturnsInt$$Lambda$0
instanceKlass kotlin/reflect/jvm/internal/impl/util/OperatorChecks$$Lambda$1
instanceKlass kotlin/reflect/jvm/internal/impl/util/ReturnsCheck$ReturnsBoolean$$Lambda$0
instanceKlass kotlin/reflect/jvm/internal/impl/util/ReturnsCheck
instanceKlass kotlin/reflect/jvm/internal/impl/util/IsKPropertyCheck
instanceKlass kotlin/reflect/jvm/internal/impl/util/NoDefaultAndVarargsCheck
instanceKlass kotlin/reflect/jvm/internal/impl/util/OperatorChecks$$Lambda$0
instanceKlass kotlin/reflect/jvm/internal/impl/util/Checks$2
instanceKlass kotlin/reflect/jvm/internal/impl/util/ValueParameterCountCheck
instanceKlass kotlin/reflect/jvm/internal/impl/util/MemberKindCheck
instanceKlass kotlin/reflect/jvm/internal/impl/util/Check
instanceKlass kotlin/reflect/jvm/internal/impl/util/OperatorNameConventions
instanceKlass kotlin/reflect/jvm/internal/impl/util/Checks
instanceKlass kotlin/reflect/jvm/internal/impl/util/AbstractModifierChecks
instanceKlass kotlin/reflect/jvm/internal/impl/load/java/JavaDescriptorVisibilities
instanceKlass kotlin/reflect/jvm/internal/impl/load/java/UtilsKt
instanceKlass kotlin/reflect/jvm/internal/impl/load/java/lazy/descriptors/LazyJavaScope$MethodSignatureData
instanceKlass kotlin/reflect/jvm/internal/impl/load/java/components/SignaturePropagator$PropagatedSignature
instanceKlass kotlin/reflect/jvm/internal/impl/resolve/calls/inference/CapturedTypeConstructorImpl
instanceKlass kotlin/reflect/jvm/internal/impl/resolve/calls/inference/CapturedTypeConstructor
instanceKlass kotlin/reflect/jvm/internal/impl/types/model/CapturedTypeConstructorMarker
instanceKlass kotlin/reflect/jvm/internal/impl/types/model/CapturedTypeMarker
instanceKlass kotlin/reflect/jvm/internal/impl/types/FlexibleTypeImpl$Companion
instanceKlass kotlin/reflect/jvm/internal/impl/load/java/structure/JavaArrayType
instanceKlass kotlin/reflect/jvm/internal/impl/load/java/lazy/descriptors/LazyJavaScope$ResolvedValueParameters
instanceKlass kotlin/reflect/jvm/internal/impl/descriptors/runtime/structure/Java8ParameterNamesLoader$Cache
instanceKlass kotlin/reflect/jvm/internal/impl/descriptors/runtime/structure/Java8ParameterNamesLoader
instanceKlass kotlin/reflect/jvm/internal/impl/load/java/descriptors/JavaMethodDescriptor$2
instanceKlass kotlin/reflect/jvm/internal/impl/load/java/descriptors/JavaMethodDescriptor$1
instanceKlass kotlin/reflect/jvm/internal/impl/descriptors/CallableDescriptor$UserDataKey
instanceKlass kotlin/reflect/jvm/internal/impl/load/java/descriptors/JavaCallableMemberDescriptor
instanceKlass kotlin/reflect/jvm/internal/impl/load/java/components/DescriptorResolverUtils$1$1
instanceKlass kotlin/reflect/jvm/internal/impl/load/java/components/DescriptorResolverUtils
instanceKlass kotlin/reflect/jvm/internal/impl/load/java/BuiltinSpecialPropertiesKt
instanceKlass kotlin/reflect/jvm/internal/impl/load/java/BuiltinSpecialProperties
instanceKlass kotlin/reflect/jvm/internal/impl/load/java/PropertiesConventionUtilKt
instanceKlass kotlin/reflect/jvm/internal/impl/load/java/SpecialGenericSignatures$Companion$NameAndSignature
instanceKlass kotlin/reflect/jvm/internal/impl/load/java/SpecialGenericSignatures$Companion
instanceKlass kotlin/reflect/jvm/internal/impl/load/java/SpecialGenericSignatures
instanceKlass kotlin/reflect/jvm/internal/impl/load/java/structure/JavaLoadingKt
instanceKlass kotlin/reflect/jvm/internal/impl/load/java/structure/JavaMethod
instanceKlass kotlin/reflect/jvm/internal/impl/descriptors/runtime/structure/ReflectJavaClass$$Lambda$2
instanceKlass kotlin/reflect/jvm/internal/impl/load/java/lazy/descriptors/ClassDeclaredMemberIndex$$Lambda$0
instanceKlass kotlin/reflect/jvm/internal/impl/load/java/lazy/descriptors/LazyJavaClassMemberScope$$Lambda$5
instanceKlass kotlin/reflect/jvm/internal/impl/load/java/lazy/descriptors/ClassDeclaredMemberIndex
instanceKlass kotlin/reflect/jvm/internal/impl/load/java/lazy/descriptors/DeclaredMemberIndex
instanceKlass kotlin/reflect/jvm/internal/impl/load/java/typeEnhancement/JavaTypeEnhancement$Result
instanceKlass kotlin/reflect/jvm/internal/impl/load/java/typeEnhancement/JavaTypeEnhancement$SimpleResult
instanceKlass kotlin/reflect/jvm/internal/impl/load/java/typeEnhancement/TypeComponentPositionKt
instanceKlass kotlin/reflect/jvm/internal/impl/load/java/typeEnhancement/AbstractSignatureParts$$Lambda$1
instanceKlass kotlin/reflect/jvm/internal/impl/load/java/typeEnhancement/TypeEnhancementUtilsKt
instanceKlass kotlin/reflect/jvm/internal/impl/load/java/typeEnhancement/JavaTypeQualifiers$Companion
instanceKlass kotlin/reflect/jvm/internal/impl/load/java/typeEnhancement/AbstractSignatureParts$$Lambda$0
instanceKlass kotlin/reflect/jvm/internal/impl/load/java/typeEnhancement/JavaTypeQualifiers
instanceKlass kotlin/reflect/jvm/internal/impl/types/RawType
instanceKlass kotlin/reflect/jvm/internal/impl/load/java/typeEnhancement/AbstractSignatureParts$$Lambda$2
instanceKlass kotlin/reflect/jvm/internal/impl/util/AbstractArrayMapOwner$AbstractArrayMapAccessor
instanceKlass kotlin/reflect/jvm/internal/KPackageImpl$$Lambda$0
instanceKlass kotlin/reflect/jvm/internal/impl/types/AnnotationsTypeAttributeKt
instanceKlass kotlin/sequences/SequencesKt__SequencesKt$sequenceOf$1$1
instanceKlass kotlin/sequences/FlatteningSequence$iterator$1
instanceKlass kotlin/sequences/FlatteningSequence
instanceKlass kotlin/sequences/SequencesKt__SequencesKt$sequenceOf$$inlined$Sequence$1
instanceKlass kotlin/collections/CollectionsKt___CollectionsKt$asSequence$$inlined$Sequence$1
instanceKlass kotlin/reflect/jvm/internal/impl/load/java/typeEnhancement/AbstractSignatureParts$TypeAndDefaultQualifiers
instanceKlass kotlin/reflect/jvm/internal/impl/load/java/typeEnhancement/AbstractSignatureParts
instanceKlass kotlin/reflect/jvm/internal/impl/descriptors/DescriptorUtilKt
instanceKlass kotlin/reflect/jvm/internal/impl/types/TypeAttributeTranslator$DefaultImpls
instanceKlass kotlin/reflect/jvm/internal/impl/types/TypeAttributesKt
instanceKlass kotlin/reflect/jvm/internal/impl/load/java/structure/JavaPrimitiveType
instanceKlass kotlin/reflect/jvm/internal/impl/types/ErasureTypeAttributes
instanceKlass kotlin/reflect/jvm/internal/impl/load/java/lazy/types/JavaTypeAttributesKt
instanceKlass kotlin/reflect/jvm/internal/impl/load/java/FakePureImplementationsProvider
instanceKlass kotlin/reflect/jvm/internal/impl/load/java/components/JavaAnnotationMapper
instanceKlass kotlin/reflect/jvm/internal/impl/descriptors/runtime/structure/ReflectJavaAnnotationOwnerKt
instanceKlass kotlin/reflect/jvm/internal/impl/descriptors/runtime/structure/ReflectJavaType$Factory
instanceKlass kotlin/reflect/jvm/internal/impl/descriptors/runtime/structure/ReflectJavaType
instanceKlass kotlin/reflect/jvm/internal/impl/load/java/structure/JavaClassifierType
instanceKlass kotlin/reflect/jvm/internal/impl/load/java/structure/JavaType
instanceKlass kotlin/reflect/jvm/internal/impl/load/java/structure/ListBasedJavaAnnotationOwner
instanceKlass kotlin/reflect/jvm/internal/impl/resolve/scopes/DescriptorKindExclude
instanceKlass kotlin/reflect/jvm/internal/impl/load/java/structure/JavaField
instanceKlass kotlin/reflect/jvm/internal/impl/load/java/structure/JavaMember
instanceKlass android/os/Parcelable$ClassLoaderCreator
instanceKlass android/graphics/Gainmap
instanceKlass android/graphics/Picture
instanceKlass android/graphics/Matrix
instanceKlass android/util/DisplayMetrics
instanceKlass android/graphics/Canvas
instanceKlass android/graphics/Paint
instanceKlass android/graphics/ColorSpace
instanceKlass android/hardware/HardwareBuffer
instanceKlass android/os/Parcel
instanceKlass android/graphics/Color
instanceKlass net/bytebuddy/description/type/TypeDescription$Generic$AnnotationReader$ForOwnerType$AnnotatedType
instanceKlass android/os/Parcelable$Creator
instanceKlass java/util/Collections$CheckedMap
instanceKlass java/util/Collections$CheckedCollection
instanceKlass io/mockk/renamed/java/util/List$Subclass8$auxiliary$nH6n17IQ
instanceKlass io/mockk/renamed/java/util/List$Subclass8$auxiliary$D8ahEs3i
instanceKlass io/mockk/renamed/java/util/List$Subclass8$auxiliary$9b0szozl
instanceKlass io/mockk/renamed/java/util/List$Subclass8$auxiliary$PrtXcYZA
instanceKlass io/mockk/renamed/java/util/List$Subclass8$auxiliary$pfoQBQzI
instanceKlass io/mockk/renamed/java/util/List$Subclass8$auxiliary$TGb1nOLB
instanceKlass io/mockk/renamed/java/util/List$Subclass8$auxiliary$zqiKqhHA
instanceKlass io/mockk/renamed/java/util/List$Subclass8$auxiliary$SqRarBfd
instanceKlass io/mockk/renamed/java/util/List$Subclass8$auxiliary$XxIa86ie
instanceKlass io/mockk/renamed/java/util/List$Subclass8$auxiliary$grXHamwk
instanceKlass io/mockk/renamed/java/util/List$Subclass8$auxiliary$yGkHhjvK
instanceKlass io/mockk/renamed/java/util/List$Subclass8$auxiliary$5R9AXN6G
instanceKlass io/mockk/renamed/java/util/List$Subclass8
instanceKlass net/bytebuddy/dynamic/loading/ClassInjector$UsingReflection$System
instanceKlass java/lang/ClassLoader$ByteBuddyAccessor$V1
instanceKlass net/bytebuddy/dynamic/loading/ClassLoadingStrategy$ForUnsafeInjection
instanceKlass sun/reflect/generics/tree/ByteSignature
instanceKlass net/bytebuddy/implementation/MethodCall$ArgumentLoader$ForMethodParameter
instanceKlass net/bytebuddy/implementation/MethodCall$TargetHandler$ForMethodParameter$Resolved
instanceKlass net/bytebuddy/implementation/MethodCall$Appender
instanceKlass net/bytebuddy/implementation/MethodCall$ArgumentLoader$ForMethodParameter$Factory
instanceKlass net/bytebuddy/implementation/MethodCall$TargetHandler$Resolved
instanceKlass net/bytebuddy/implementation/MethodCall$TargetHandler$ForMethodParameter
instanceKlass net/bytebuddy/implementation/MethodCall$TerminationHandler
instanceKlass net/bytebuddy/implementation/MethodCall$MethodInvoker
instanceKlass net/bytebuddy/implementation/MethodCall$TargetHandler
instanceKlass net/bytebuddy/implementation/MethodCall$TargetHandler$ForField$Location
instanceKlass net/bytebuddy/implementation/MethodCall$MethodLocator$ForExplicitMethod
instanceKlass net/bytebuddy/implementation/MethodCall$MethodLocator
instanceKlass net/bytebuddy/implementation/MethodCall$MethodInvoker$Factory
instanceKlass net/bytebuddy/implementation/MethodCall$TargetHandler$Factory
instanceKlass net/bytebuddy/implementation/MethodCall$MethodLocator$Factory
instanceKlass net/bytebuddy/implementation/MethodCall$TerminationHandler$Factory
instanceKlass net/bytebuddy/implementation/MethodCall$ArgumentLoader$ForInstance$Factory
instanceKlass net/bytebuddy/implementation/MethodCall$ArgumentLoader$Factory
instanceKlass net/bytebuddy/implementation/MethodCall$ArgumentLoader$ArgumentProvider
instanceKlass net/bytebuddy/implementation/MethodCall$ArgumentLoader
instanceKlass net/bytebuddy/implementation/MethodCall
instanceKlass net/bytebuddy/dynamic/loading/ClassInjector$UsingReflection$Dispatcher$UsingUnsafeInjection
instanceKlass net/bytebuddy/dynamic/loading/ClassInjector$UsingReflection$Dispatcher
instanceKlass java/util/stream/ForEachOps$ForEachOp
instanceKlass java/util/stream/ForEachOps
instanceKlass java/util/Spliterators$IteratorSpliterator
instanceKlass net/bytebuddy/utility/privilege/GetMethodAction
instanceKlass net/bytebuddy/dynamic/loading/ClassInjector$UsingUnsafe$System
instanceKlass net/bytebuddy/dynamic/loading/ClassInjector$UsingUnsafe$Dispatcher$Enabled
instanceKlass net/bytebuddy/dynamic/loading/ClassInjector$UsingUnsafe$Dispatcher
instanceKlass net/bytebuddy/dynamic/loading/ByteArrayClassLoader$ClassDefinitionAction
instanceKlass net/bytebuddy/dynamic/loading/ByteArrayClassLoader$SynchronizationStrategy$ForJava8CapableVm
instanceKlass net/bytebuddy/dynamic/loading/ByteArrayClassLoader$SynchronizationStrategy$ForJava7CapableVm
instanceKlass net/bytebuddy/dynamic/loading/ByteArrayClassLoader$SynchronizationStrategy
instanceKlass net/bytebuddy/dynamic/loading/ByteArrayClassLoader$SynchronizationStrategy$Initializable
instanceKlass net/bytebuddy/dynamic/loading/ByteArrayClassLoader$PackageLookupStrategy$ForJava9CapableVm
instanceKlass net/bytebuddy/dynamic/loading/ByteArrayClassLoader$PackageLookupStrategy
instanceKlass net/bytebuddy/dynamic/loading/ClassFilePostProcessor
instanceKlass net/bytebuddy/dynamic/loading/ByteArrayClassLoader$SingletonEnumeration
instanceKlass net/bytebuddy/dynamic/loading/ClassLoadingStrategy$Default$InjectionDispatcher
instanceKlass net/bytebuddy/dynamic/loading/PackageDefinitionStrategy$Definition
instanceKlass net/bytebuddy/dynamic/loading/ClassLoadingStrategy$Default$WrappingDispatcher
instanceKlass net/bytebuddy/dynamic/loading/ClassLoadingStrategy$Configurable
instanceKlass net/bytebuddy/jar/asm/signature/SignatureReader
instanceKlass net/bytebuddy/dynamic/scaffold/TypeWriter$Default$ValidatingClassVisitor$Constraint$Compound
instanceKlass net/bytebuddy/dynamic/scaffold/TypeWriter$Default$ValidatingClassVisitor$Constraint$ForClassFileVersion
instanceKlass java/lang/reflect/AccessibleObject$Cache
instanceKlass net/bytebuddy/dynamic/loading/ClassInjector$UsingUnsafe$Dispatcher$Initializable
instanceKlass net/bytebuddy/utility/JavaModule$Module
instanceKlass net/bytebuddy/utility/JavaModule$Resolver
instanceKlass net/bytebuddy/utility/JavaModule
instanceKlass net/bytebuddy/dynamic/loading/ClassInjector$UsingReflection$Dispatcher$Initializable
instanceKlass net/bytebuddy/dynamic/loading/PackageDefinitionStrategy
instanceKlass net/bytebuddy/description/type/TypeDescription$Generic$Visitor$Substitutor$ForTypeVariableBinding$TypeVariableSubstitutor
instanceKlass java/lang/SafeVarargs
instanceKlass kotlin/reflect/jvm/internal/impl/renderer/DescriptorRendererImpl$$Lambda$2
instanceKlass top/mcxiafeng/badger/data/QAuxvImportSummary
instanceKlass top/mcxiafeng/badger/data/QAuxvConflictAction
instanceKlass android/content/Context$Subclass7$auxiliary$8MW7Azer
instanceKlass android/content/Context$Subclass7$auxiliary$Z8GFwRq0
instanceKlass android/content/Context$Subclass7$auxiliary$k1qPQSqr
instanceKlass android/content/Context$Subclass7$auxiliary$HbLcYOJy
instanceKlass android/content/Context$Subclass7$auxiliary$ii3ssnoA
instanceKlass android/content/Context$Subclass7$auxiliary$56IyyaGB
instanceKlass android/content/Context$Subclass7$auxiliary$Lav2FWHo
instanceKlass android/content/Context$Subclass7$auxiliary$y2AHK2Fd
instanceKlass android/content/Context$Subclass7$auxiliary$A9aNuM7T
instanceKlass android/content/Context$Subclass7$auxiliary$X1SyIhUK
instanceKlass android/content/Context$Subclass7$auxiliary$mdfXRFyz
instanceKlass android/content/Context$Subclass7$auxiliary$icS9P5bc
instanceKlass android/content/Context$Subclass7$auxiliary$VI4aARIN
instanceKlass android/content/Context$Subclass7$auxiliary$oguUvkj1
instanceKlass android/content/Context$Subclass7$auxiliary$w4gcYNLu
instanceKlass android/content/Context$Subclass7$auxiliary$F2UZiHNS
instanceKlass android/content/Context$Subclass7$auxiliary$ut2eRuzG
instanceKlass android/content/Context$Subclass7$auxiliary$Kvv3umhP
instanceKlass android/content/Context$Subclass7$auxiliary$CBrYDtdM
instanceKlass android/content/Context$Subclass7$auxiliary$Ps2MjoeA
instanceKlass android/content/Context$Subclass7$auxiliary$eZenuyjZ
instanceKlass android/content/Context$Subclass7$auxiliary$DGwK5mUD
instanceKlass android/content/Context$Subclass7$auxiliary$ribDfd4c
instanceKlass android/content/Context$Subclass7$auxiliary$Jbr5p0I9
instanceKlass android/content/Context$Subclass7$auxiliary$l2RndeOt
instanceKlass android/content/Context$Subclass7$auxiliary$aO63a3mA
instanceKlass android/content/Context$Subclass7$auxiliary$0zxDdPKy
instanceKlass android/content/Context$Subclass7$auxiliary$AdvnhDYG
instanceKlass android/content/Context$Subclass7$auxiliary$FH9sijba
instanceKlass android/content/Context$Subclass7$auxiliary$mxLnqdtG
instanceKlass android/content/Context$Subclass7$auxiliary$TovDvqGk
instanceKlass android/content/Context$Subclass7$auxiliary$fxRmdRPE
instanceKlass android/content/Context$Subclass7$auxiliary$275AbCdN
instanceKlass android/content/Context$Subclass7$auxiliary$H3ZmOeCK
instanceKlass android/content/Context$Subclass7$auxiliary$qlqXA0va
instanceKlass android/content/Context$Subclass7$auxiliary$sI29Lwav
instanceKlass android/content/Context$Subclass7$auxiliary$GIGjhJNe
instanceKlass android/content/Context$Subclass7$auxiliary$JlopOCVW
instanceKlass android/content/Context$Subclass7$auxiliary$qbdMgW2Z
instanceKlass android/content/Context$Subclass7$auxiliary$EP4ho69V
instanceKlass android/content/Context$Subclass7$auxiliary$kkisqMQd
instanceKlass android/content/Context$Subclass7$auxiliary$eWSylO6O
instanceKlass android/content/Context$Subclass7$auxiliary$DEOWFxwd
instanceKlass android/content/Context$Subclass7$auxiliary$3kQvDKbk
instanceKlass android/content/Context$Subclass7$auxiliary$7CuIqh27
instanceKlass android/content/Context$Subclass7$auxiliary$Xz1Wa9dn
instanceKlass android/content/Context$Subclass7$auxiliary$IeuoUhwB
instanceKlass android/content/Context$Subclass7$auxiliary$cNg5ACWD
instanceKlass android/content/Context$Subclass7$auxiliary$bjoAQzD5
instanceKlass android/content/Context$Subclass7$auxiliary$xd3mq8gA
instanceKlass android/content/Context$Subclass7$auxiliary$HZhZWKmC
instanceKlass android/content/Context$Subclass7$auxiliary$kdfoJxyE
instanceKlass android/content/Context$Subclass7$auxiliary$qPZ66cWW
instanceKlass android/content/Context$Subclass7$auxiliary$FIxKMhSA
instanceKlass android/content/Context$Subclass7$auxiliary$0AJiMrg6
instanceKlass android/content/Context$Subclass7$auxiliary$QFskKx5d
instanceKlass java/lang/reflect/AnnotatedTypeVariable
instanceKlass net/bytebuddy/description/type/TypeDescription$Generic$AnnotationReader$ForTypeVariableBoundType$AnnotatedTypeVariable
instanceKlass net/bytebuddy/description/type/TypeDescription$Generic$AnnotationReader$ForTypeVariableBoundType$OfFormalTypeVariable$FormalTypeVariable
instanceKlass android/view/ViewDebug$FlagToString
instanceKlass android/view/ViewDebug$IntToString
instanceKlass android/view/ViewDebug$ExportedProperty
instanceKlass android/content/Context$UpdateBindingParams
instanceKlass android/content/res/ColorStateList
instanceKlass android/content/IntentSender
instanceKlass android/graphics/drawable/Drawable
instanceKlass android/content/res/Resources$Theme
instanceKlass android/content/IntentFilter
instanceKlass android/os/Looper
instanceKlass android/content/res/AssetManager
instanceKlass android/content/pm/PackageManager
instanceKlass android/content/ContentResolver
instanceKlass android/content/pm/PackageItemInfo
instanceKlass android/util/AttributeSet
instanceKlass android/content/res/TypedArray
instanceKlass android/database/sqlite/SQLiteClosable
instanceKlass android/database/DatabaseErrorHandler
instanceKlass android/database/sqlite/SQLiteDatabase$CursorFactory
instanceKlass android/content/ComponentName
instanceKlass android/content/SharedPreferences
instanceKlass android/os/Handler
instanceKlass android/content/BroadcastReceiver
instanceKlass android/os/UserHandle
instanceKlass android/content/res/Configuration
instanceKlass android/content/AttributionSource
instanceKlass android/os/BaseBundle
instanceKlass android/view/Display
instanceKlass android/content/ServiceConnection
instanceKlass android/content/Context$BindServiceFlags
instanceKlass android/content/Intent
instanceKlass android/net/Uri
instanceKlass android/content/res/Resources
instanceKlass android/content/ContextParams
instanceKlass android/graphics/Bitmap
instanceKlass android/os/Parcelable
instanceKlass top/mcxiafeng/badger/data/repository/ContactRepositoryImplTest
instanceKlass kotlin/sequences/TransformingSequence$iterator$1
instanceKlass kotlin/sequences/FilteringSequence$iterator$1
instanceKlass kotlin/sequences/TransformingSequence
instanceKlass kotlin/reflect/jvm/internal/impl/descriptors/runtime/structure/ReflectJavaClass$$Lambda$1
instanceKlass kotlin/sequences/FilteringSequence
instanceKlass kotlin/reflect/jvm/internal/impl/descriptors/runtime/structure/ReflectJavaClass$$Lambda$0
instanceKlass kotlin/collections/ArraysKt___ArraysKt$asSequence$$inlined$Sequence$1
instanceKlass java/util/Arrays$NaturalOrder
instanceKlass com/google/common/base/Suppliers$MemoizingSupplier
instanceKlass com/google/common/base/Suppliers$NonSerializableMemoizingSupplier
instanceKlass com/google/common/base/Suppliers
instanceKlass com/google/common/base/Supplier
instanceKlass com/google/common/truth/Platform
instanceKlass top/mcxiafeng/badger/data/repository/CommitResult
instanceKlass top/mcxiafeng/badger/data/repository/ContactRepositoryImpl$Companion
instanceKlass top/mcxiafeng/badger/data/cache/dao/ContactTagCacheDao$Subclass6$auxiliary$qcWxHQwV
instanceKlass top/mcxiafeng/badger/data/cache/dao/ContactTagCacheDao$Subclass6$auxiliary$xzl9mZsz
instanceKlass top/mcxiafeng/badger/data/cache/dao/ContactTagCacheDao$Subclass6$auxiliary$sWYgNjgg
instanceKlass top/mcxiafeng/badger/data/cache/dao/ContactTagCacheDao$Subclass6$auxiliary$69NFc6XG
instanceKlass top/mcxiafeng/badger/data/cache/dao/ContactTagCacheDao$Subclass6
instanceKlass top/mcxiafeng/badger/data/cache/entity/ContactTagCacheEntity
instanceKlass top/mcxiafeng/badger/data/cache/dao/ContactPlatformCacheDao$Subclass5$auxiliary$nA9HxAzp
instanceKlass top/mcxiafeng/badger/data/cache/dao/ContactPlatformCacheDao$Subclass5$auxiliary$DU7xltaW
instanceKlass top/mcxiafeng/badger/data/cache/dao/ContactPlatformCacheDao$Subclass5$auxiliary$V2ILNgYn
instanceKlass top/mcxiafeng/badger/data/cache/dao/ContactPlatformCacheDao$Subclass5$auxiliary$zJiimDD6
instanceKlass top/mcxiafeng/badger/data/cache/dao/ContactPlatformCacheDao$Subclass5
instanceKlass top/mcxiafeng/badger/data/cache/entity/ContactPlatformCacheEntity
instanceKlass top/mcxiafeng/badger/data/cache/dao/ContactFieldValueCacheDao$Subclass4$auxiliary$ra4ZlI9g
instanceKlass top/mcxiafeng/badger/data/cache/dao/ContactFieldValueCacheDao$Subclass4$auxiliary$EhQBYjDi
instanceKlass top/mcxiafeng/badger/data/cache/dao/ContactFieldValueCacheDao$Subclass4$auxiliary$CMg96I6g
instanceKlass top/mcxiafeng/badger/data/cache/dao/ContactFieldValueCacheDao$Subclass4$auxiliary$YMNtUKkY
instanceKlass top/mcxiafeng/badger/data/cache/dao/ContactFieldValueCacheDao$Subclass4
instanceKlass top/mcxiafeng/badger/data/cache/entity/ContactFieldValueCacheEntity
instanceKlass top/mcxiafeng/badger/data/cache/dao/ContactFieldCacheDao$Subclass3$auxiliary$01YRGowO
instanceKlass top/mcxiafeng/badger/data/cache/dao/ContactFieldCacheDao$Subclass3$auxiliary$R7Lw94yT
instanceKlass top/mcxiafeng/badger/data/cache/dao/ContactFieldCacheDao$Subclass3$auxiliary$ILlLYf3d
instanceKlass top/mcxiafeng/badger/data/cache/dao/ContactFieldCacheDao$Subclass3$auxiliary$RFKgRVAc
instanceKlass top/mcxiafeng/badger/data/cache/dao/ContactFieldCacheDao$Subclass3
instanceKlass sun/reflect/generics/tree/IntSignature
instanceKlass top/mcxiafeng/badger/data/cache/entity/ContactFieldCacheEntity
instanceKlass top/mcxiafeng/badger/data/cache/dao/ContactFieldCacheDao
instanceKlass top/mcxiafeng/badger/data/cache/dao/ContactTagCacheDao
instanceKlass top/mcxiafeng/badger/data/repository/ContactRepositoryImpl
instanceKlass top/mcxiafeng/badger/data/repository/ContactRepository
instanceKlass top/mcxiafeng/badger/data/cache/dao/ContactFieldValueCacheDao
instanceKlass top/mcxiafeng/badger/data/cache/dao/ContactPlatformCacheDao
instanceKlass top/mcxiafeng/badger/data/repository/ContactRepositoryCommitDeleteTest
instanceKlass io/mockk/NullCheckMatcher
instanceKlass io/mockk/ThrowingAnswer
instanceKlass kotlin/reflect/jvm/internal/impl/load/java/structure/JavaTypeParameter
instanceKlass io/mockk/Call
instanceKlass kotlin/reflect/jvm/internal/impl/util/OneElementArrayMap$iterator$1
instanceKlass kotlin/reflect/jvm/internal/impl/util/TypeRegistry$$Lambda$0
instanceKlass kotlin/reflect/jvm/internal/impl/types/TypeAttribute
instanceKlass kotlin/reflect/jvm/internal/impl/descriptors/annotations/AnnotationDescriptorImpl
instanceKlass kotlin/reflect/jvm/internal/impl/descriptors/annotations/AnnotationDescriptor
instanceKlass kotlin/reflect/jvm/internal/impl/serialization/deserialization/AnnotationDeserializer$WhenMappings
instanceKlass androidx/room/MapColumn
instanceKlass io/mockk/MockKAdditionalAnswerScope
instanceKlass io/mockk/ConstantAnswer
instanceKlass io/mockk/MockKStubScope
instanceKlass io/mockk/impl/stub/MockKStub$InvocationAnswer
instanceKlass io/mockk/impl/stub/AnswerAnsweringOpportunity
instanceKlass io/mockk/Answer
instanceKlass io/mockk/MockKGateway$AnswerOpportunity
instanceKlass io/mockk/APIKt
instanceKlass io/mockk/CapturingMatcher
instanceKlass io/mockk/TypedMatcher$DefaultImpls
instanceKlass kotlin/reflect/jvm/internal/KClassImpl$WhenMappings
instanceKlass io/mockk/FunctionMatcher
instanceKlass io/mockk/EquivalentMatcher
instanceKlass io/mockk/TypedMatcher
instanceKlass kotlinx/coroutines/internal/CtorCache
instanceKlass kotlinx/coroutines/internal/ExceptionsConstructorKt
instanceKlass _COROUTINE/CoroutineDebuggingKt
instanceKlass _COROUTINE/_BOUNDARY
instanceKlass _COROUTINE/ArtificialStackFrames
instanceKlass kotlinx/coroutines/internal/StackTraceRecoveryKt
instanceKlass kotlinx/coroutines/DebugStringsKt
instanceKlass io/mockk/MockKGateway$VerificationResult
instanceKlass io/mockk/impl/recording/WasNotCalled
instanceKlass io/mockk/impl/verify/UnorderedCallVerifier
instanceKlass io/mockk/MockKGateway$CallVerifier
instanceKlass io/mockk/impl/JvmMockKGateway$WhenMappings
instanceKlass io/mockk/Matcher$DefaultImpls
instanceKlass io/mockk/EqMatcher
instanceKlass io/mockk/impl/platform/CommonIdentityHashMapOf
instanceKlass io/mockk/impl/recording/PermanentMocker
instanceKlass io/mockk/RecordedCall
instanceKlass io/mockk/InvocationMatcher
instanceKlass io/mockk/AllAnyMatcher
instanceKlass io/mockk/impl/recording/ChainedCallDetector$Companion
instanceKlass io/mockk/impl/recording/ChainedCallDetector
instanceKlass io/mockk/CompositeMatcher
instanceKlass io/mockk/impl/recording/SignatureMatcherDetector
instanceKlass io/mockk/impl/recording/CallRound
instanceKlass io/mockk/impl/recording/SignedCall
instanceKlass io/mockk/impl/instantiation/AnyValueGenerator
instanceKlass kotlin/jvm/internal/Ref$BooleanRef
instanceKlass kotlin/reflect/jvm/internal/impl/util/capitalizeDecapitalize/CapitalizeDecapitalizeKt
instanceKlass kotlin/reflect/jvm/internal/impl/load/java/JvmAbi
instanceKlass kotlin/reflect/jvm/internal/JvmPropertySignature
instanceKlass kotlin/reflect/jvm/internal/impl/load/kotlin/KotlinClassFinderKt
instanceKlass kotlin/reflect/jvm/internal/impl/load/java/lazy/descriptors/LazyJavaClassDescriptor$$Lambda$2
instanceKlass kotlin/reflect/jvm/internal/impl/load/java/lazy/descriptors/LazyJavaClassDescriptor$$Lambda$1
instanceKlass kotlin/reflect/jvm/internal/impl/load/java/lazy/descriptors/LazyJavaClassMemberScope$$Lambda$4
instanceKlass kotlin/reflect/jvm/internal/impl/load/java/lazy/descriptors/LazyJavaClassMemberScope$$Lambda$3
instanceKlass kotlin/reflect/jvm/internal/impl/load/java/lazy/descriptors/LazyJavaClassMemberScope$$Lambda$2
instanceKlass kotlin/reflect/jvm/internal/impl/load/java/lazy/descriptors/LazyJavaClassMemberScope$$Lambda$1
instanceKlass kotlin/reflect/jvm/internal/impl/load/java/lazy/descriptors/LazyJavaClassMemberScope$$Lambda$0
instanceKlass kotlin/reflect/jvm/internal/impl/load/java/lazy/descriptors/LazyJavaClassDescriptor$LazyJavaClassTypeConstructor$$Lambda$0
instanceKlass kotlin/reflect/jvm/internal/impl/descriptors/runtime/structure/Java16SealedRecordLoader$Cache
instanceKlass kotlin/reflect/jvm/internal/impl/descriptors/runtime/structure/Java16SealedRecordLoader
instanceKlass kotlin/reflect/jvm/internal/impl/load/java/lazy/descriptors/LazyJavaClassDescriptor$$Lambda$0
instanceKlass kotlin/reflect/jvm/internal/impl/load/java/lazy/LazyJavaTypeParameterResolver$$Lambda$0
instanceKlass kotlin/reflect/jvm/internal/impl/load/java/lazy/LazyJavaTypeParameterResolver
instanceKlass kotlin/reflect/jvm/internal/impl/descriptors/runtime/components/RuntimeSourceElementFactory$RuntimeSourceElement
instanceKlass kotlin/reflect/jvm/internal/impl/load/java/sources/JavaSourceElement
instanceKlass kotlin/reflect/jvm/internal/impl/load/java/lazy/descriptors/LazyJavaClassDescriptor$Companion
instanceKlass kotlin/reflect/jvm/internal/impl/load/java/descriptors/JavaClassDescriptor
instanceKlass kotlin/reflect/jvm/internal/impl/load/java/structure/JavaClass
instanceKlass kotlin/reflect/jvm/internal/impl/load/java/structure/JavaTypeParameterListOwner
instanceKlass kotlin/reflect/jvm/internal/impl/load/java/structure/JavaClassifier
instanceKlass kotlin/reflect/jvm/internal/impl/load/java/structure/JavaNamedElement
instanceKlass kotlin/reflect/jvm/internal/impl/descriptors/runtime/structure/ReflectJavaModifierListOwner
instanceKlass kotlin/reflect/jvm/internal/impl/load/java/structure/JavaModifierListOwner
instanceKlass kotlin/reflect/jvm/internal/impl/descriptors/runtime/structure/ReflectJavaAnnotationOwner
instanceKlass kotlin/reflect/jvm/internal/impl/builtins/functions/FunctionClassKind$Companion
instanceKlass kotlin/reflect/jvm/internal/impl/resolve/scopes/GivenFunctionsMemberScope$$Lambda$0
instanceKlass kotlin/reflect/jvm/internal/impl/builtins/functions/FunctionClassDescriptor$Companion
instanceKlass kotlin/reflect/jvm/internal/impl/builtins/FunctionInterfacePackageFragment
instanceKlass kotlin/reflect/jvm/internal/impl/builtins/functions/FunctionTypeKindExtractor$KindWithArity
instanceKlass kotlin/reflect/jvm/internal/impl/resolve/DescriptorFactory
instanceKlass io/mockk/impl/recording/SignedMatcher
instanceKlass io/mockk/ConstantMatcher
instanceKlass io/mockk/Matcher
instanceKlass io/mockk/impl/recording/CallRoundBuilder
instanceKlass io/mockk/impl/recording/JvmAutoHinter$Companion
instanceKlass io/mockk/MockKMatcherScope
instanceKlass io/mockk/CapturingSlot$CapturedValue$NotYetCaptured$Companion
instanceKlass io/mockk/CapturingSlot$CapturedValue$NotYetCaptured
instanceKlass io/mockk/CapturingSlot$CapturedValue
instanceKlass io/mockk/CapturingSlot
instanceKlass io/mockk/impl/recording/states/VerifyingState$Companion
instanceKlass io/mockk/impl/recording/states/RecordingState$Companion
instanceKlass kotlinx/coroutines/IncompleteStateBox
instanceKlass io/mockk/MockKGateway$VerificationParameters
instanceKlass io/mockk/MockKKt
instanceKlass kotlinx/coroutines/CompletedContinuation
instanceKlass kotlinx/coroutines/CancellableContinuationImplKt
instanceKlass kotlinx/coroutines/channels/BufferedChannel$BufferedChannelIterator
instanceKlass kotlinx/coroutines/channels/ChannelIterator
instanceKlass kotlinx/coroutines/channels/ReceiveCatching
instanceKlass io/mockk/impl/platform/CommonRef
instanceKlass io/mockk/impl/Ref
instanceKlass io/mockk/Invocation
instanceKlass io/mockk/MethodDescription
instanceKlass kotlin/reflect/jvm/internal/impl/types/IntersectionTypeConstructor
instanceKlass kotlin/reflect/jvm/internal/impl/types/model/IntersectionTypeConstructorMarker
instanceKlass kotlin/reflect/jvm/internal/impl/types/checker/NewTypeVariableConstructor
instanceKlass kotlin/reflect/jvm/internal/impl/types/FlexibleTypesKt
instanceKlass io/mockk/core/ValueClassSupport
instanceKlass kotlin/reflect/jvm/internal/impl/types/SpecialTypesKt
instanceKlass kotlin/reflect/jvm/internal/impl/descriptors/PossiblyInnerType
instanceKlass kotlin/reflect/jvm/internal/impl/types/model/StubTypeMarker
instanceKlass kotlin/reflect/jvm/internal/impl/builtins/functions/FunctionTypeKindExtractor$Companion
instanceKlass kotlin/reflect/jvm/internal/impl/builtins/functions/FunctionTypeKindExtractor
instanceKlass kotlin/reflect/jvm/internal/impl/builtins/FunctionTypesKt
instanceKlass kotlin/reflect/jvm/internal/impl/types/KotlinTypeKt
instanceKlass kotlin/reflect/jvm/internal/impl/types/model/DefinitelyNotNullTypeMarker
instanceKlass kotlin/reflect/jvm/internal/impl/types/CustomTypeParameter
instanceKlass kotlin/reflect/jvm/internal/impl/types/checker/ClassicTypeSystemContext$DefaultImpls
instanceKlass kotlin/reflect/jvm/internal/impl/types/checker/SimpleClassicTypeSystemContext
instanceKlass kotlin/reflect/jvm/internal/impl/types/checker/ClassicTypeSystemContext
instanceKlass kotlin/reflect/jvm/internal/impl/types/model/TypeSystemInferenceExtensionContext
instanceKlass kotlin/reflect/jvm/internal/impl/types/model/TypeSystemCommonSuperTypesContext
instanceKlass kotlin/reflect/jvm/internal/impl/types/TypeSystemCommonBackendContext
instanceKlass kotlin/reflect/jvm/internal/impl/types/model/TypeSystemContext
instanceKlass kotlin/reflect/jvm/internal/impl/types/model/TypeSystemOptimizationContext
instanceKlass kotlin/reflect/jvm/internal/impl/types/AbstractStrictEqualityTypeChecker
instanceKlass kotlin/reflect/jvm/internal/impl/types/checker/StrictEqualityTypeChecker
instanceKlass kotlin/reflect/jvm/internal/impl/types/model/FlexibleTypeMarker
instanceKlass kotlin/reflect/jvm/internal/ReflectionObjectRenderer
instanceKlass kotlin/reflect/jvm/internal/KTypeImpl$$Lambda$1
instanceKlass kotlin/reflect/jvm/internal/KTypeImpl$$Lambda$0
instanceKlass kotlin/reflect/jvm/internal/KCallableImpl$$Lambda$9
instanceKlass kotlin/reflect/jvm/internal/KTypeImpl
instanceKlass kotlin/jvm/internal/KTypeBase
instanceKlass kotlin/reflect/jvm/internal/KCallableImpl$$Lambda$8
instanceKlass kotlin/reflect/jvm/internal/KParameterImpl$$Lambda$0
instanceKlass kotlin/reflect/jvm/internal/KCallableImpl$$Lambda$6
instanceKlass kotlin/reflect/jvm/internal/KParameterImpl
instanceKlass kotlin/reflect/KParameter
instanceKlass kotlin/reflect/jvm/internal/calls/ValueClassAwareCallerKt
instanceKlass kotlin/jvm/internal/SpreadBuilder
instanceKlass kotlin/reflect/jvm/internal/calls/CallerImpl$Companion
instanceKlass kotlin/reflect/jvm/internal/calls/CallerImpl
instanceKlass kotlin/reflect/jvm/internal/calls/Caller
instanceKlass kotlin/reflect/jvm/internal/KDeclarationContainerImpl$FunctionJvmDescriptor
instanceKlass kotlin/reflect/jvm/internal/impl/resolve/InlineClassesUtilsKt
instanceKlass kotlin/reflect/jvm/internal/UtilKt
instanceKlass kotlin/reflect/jvm/internal/impl/metadata/jvm/deserialization/ClassMapperLite
instanceKlass kotlin/reflect/jvm/internal/KFunctionImpl$$Lambda$2
instanceKlass kotlin/reflect/jvm/internal/KFunctionImpl$$Lambda$1
instanceKlass kotlin/reflect/jvm/internal/KFunctionImpl$$Lambda$0
instanceKlass kotlin/reflect/jvm/internal/JvmFunctionSignature
instanceKlass kotlin/reflect/jvm/internal/impl/metadata/jvm/deserialization/JvmMemberSignature
instanceKlass kotlin/reflect/jvm/internal/impl/metadata/deserialization/ProtoBufUtilKt
instanceKlass kotlin/reflect/jvm/internal/FunctionWithAllInvokes
instanceKlass kotlin/reflect/jvm/internal/impl/descriptors/Visibilities
instanceKlass kotlin/reflect/jvm/internal/impl/types/DisjointKeysUnionTypeSubstitution$Companion
instanceKlass kotlin/reflect/jvm/internal/impl/types/DescriptorSubstitutor
instanceKlass kotlin/reflect/jvm/internal/impl/descriptors/impl/FunctionDescriptorImpl$CopyConfiguration
instanceKlass kotlin/reflect/jvm/internal/impl/resolve/OverridingUtil$4
instanceKlass kotlin/reflect/jvm/internal/impl/resolve/OverridingUtil$8
instanceKlass kotlin/reflect/jvm/internal/impl/descriptors/impl/TypeAliasConstructorDescriptor
instanceKlass kotlin/reflect/jvm/internal/impl/resolve/OverridingUtil$5
instanceKlass kotlin/reflect/jvm/internal/impl/descriptors/impl/ValueParameterDescriptorImpl$Companion
instanceKlass kotlin/reflect/jvm/internal/impl/descriptors/ValueParameterDescriptor
instanceKlass kotlin/reflect/jvm/internal/impl/utils/SmartSet$Companion
instanceKlass kotlin/reflect/jvm/internal/impl/resolve/OverridingStrategy
instanceKlass kotlin/reflect/jvm/internal/impl/builtins/jvm/JvmBuiltInsCustomizer$$Lambda$4
instanceKlass kotlin/reflect/jvm/internal/impl/builtins/jvm/CloneableClassScope$Companion
instanceKlass kotlin/reflect/jvm/internal/impl/types/KotlinTypeFactory$$Lambda$0
instanceKlass kotlin/reflect/jvm/internal/impl/resolve/scopes/SubstitutingScope$$Lambda$1
instanceKlass kotlin/reflect/jvm/internal/impl/resolve/calls/inference/CapturedTypeConstructorKt
instanceKlass kotlin/reflect/jvm/internal/impl/resolve/scopes/SubstitutingScope$$Lambda$0
instanceKlass kotlin/reflect/jvm/internal/impl/resolve/scopes/SubstitutingScope
instanceKlass kotlin/reflect/jvm/internal/impl/types/TypeSubstitutor
instanceKlass kotlin/reflect/jvm/internal/impl/descriptors/impl/ModuleAwareClassDescriptorKt
instanceKlass kotlin/reflect/jvm/internal/impl/types/TypeConstructorSubstitution$Companion
instanceKlass kotlin/reflect/jvm/internal/impl/types/TypeSubstitution$Companion
instanceKlass kotlin/reflect/jvm/internal/impl/types/TypeSubstitution
instanceKlass kotlin/reflect/jvm/internal/impl/types/TypeProjectionBase
instanceKlass kotlin/reflect/jvm/internal/impl/serialization/deserialization/descriptors/DeserializedTypeParameterDescriptor$$Lambda$0
instanceKlass kotlin/reflect/jvm/internal/impl/descriptors/impl/AbstractTypeParameterDescriptor$2
instanceKlass kotlin/reflect/jvm/internal/impl/descriptors/impl/AbstractTypeParameterDescriptor$1
instanceKlass kotlin/reflect/jvm/internal/impl/descriptors/TypeParameterDescriptor
instanceKlass kotlin/reflect/jvm/internal/impl/types/model/TypeParameterMarker
instanceKlass kotlin/reflect/jvm/internal/impl/resolve/scopes/receivers/ImplicitClassReceiver
instanceKlass kotlin/reflect/jvm/internal/impl/resolve/scopes/receivers/ThisClassReceiver
instanceKlass kotlin/reflect/jvm/internal/impl/resolve/scopes/receivers/ImplicitReceiver
instanceKlass kotlin/reflect/jvm/internal/impl/descriptors/SimpleFunctionDescriptor
instanceKlass kotlin/reflect/jvm/internal/impl/serialization/deserialization/descriptors/DeserializedCallableMemberDescriptor
instanceKlass kotlin/reflect/jvm/internal/impl/serialization/deserialization/descriptors/DeserializedMemberDescriptor
instanceKlass kotlin/reflect/jvm/internal/impl/serialization/deserialization/descriptors/DescriptorWithContainerSource
instanceKlass kotlin/reflect/jvm/internal/impl/name/CallableId$Companion
instanceKlass kotlin/reflect/jvm/internal/impl/name/CallableId
instanceKlass kotlin/reflect/jvm/internal/impl/serialization/deserialization/SuspendFunctionTypeUtilKt
instanceKlass kotlin/reflect/jvm/internal/impl/serialization/deserialization/MemberDeserializer$$Lambda$2
instanceKlass kotlin/sequences/GeneratorSequence$iterator$1
instanceKlass kotlin/sequences/GeneratorSequence
instanceKlass kotlin/reflect/jvm/internal/impl/serialization/deserialization/descriptors/DeserializedMemberScope$OptimizedImplementation$computeDescriptors$1$1
instanceKlass kotlin/reflect/jvm/internal/impl/builtins/jvm/JvmBuiltIns$Settings
instanceKlass kotlin/reflect/jvm/internal/impl/resolve/MemberComparator$NameAndTypeMemberComparator
instanceKlass kotlin/reflect/jvm/internal/impl/types/AbstractTypeConstructor$$Lambda$4
instanceKlass kotlin/reflect/jvm/internal/impl/types/AbstractTypeConstructor$$Lambda$3
instanceKlass kotlin/reflect/jvm/internal/impl/storage/SingleThreadValue
instanceKlass kotlin/reflect/jvm/internal/impl/load/kotlin/SignatureBuildingComponents
instanceKlass kotlin/reflect/jvm/internal/impl/builtins/jvm/JvmBuiltInsSignatures
instanceKlass kotlin/reflect/jvm/internal/impl/descriptors/TypeAliasDescriptor
instanceKlass kotlin/reflect/jvm/internal/impl/util/EmptyArrayMap$iterator$1
instanceKlass kotlin/reflect/jvm/internal/impl/serialization/deserialization/TypeDeserializer$$Lambda$2
instanceKlass kotlin/reflect/jvm/internal/impl/util/collectionUtils/ScopeUtilsKt
instanceKlass kotlin/reflect/jvm/internal/impl/load/java/JavaClassFinder$Request
instanceKlass kotlin/reflect/jvm/internal/impl/serialization/deserialization/DeserializedPackageFragmentImpl$$Lambda$1
instanceKlass kotlin/Triple
instanceKlass kotlin/reflect/jvm/internal/impl/metadata/deserialization/NameResolverImpl$WhenMappings
instanceKlass kotlin/reflect/jvm/internal/impl/protobuf/Utf8
instanceKlass kotlin/reflect/jvm/internal/impl/serialization/deserialization/DeserializedPackageFragmentImpl$$Lambda$0
instanceKlass kotlin/reflect/jvm/internal/impl/serialization/deserialization/ProtoBasedClassDataFinder
instanceKlass kotlin/reflect/jvm/internal/impl/metadata/deserialization/NameResolverImpl
instanceKlass kotlin/reflect/jvm/internal/impl/metadata/ProtoBuf$QualifiedNameTable$QualifiedName$Kind$1
instanceKlass kotlin/reflect/jvm/internal/impl/metadata/ProtoBuf$QualifiedNameTable$QualifiedNameOrBuilder
instanceKlass kotlin/reflect/jvm/internal/impl/metadata/ProtoBuf$QualifiedNameTableOrBuilder
instanceKlass kotlin/reflect/jvm/internal/impl/protobuf/LazyStringList
instanceKlass kotlin/reflect/jvm/internal/impl/protobuf/ProtocolStringList
instanceKlass kotlin/reflect/jvm/internal/impl/metadata/ProtoBuf$StringTableOrBuilder
instanceKlass kotlin/reflect/jvm/internal/impl/metadata/ProtoBuf$PackageFragmentOrBuilder
instanceKlass kotlin/collections/IntIterator
instanceKlass kotlin/reflect/jvm/internal/impl/metadata/builtins/BuiltInsBinaryVersion$Companion
instanceKlass kotlin/reflect/jvm/internal/impl/metadata/builtins/ReadPackageFragmentKt
instanceKlass kotlin/reflect/jvm/internal/impl/serialization/deserialization/builtins/BuiltInsPackageFragmentImpl$Companion
instanceKlass kotlin/reflect/jvm/internal/impl/builtins/BuiltInsPackageFragment
instanceKlass kotlin/reflect/jvm/internal/impl/metadata/deserialization/ProtoTypeTableUtilKt
instanceKlass kotlin/reflect/jvm/internal/impl/types/AbstractTypeConstructor$Supertypes
instanceKlass kotlin/reflect/jvm/internal/impl/resolve/scopes/MemberScope$Companion$$Lambda$0
instanceKlass kotlin/reflect/jvm/internal/impl/resolve/scopes/MemberScope$Companion
instanceKlass kotlin/reflect/jvm/internal/impl/resolve/scopes/DescriptorKindFilter$Companion$MaskToName
instanceKlass kotlin/reflect/jvm/internal/impl/resolve/scopes/DescriptorKindFilter$Companion
instanceKlass kotlin/reflect/jvm/internal/impl/resolve/scopes/DescriptorKindFilter
instanceKlass kotlin/reflect/jvm/internal/impl/resolve/scopes/ResolutionScope$DefaultImpls
instanceKlass kotlin/reflect/jvm/internal/impl/descriptors/impl/DeclarationDescriptorVisitorEmptyBodies
instanceKlass kotlin/reflect/jvm/internal/impl/descriptors/TypeParameterUtilsKt
instanceKlass kotlin/reflect/jvm/internal/impl/serialization/deserialization/descriptors/DeserializedClassDescriptor$DeserializedClassMemberScope$$Lambda$2
instanceKlass kotlin/reflect/jvm/internal/impl/serialization/deserialization/descriptors/DeserializedClassDescriptor$DeserializedClassMemberScope$$Lambda$1
instanceKlass kotlin/reflect/jvm/internal/impl/serialization/deserialization/descriptors/DeserializedMemberScope$$Lambda$1
instanceKlass kotlin/reflect/jvm/internal/impl/serialization/deserialization/descriptors/DeserializedMemberScope$$Lambda$0
instanceKlass kotlin/reflect/jvm/internal/impl/serialization/deserialization/descriptors/DeserializedMemberScope$OptimizedImplementation$$Lambda$4
instanceKlass kotlin/reflect/jvm/internal/impl/serialization/deserialization/descriptors/DeserializedMemberScope$OptimizedImplementation$$Lambda$3
instanceKlass kotlin/reflect/jvm/internal/impl/serialization/deserialization/descriptors/DeserializedMemberScope$OptimizedImplementation$$Lambda$2
instanceKlass kotlin/reflect/jvm/internal/impl/serialization/deserialization/descriptors/DeserializedMemberScope$OptimizedImplementation$$Lambda$1
instanceKlass kotlin/reflect/jvm/internal/impl/serialization/deserialization/descriptors/DeserializedMemberScope$OptimizedImplementation$$Lambda$0
instanceKlass kotlin/reflect/jvm/internal/impl/protobuf/SmallSortedMap$EntryIterator
instanceKlass kotlin/reflect/jvm/internal/impl/protobuf/GeneratedMessageLite$ExtendableMessage$ExtensionWriter
instanceKlass kotlin/reflect/jvm/internal/impl/serialization/deserialization/descriptors/DeserializedMemberScope$OptimizedImplementation
instanceKlass kotlin/reflect/jvm/internal/impl/serialization/deserialization/descriptors/DeserializedMemberScope$Implementation
instanceKlass kotlin/reflect/jvm/internal/impl/serialization/deserialization/descriptors/DeserializedClassDescriptor$DeserializedClassMemberScope$$Lambda$0
instanceKlass kotlin/reflect/jvm/ReflectJvmMapping
instanceKlass io/mockk/impl/platform/JvmWeakConcurrentMap$StrongKey
instanceKlass io/mockk/proxy/jvm/advice/MethodCall
instanceKlass io/mockk/proxy/jvm/advice/SelfCallEliminatorCallable
instanceKlass io/mockk/proxy/jvm/advice/Interceptor
instanceKlass io/mockk/proxy/jvm/advice/SelfCallEliminator
instanceKlass java/lang/Class$2
instanceKlass io/mockk/proxy/jvm/util/DefaultInterfaceMethodResolver$Companion
instanceKlass io/mockk/proxy/jvm/util/DefaultInterfaceMethodResolver
instanceKlass kotlinx/coroutines/scheduling/WorkQueue
instanceKlass kotlinx/coroutines/internal/LimitedDispatcher$Worker
instanceKlass kotlinx/coroutines/internal/LockFreeTaskQueueCore$Placeholder
instanceKlass kotlinx/coroutines/internal/LimitedDispatcherKt
instanceKlass kotlinx/coroutines/DisposeOnCancel
instanceKlass kotlinx/coroutines/CancelHandler
instanceKlass kotlinx/coroutines/CancellableContinuationKt
instanceKlass kotlinx/coroutines/Active
instanceKlass kotlinx/coroutines/Waiter
instanceKlass kotlinx/coroutines/CancellableContinuation
instanceKlass kotlinx/coroutines/JobSupport$Finishing
instanceKlass kotlinx/coroutines/EventLoopImplBase$DelayedTask
instanceKlass kotlinx/coroutines/DefaultExecutorKt
instanceKlass kotlinx/coroutines/Delay$DefaultImpls
instanceKlass kotlinx/coroutines/internal/Removed
instanceKlass kotlinx/coroutines/InactiveNodeList
instanceKlass kotlinx/coroutines/DelayKt
instanceKlass kotlinx/coroutines/TimeoutKt
instanceKlass kotlinx/coroutines/BuildersKt__Builders_commonKt
instanceKlass kotlinx/coroutines/channels/ChannelResult$Failed
instanceKlass kotlinx/coroutines/channels/ChannelResult$Companion
instanceKlass kotlinx/coroutines/channels/ChannelResult
instanceKlass kotlinx/coroutines/test/TestDispatchEvent
instanceKlass kotlinx/coroutines/test/TestCoroutineSchedulerKt
instanceKlass kotlinx/coroutines/JobKt__JobKt
instanceKlass kotlinx/coroutines/JobKt
instanceKlass kotlinx/coroutines/YieldKt
instanceKlass kotlinx/coroutines/intrinsics/UndispatchedKt
instanceKlass kotlinx/coroutines/test/AtomicBoolean
instanceKlass kotlinx/coroutines/DispatchedTaskKt
instanceKlass kotlinx/coroutines/CompletedExceptionally
instanceKlass kotlinx/coroutines/UndispatchedMarker
instanceKlass kotlinx/coroutines/CoroutineName$Key
instanceKlass kotlinx/coroutines/EventLoop_commonKt
instanceKlass kotlinx/coroutines/AbstractTimeSourceKt
instanceKlass kotlinx/coroutines/CompletionStateKt
instanceKlass kotlinx/coroutines/internal/ThreadState
instanceKlass kotlinx/coroutines/internal/ThreadContextKt
instanceKlass kotlinx/coroutines/internal/DispatchedContinuationKt
instanceKlass kotlinx/coroutines/scheduling/Task
instanceKlass kotlinx/coroutines/intrinsics/CancellableKt
instanceKlass kotlinx/coroutines/CoroutineStart$WhenMappings
instanceKlass kotlinx/coroutines/CoroutineId$Key
instanceKlass kotlinx/coroutines/CopyableThreadContextElement
instanceKlass kotlinx/coroutines/CoroutineContextKt
instanceKlass kotlinx/coroutines/GlobalScope
instanceKlass kotlinx/coroutines/EventLoopKt
instanceKlass kotlinx/coroutines/internal/ThreadLocalKt
instanceKlass kotlinx/coroutines/ThreadLocalEventLoop
instanceKlass kotlinx/coroutines/BuildersKt__BuildersKt
instanceKlass kotlinx/coroutines/BuildersKt
instanceKlass kotlinx/coroutines/CopyableThrowable
instanceKlass kotlinx/coroutines/test/internal/ExceptionCollectorAsService
instanceKlass kotlinx/coroutines/internal/CoroutineExceptionHandlerImplKt
instanceKlass kotlinx/coroutines/internal/ContextScope
instanceKlass kotlinx/coroutines/CoroutineScopeKt
instanceKlass kotlinx/coroutines/internal/LockFreeLinkedListNode
instanceKlass kotlinx/coroutines/CompletableJob
instanceKlass kotlinx/coroutines/test/BackgroundWork
instanceKlass kotlinx/coroutines/Job$DefaultImpls
instanceKlass kotlinx/coroutines/NonDisposableHandle
instanceKlass kotlinx/coroutines/ChildHandle
instanceKlass kotlinx/coroutines/DisposableHandle
instanceKlass kotlinx/coroutines/ThreadContextElement
instanceKlass kotlinx/coroutines/DebugKt
instanceKlass kotlinx/coroutines/Job$Key
instanceKlass kotlinx/coroutines/Empty
instanceKlass kotlinx/coroutines/Incomplete
instanceKlass kotlinx/coroutines/JobSupportKt
instanceKlass kotlinx/coroutines/JobSupport
instanceKlass kotlinx/coroutines/ParentJob
instanceKlass kotlinx/coroutines/ChildJob
instanceKlass kotlinx/coroutines/Job
instanceKlass kotlinx/coroutines/test/TestScope
instanceKlass kotlinx/coroutines/CoroutineScope
instanceKlass kotlinx/coroutines/CoroutineExceptionHandler$Key
instanceKlass kotlinx/coroutines/CoroutineExceptionHandler
instanceKlass kotlinx/coroutines/channels/BufferedChannelKt
instanceKlass kotlinx/coroutines/channels/BufferedChannel
instanceKlass kotlinx/coroutines/channels/ChannelKt
instanceKlass kotlinx/coroutines/internal/ThreadSafeHeapNode
instanceKlass kotlinx/coroutines/test/internal/TestMainDispatcher$NonConcurrentlyModifiable
instanceKlass kotlinx/coroutines/internal/MainDispatchersKt
instanceKlass kotlinx/coroutines/test/internal/TestMainDispatcherFactory
instanceKlass kotlinx/coroutines/android/AndroidDispatcherFactory
instanceKlass android/os/Build
instanceKlass kotlinx/coroutines/internal/FastServiceLoaderKt
instanceKlass kotlinx/coroutines/internal/MainDispatcherFactory
instanceKlass kotlinx/coroutines/internal/FastServiceLoader
instanceKlass kotlinx/coroutines/internal/MainDispatcherLoader
instanceKlass kotlinx/coroutines/internal/LockFreeTaskQueueCore$Companion
instanceKlass kotlinx/coroutines/internal/LockFreeTaskQueueCore
instanceKlass kotlinx/coroutines/internal/ResizableAtomicArray
instanceKlass kotlinx/coroutines/internal/LockFreeTaskQueue
instanceKlass kotlinx/coroutines/scheduling/CoroutineScheduler$Companion
instanceKlass kotlinx/coroutines/scheduling/CoroutineScheduler
instanceKlass kotlinx/coroutines/scheduling/SchedulerTimeSource
instanceKlass kotlinx/coroutines/scheduling/TasksKt
instanceKlass kotlinx/coroutines/Dispatchers
instanceKlass kotlinx/coroutines/test/internal/TestMainDispatcher$Companion
instanceKlass kotlinx/coroutines/DelayWithTimeoutDiagnostics
instanceKlass kotlinx/coroutines/Delay
instanceKlass kotlinx/coroutines/test/TestCoroutineDispatchersKt
instanceKlass kotlinx/coroutines/channels/Channel
instanceKlass kotlinx/coroutines/channels/ReceiveChannel
instanceKlass kotlinx/coroutines/channels/SendChannel
instanceKlass kotlinx/coroutines/internal/ThreadSafeHeap
instanceKlass kotlinx/coroutines/test/TestCoroutineScheduler$Key
instanceKlass kotlinx/coroutines/test/TestScopeKt
instanceKlass kotlinx/coroutines/test/RunningInRunTest
instanceKlass kotlinx/coroutines/test/TestBuildersJvmKt
instanceKlass kotlinx/coroutines/test/TestBuildersKt__TestBuildersKt
instanceKlass kotlinx/coroutines/test/TestBuildersKt
instanceKlass kotlinx/coroutines/selects/SelectInstance
instanceKlass kotlinx/coroutines/internal/SystemPropsKt__SystemPropsKt
instanceKlass kotlinx/coroutines/internal/SystemPropsKt__SystemProps_commonKt
instanceKlass kotlinx/coroutines/internal/SystemPropsKt
instanceKlass kotlinx/coroutines/sync/SemaphoreKt
instanceKlass kotlinx/coroutines/internal/ConcurrentLinkedListNode
instanceKlass kotlinx/coroutines/NotCompleted
instanceKlass kotlinx/coroutines/sync/SemaphoreAndMutexImpl
instanceKlass kotlinx/coroutines/sync/Mutex
instanceKlass kotlinx/coroutines/internal/Symbol
instanceKlass kotlinx/coroutines/sync/MutexKt
instanceKlass top/mcxiafeng/badger/data/repository/CollectionRepositoryImpl$Companion
instanceKlass net/bytebuddy/implementation/bytecode/StackSize$1
instanceKlass net/bytebuddy/jar/asm/Opcodes
instanceKlass net/bytebuddy/asm/Advice$OffsetMapping$Target$ForArray
instanceKlass net/bytebuddy/asm/Advice$StackMapFrameHandler$Default$ForAdvice
instanceKlass net/bytebuddy/asm/Advice$MethodSizeHandler$Default$ForAdvice
instanceKlass net/bytebuddy/asm/Advice$ArgumentHandler$ForAdvice$Default
instanceKlass net/bytebuddy/asm/Advice$Dispatcher$RelocationHandler$Relocation$ForLabel
instanceKlass net/bytebuddy/asm/Advice$Dispatcher$RelocationHandler$ForValue$Bound
instanceKlass net/bytebuddy/asm/Advice$StackMapFrameHandler$ForAdvice
instanceKlass net/bytebuddy/asm/Advice$StackMapFrameHandler$ForPostProcessor
instanceKlass net/bytebuddy/asm/Advice$StackMapFrameHandler$Default
instanceKlass net/bytebuddy/asm/Advice$StackMapFrameHandler$ForInstrumentedMethod
instanceKlass net/bytebuddy/asm/Advice$StackMapFrameHandler
instanceKlass net/bytebuddy/asm/Advice$MethodSizeHandler$ForAdvice
instanceKlass net/bytebuddy/asm/Advice$MethodSizeHandler$Default
instanceKlass net/bytebuddy/asm/Advice$MethodSizeHandler$ForInstrumentedMethod
instanceKlass net/bytebuddy/asm/Advice$MethodSizeHandler
instanceKlass net/bytebuddy/asm/Advice$ArgumentHandler$ForAdvice
instanceKlass net/bytebuddy/asm/Advice$ArgumentHandler$ForInstrumentedMethod$Default
instanceKlass net/bytebuddy/asm/Advice$ArgumentHandler$ForInstrumentedMethod
instanceKlass net/bytebuddy/jar/asm/Label
instanceKlass net/bytebuddy/dynamic/scaffold/TypeWriter$Default$ForInlining$WithFullProcessing$InitializationHandler$Appending$FrameWriter$Active
instanceKlass net/bytebuddy/dynamic/scaffold/TypeWriter$Default$ForInlining$WithFullProcessing$InitializationHandler$Appending$FrameWriter
instanceKlass net/bytebuddy/dynamic/scaffold/TypeWriter$FieldPool$Record$ForImplicitField
instanceKlass net/bytebuddy/jar/asm/Handle
instanceKlass top/mcxiafeng/badger/network/CollectionDto
instanceKlass top/mcxiafeng/badger/network/TagDto
instanceKlass top/mcxiafeng/badger/network/BackupSummary
instanceKlass top/mcxiafeng/badger/network/TagCandidate
instanceKlass top/mcxiafeng/badger/network/ProfileDto
instanceKlass top/mcxiafeng/badger/network/VerificationCodeResult
instanceKlass top/mcxiafeng/badger/network/CaptchaResult
instanceKlass top/mcxiafeng/badger/network/RegisterPolicy
instanceKlass top/mcxiafeng/badger/network/ExtractedContact
instanceKlass top/mcxiafeng/badger/network/BackupUpload
instanceKlass top/mcxiafeng/badger/network/SyncPage
instanceKlass top/mcxiafeng/badger/network/PersonDto
instanceKlass top/mcxiafeng/badger/network/AuthResponse
instanceKlass net/bytebuddy/description/type/TypeDescription$Generic$AnnotationReader$Delegator$ForLoadedField$Dispatcher
instanceKlass top/mcxiafeng/badger/network/SyncApi
instanceKlass top/mcxiafeng/badger/network/PersonApi
instanceKlass top/mcxiafeng/badger/network/V2DomainApi
instanceKlass top/mcxiafeng/badger/network/BackupApi
instanceKlass top/mcxiafeng/badger/network/ShortLinkApi
instanceKlass top/mcxiafeng/badger/network/ResolverApi
instanceKlass top/mcxiafeng/badger/network/AiApi
instanceKlass top/mcxiafeng/badger/network/AuthApi
instanceKlass top/mcxiafeng/badger/network/ApiCore
instanceKlass okhttp3/OkHttpClient
instanceKlass okhttp3/WebSocket$Factory
instanceKlass okhttp3/Call$Factory
instanceKlass top/mcxiafeng/badger/network/ServerApi$Companion
instanceKlass top/mcxiafeng/badger/data/cache/dao/ContactCacheDao$Subclass2$auxiliary$RESmhmld
instanceKlass top/mcxiafeng/badger/data/cache/dao/ContactCacheDao$Subclass2$auxiliary$qfZiuKRT
instanceKlass top/mcxiafeng/badger/data/cache/dao/ContactCacheDao$Subclass2$auxiliary$BNVhAZTy
instanceKlass top/mcxiafeng/badger/data/cache/dao/ContactCacheDao$Subclass2$auxiliary$2xAMQQ7N
instanceKlass top/mcxiafeng/badger/data/cache/dao/ContactCacheDao$Subclass2
instanceKlass sun/reflect/generics/tree/BooleanSignature
instanceKlass top/mcxiafeng/badger/data/LetterCount
instanceKlass top/mcxiafeng/badger/data/ScanResultDao$Subclass1$auxiliary$C0cbPxhA
instanceKlass top/mcxiafeng/badger/data/ScanResultDao$Subclass1$auxiliary$kbG86vUl
instanceKlass top/mcxiafeng/badger/data/ScanResultDao$Subclass1$auxiliary$N7V8PRyr
instanceKlass top/mcxiafeng/badger/data/ScanResultDao$Subclass1$auxiliary$Zak2UvHF
instanceKlass top/mcxiafeng/badger/data/ScanResultDao$Subclass1
instanceKlass top/mcxiafeng/badger/data/ScanResult
instanceKlass kotlin/reflect/jvm/internal/impl/metadata/ProtoBuf$Annotation$ArgumentOrBuilder
instanceKlass io/mockk/impl/InternalPlatform$weakRef$1
instanceKlass io/mockk/impl/WeakRef
instanceKlass sun/reflect/ReflectionFactory$1
instanceKlass sun/reflect/ReflectionFactory
instanceKlass org/objenesis/instantiator/sun/SunReflectionFactoryHelper
instanceKlass org/objenesis/instantiator/sun/SunReflectionFactoryInstantiator
instanceKlass org/objenesis/strategy/PlatformDescription
instanceKlass top/mcxiafeng/badger/data/cache/dao/CardCollectionCacheDao$Subclass0$auxiliary$QcU8nhaP
instanceKlass top/mcxiafeng/badger/data/cache/dao/CardCollectionCacheDao$Subclass0$auxiliary$gscBf5cA
instanceKlass top/mcxiafeng/badger/data/cache/dao/CardCollectionCacheDao$Subclass0$auxiliary$WssPcTJg
instanceKlass top/mcxiafeng/badger/data/cache/dao/CardCollectionCacheDao$Subclass0$auxiliary$knswtzcE
instanceKlass top/mcxiafeng/badger/data/cache/dao/CardCollectionCacheDao$Subclass0
instanceKlass net/bytebuddy/description/type/PackageDescription$AbstractBase
instanceKlass net/bytebuddy/dynamic/loading/ClassLoadingStrategy$UsingLookup
instanceKlass net/bytebuddy/dynamic/loading/ClassInjector$UsingLookup$MethodHandles$Lookup
instanceKlass net/bytebuddy/dynamic/loading/ClassInjector$UsingLookup$MethodHandles
instanceKlass net/bytebuddy/dynamic/loading/ClassInjector$AbstractBase
instanceKlass net/bytebuddy/dynamic/loading/ClassInjector
instanceKlass io/mockk/proxy/jvm/ClassLoadingStrategyChooser
instanceKlass net/bytebuddy/implementation/bytecode/constant/ClassConstant$ForReferenceType
instanceKlass net/bytebuddy/implementation/bytecode/ByteCodeAppender$Compound
instanceKlass net/bytebuddy/dynamic/scaffold/TypeInitializer$Simple
instanceKlass net/bytebuddy/implementation/bytecode/ByteCodeAppender$Simple
instanceKlass net/bytebuddy/description/type/TypeDescription$Generic$AnnotationReader$Delegator$ForLoadedExecutableExceptionType$Dispatcher
instanceKlass net/bytebuddy/implementation/bytecode/Removal$2
instanceKlass net/bytebuddy/implementation/bytecode/ByteCodeAppender$Size
instanceKlass net/bytebuddy/implementation/bytecode/assign/primitive/PrimitiveBoxingDelegate$BoxingStackManipulation
instanceKlass net/bytebuddy/implementation/attribute/AnnotationAppender$Target$OnField
instanceKlass net/bytebuddy/dynamic/scaffold/TypeWriter$FieldPool$Record$ForExplicitField
instanceKlass net/bytebuddy/description/type/TypeVariableToken
instanceKlass net/bytebuddy/description/field/FieldDescription$SignatureToken
instanceKlass net/bytebuddy/dynamic/scaffold/FieldRegistry$Default$Compiled$Entry
instanceKlass net/bytebuddy/implementation/auxiliary/MethodCallProxy$ConstructorCall$Appender
instanceKlass net/bytebuddy/implementation/auxiliary/MethodCallProxy$MethodCall$Appender
instanceKlass net/bytebuddy/description/type/TypeDescription$Generic$Visitor$Reducing
instanceKlass net/bytebuddy/dynamic/scaffold/FieldRegistry$Default$Entry
instanceKlass net/bytebuddy/matcher/LatentMatcher$ForFieldToken
instanceKlass net/bytebuddy/implementation/attribute/FieldAttributeAppender
instanceKlass net/bytebuddy/description/field/FieldDescription$Token
instanceKlass net/bytebuddy/implementation/attribute/FieldAttributeAppender$Factory
instanceKlass net/bytebuddy/matcher/LatentMatcher$ForMethodToken
instanceKlass net/bytebuddy/dynamic/DynamicType$Builder$MethodDefinition$TypeVariableDefinition$Annotatable
instanceKlass net/bytebuddy/dynamic/DynamicType$Builder$MethodDefinition$ParameterDefinition$Annotatable
instanceKlass net/bytebuddy/dynamic/DynamicType$Builder$MethodDefinition$ParameterDefinition$Simple$Annotatable
instanceKlass net/bytebuddy/implementation/auxiliary/MethodCallProxy$MethodCall
instanceKlass net/bytebuddy/dynamic/scaffold/MethodGraph$Simple
instanceKlass net/bytebuddy/dynamic/scaffold/MethodGraph$Node$Simple
instanceKlass net/bytebuddy/implementation/auxiliary/MethodCallProxy
instanceKlass net/bytebuddy/implementation/bytecode/member/FieldAccess$AccessDispatcher
instanceKlass net/bytebuddy/implementation/bytecode/member/FieldAccess$Defined
instanceKlass net/bytebuddy/implementation/Implementation$Context$Default$FieldCacheEntry
instanceKlass net/bytebuddy/implementation/bind/MethodDelegationBinder$1
instanceKlass net/bytebuddy/implementation/bind/MethodDelegationBinder$MethodBinding$Builder$Build
instanceKlass net/bytebuddy/implementation/auxiliary/AuxiliaryType
instanceKlass net/bytebuddy/implementation/bytecode/member/MethodInvocation$WithImplicitInvocationTargetType
instanceKlass net/bytebuddy/description/method/MethodDescription$SignatureToken
instanceKlass net/bytebuddy/implementation/bytecode/collection/ArrayFactory$ArrayStackManipulation
instanceKlass net/bytebuddy/implementation/bytecode/collection/ArrayFactory$ArrayCreator
instanceKlass net/bytebuddy/implementation/bytecode/collection/ArrayFactory
instanceKlass net/bytebuddy/implementation/bytecode/collection/CollectionFactory
instanceKlass net/bytebuddy/implementation/bytecode/constant/MethodConstant$CachedMethod
instanceKlass net/bytebuddy/implementation/bytecode/constant/MethodConstant$CanCache
instanceKlass net/bytebuddy/implementation/bytecode/member/MethodVariableAccess$MethodLoading$TypeCastingHandler
instanceKlass net/bytebuddy/implementation/bind/MethodDelegationBinder$MethodBinding$Builder
instanceKlass net/bytebuddy/implementation/bytecode/assign/primitive/PrimitiveUnboxingDelegate$ImplicitlyTypedUnboxingResponsible
instanceKlass net/bytebuddy/implementation/bytecode/assign/primitive/PrimitiveUnboxingDelegate$UnboxingResponsible
instanceKlass net/bytebuddy/implementation/attribute/AnnotationAppender$Target$OnMethodParameter
instanceKlass net/bytebuddy/implementation/attribute/AnnotationAppender$Target$OnMethod
instanceKlass net/bytebuddy/description/modifier/Visibility$1
instanceKlass net/bytebuddy/dynamic/scaffold/TypeWriter$MethodPool$Record$AccessBridgeWrapper
instanceKlass net/bytebuddy/description/annotation/AnnotationValue$Loaded$AbstractBase
instanceKlass net/bytebuddy/implementation/attribute/AnnotationAppender$1
instanceKlass net/bytebuddy/jar/asm/TypeReference
instanceKlass net/bytebuddy/implementation/SuperMethodCall$Appender
instanceKlass net/bytebuddy/dynamic/scaffold/MethodRegistry$Default$Compiled$Entry
instanceKlass net/bytebuddy/implementation/attribute/MethodAttributeAppender$Compound
instanceKlass net/bytebuddy/implementation/bind/MethodDelegationBinder$Processor
instanceKlass net/bytebuddy/implementation/MethodDelegation$Appender
instanceKlass net/bytebuddy/implementation/bind/MethodDelegationBinder$MethodInvoker
instanceKlass net/bytebuddy/implementation/MethodDelegation$ImplementationDelegate$Compiled$ForStaticCall
instanceKlass net/bytebuddy/dynamic/scaffold/MethodRegistry$Handler$ForImplementation$Compiled
instanceKlass net/bytebuddy/dynamic/scaffold/MethodRegistry$Default$Prepared$Entry
instanceKlass net/bytebuddy/dynamic/scaffold/subclass/SubclassDynamicTypeBuilder$InstrumentableMatcher
instanceKlass net/bytebuddy/description/method/ParameterDescription$InGenericShape
instanceKlass net/bytebuddy/description/method/MethodDescription$InGenericShape
instanceKlass net/bytebuddy/dynamic/scaffold/MethodRegistry$Default$Entry
instanceKlass net/bytebuddy/implementation/attribute/MethodAttributeAppender$Factory$Compound
instanceKlass net/bytebuddy/implementation/attribute/MethodAttributeAppender
instanceKlass net/bytebuddy/dynamic/Transformer
instanceKlass net/bytebuddy/dynamic/scaffold/MethodRegistry$Handler$Compiled
instanceKlass net/bytebuddy/dynamic/scaffold/MethodRegistry$Handler$ForImplementation
instanceKlass net/bytebuddy/dynamic/DynamicType$Builder$MethodDefinition$ImplementationDefinition$AbstractBase
instanceKlass net/bytebuddy/description/modifier/ModifierContributor$Resolver
instanceKlass net/bytebuddy/dynamic/scaffold/MethodRegistry$Handler
instanceKlass net/bytebuddy/implementation/attribute/MethodAttributeAppender$Factory
instanceKlass net/bytebuddy/implementation/bind/MethodDelegationBinder$MethodBinding
instanceKlass net/bytebuddy/implementation/bind/annotation/TargetMethodAnnotationDrivenBinder$Record
instanceKlass net/bytebuddy/implementation/bind/annotation/TargetMethodAnnotationDrivenBinder$DelegationProcessor$Handler$Bound
instanceKlass net/bytebuddy/implementation/bind/annotation/RuntimeType$Verifier
instanceKlass net/bytebuddy/implementation/bind/annotation/IgnoreForBinding
instanceKlass net/bytebuddy/implementation/bind/annotation/RuntimeType
instanceKlass net/bytebuddy/implementation/bind/annotation/IgnoreForBinding$Verifier
instanceKlass net/bytebuddy/implementation/MethodDelegation$ImplementationDelegate$Compiled
instanceKlass net/bytebuddy/implementation/MethodDelegation$ImplementationDelegate$ForStaticMethod
instanceKlass net/bytebuddy/implementation/bind/annotation/Empty
instanceKlass net/bytebuddy/implementation/bind/annotation/StubValue
instanceKlass net/bytebuddy/implementation/bind/annotation/TargetMethodAnnotationDrivenBinder$DelegationProcessor$Handler$Unbound
instanceKlass net/bytebuddy/implementation/bind/annotation/TargetMethodAnnotationDrivenBinder$DelegationProcessor$Handler
instanceKlass net/bytebuddy/implementation/bind/annotation/TargetMethodAnnotationDrivenBinder$DelegationProcessor
instanceKlass net/bytebuddy/implementation/bind/annotation/TargetMethodAnnotationDrivenBinder
instanceKlass net/bytebuddy/implementation/bind/MethodDelegationBinder
instanceKlass net/bytebuddy/implementation/bind/annotation/TargetMethodAnnotationDrivenBinder$ParameterBinder$ForFixedValue
instanceKlass net/bytebuddy/implementation/bind/annotation/FieldSetterHandle
instanceKlass net/bytebuddy/implementation/bind/annotation/FieldGetterHandle
instanceKlass net/bytebuddy/implementation/bind/annotation/FieldValue
instanceKlass net/bytebuddy/dynamic/scaffold/FieldLocator$AbstractBase
instanceKlass net/bytebuddy/dynamic/scaffold/FieldLocator
instanceKlass net/bytebuddy/implementation/bind/annotation/TargetMethodAnnotationDrivenBinder$ParameterBinder$ForFieldBinding
instanceKlass net/bytebuddy/implementation/bind/annotation/DefaultMethodHandle
instanceKlass net/bytebuddy/implementation/bind/annotation/DefaultMethodHandle$Binder$MethodLocator$ForExplicitType
instanceKlass net/bytebuddy/implementation/bind/annotation/DefaultMethodHandle$Binder$MethodLocator
instanceKlass net/bytebuddy/implementation/bind/annotation/DefaultMethod
instanceKlass net/bytebuddy/implementation/bind/annotation/DefaultMethod$Binder$MethodLocator$ForExplicitType
instanceKlass net/bytebuddy/implementation/bind/annotation/DefaultMethod$Binder$MethodLocator
instanceKlass net/bytebuddy/implementation/bind/annotation/SuperMethodHandle
instanceKlass net/bytebuddy/implementation/bind/annotation/SuperMethod
instanceKlass net/bytebuddy/implementation/bind/annotation/DefaultCallHandle
instanceKlass net/bytebuddy/implementation/bind/annotation/DefaultCallHandle$Binder$DefaultMethodLocator$Explicit
instanceKlass net/bytebuddy/implementation/bind/annotation/DefaultCallHandle$Binder$DefaultMethodLocator
instanceKlass net/bytebuddy/implementation/bind/annotation/DefaultCall
instanceKlass net/bytebuddy/implementation/bind/annotation/DefaultCall$Binder$DefaultMethodLocator$Explicit
instanceKlass net/bytebuddy/implementation/bind/annotation/DefaultCall$Binder$DefaultMethodLocator
instanceKlass net/bytebuddy/implementation/bind/annotation/SuperCallHandle
instanceKlass net/bytebuddy/implementation/bind/annotation/SuperCall
instanceKlass net/bytebuddy/implementation/bind/annotation/Default
instanceKlass net/bytebuddy/implementation/bind/annotation/Super
instanceKlass net/bytebuddy/implementation/bind/annotation/This
instanceKlass net/bytebuddy/implementation/bytecode/StackManipulation$Compound
instanceKlass net/bytebuddy/implementation/bind/annotation/Origin
instanceKlass net/bytebuddy/implementation/bind/MethodDelegationBinder$ParameterBinding$Anonymous
instanceKlass net/bytebuddy/implementation/bind/annotation/AllArguments
instanceKlass net/bytebuddy/implementation/bind/annotation/Argument
instanceKlass net/bytebuddy/implementation/bind/MethodDelegationBinder$ParameterBinding
instanceKlass net/bytebuddy/implementation/bind/annotation/TargetMethodAnnotationDrivenBinder$ParameterBinder
instanceKlass net/bytebuddy/implementation/bind/annotation/BindingPriority
instanceKlass net/bytebuddy/implementation/bind/MethodDelegationBinder$AmbiguityResolver$Compound
instanceKlass net/bytebuddy/implementation/bind/MethodDelegationBinder$BindingResolver
instanceKlass net/bytebuddy/dynamic/scaffold/FieldLocator$Factory
instanceKlass net/bytebuddy/implementation/MethodDelegation$ImplementationDelegate
instanceKlass net/bytebuddy/implementation/MethodDelegation$WithCustomProperties
instanceKlass net/bytebuddy/implementation/bind/MethodDelegationBinder$TerminationHandler
instanceKlass net/bytebuddy/implementation/bind/MethodDelegationBinder$AmbiguityResolver
instanceKlass net/bytebuddy/implementation/bind/MethodDelegationBinder$Record
instanceKlass net/bytebuddy/implementation/MethodDelegation
instanceKlass net/bytebuddy/dynamic/loading/MultipleParentClassLoader$Builder
instanceKlass net/bytebuddy/TypeCache$LookupKey
instanceKlass io/mockk/proxy/jvm/transformation/CacheKey
instanceKlass io/mockk/proxy/common/CancelableResult
instanceKlass io/mockk/proxy/Cancelable
instanceKlass net/bytebuddy/dynamic/DynamicType$Loaded
instanceKlass net/bytebuddy/dynamic/DynamicType$Default
instanceKlass net/bytebuddy/dynamic/DynamicType$Unloaded
instanceKlass net/bytebuddy/dynamic/DynamicType
instanceKlass net/bytebuddy/dynamic/scaffold/TypeWriter$Default$UnresolvedType
instanceKlass kotlin/jvm/JvmInline
instanceKlass net/bytebuddy/dynamic/scaffold/TypeWriter$Default$SignatureKey
instanceKlass net/bytebuddy/implementation/attribute/AnnotationAppender$ForTypeAnnotations
instanceKlass net/bytebuddy/implementation/attribute/AnnotationAppender$Target$OnType
instanceKlass net/bytebuddy/description/type/TypeDescription$Generic$Visitor$ForSignatureVisitor
instanceKlass net/bytebuddy/jar/asm/signature/SignatureVisitor
instanceKlass net/bytebuddy/dynamic/scaffold/TypeWriter$MethodPool$Record$ForDefinedMethod
instanceKlass net/bytebuddy/implementation/Implementation$Context$ExtractableView$AbstractBase
instanceKlass net/bytebuddy/dynamic/scaffold/TypeInitializer$Drain$Default
instanceKlass net/bytebuddy/dynamic/scaffold/TypeInitializer$Drain
instanceKlass net/bytebuddy/dynamic/scaffold/TypeWriter$MethodPool$Record$ForNonImplementedMethod
instanceKlass net/bytebuddy/dynamic/scaffold/TypeWriter$MethodPool$Record
instanceKlass net/bytebuddy/dynamic/scaffold/MethodRegistry$Default$Compiled
instanceKlass net/bytebuddy/implementation/Implementation$SpecialMethodInvocation
instanceKlass net/bytebuddy/implementation/Implementation$Target$AbstractBase
instanceKlass net/bytebuddy/jar/asm/Context
instanceKlass java/lang/StrictMath
instanceKlass net/bytebuddy/dynamic/scaffold/TypeWriter$Default$ForInlining$WithFullProcessing$InitializationHandler
instanceKlass net/bytebuddy/dynamic/scaffold/TypeWriter$Default$ValidatingClassVisitor$Constraint
instanceKlass net/bytebuddy/dynamic/scaffold/TypeWriter$Default$ForInlining$ContextRegistry
instanceKlass net/bytebuddy/dynamic/scaffold/inline/MethodRebaseResolver$Resolution
instanceKlass net/bytebuddy/implementation/Implementation$Target
instanceKlass net/bytebuddy/description/type/RecordComponentDescription$InDefinedShape
instanceKlass net/bytebuddy/description/type/RecordComponentDescription
instanceKlass net/bytebuddy/jar/asm/commons/Remapper
instanceKlass net/bytebuddy/dynamic/scaffold/TypeWriter$Default$ClassDumpAction$Dispatcher$Enabled
instanceKlass net/bytebuddy/dynamic/scaffold/TypeWriter$Default$ClassDumpAction$Dispatcher
instanceKlass net/bytebuddy/dynamic/scaffold/inline/MethodRebaseResolver
instanceKlass net/bytebuddy/implementation/Implementation$Target$Factory
instanceKlass net/bytebuddy/dynamic/scaffold/TypeWriter$Default
instanceKlass net/bytebuddy/dynamic/scaffold/TypeWriter
instanceKlass net/bytebuddy/dynamic/scaffold/TypeWriter$RecordComponentPool$Record
instanceKlass net/bytebuddy/dynamic/scaffold/RecordComponentRegistry$Default$Compiled
instanceKlass net/bytebuddy/dynamic/scaffold/TypeWriter$FieldPool$Record
instanceKlass net/bytebuddy/dynamic/scaffold/FieldRegistry$Default$Compiled
instanceKlass net/bytebuddy/dynamic/scaffold/MethodRegistry$Compiled
instanceKlass net/bytebuddy/dynamic/scaffold/TypeWriter$MethodPool
instanceKlass net/bytebuddy/dynamic/scaffold/MethodRegistry$Default$Prepared
instanceKlass net/bytebuddy/dynamic/scaffold/MethodGraph$Compiler$Default$Key$Store$Graph
instanceKlass net/bytebuddy/dynamic/scaffold/MethodGraph$Compiler$Default$Key$Store$Entry$Resolved$Node
instanceKlass net/bytebuddy/dynamic/scaffold/MethodGraph$Linked$Delegation
instanceKlass net/bytebuddy/dynamic/scaffold/MethodGraph$Node
instanceKlass net/bytebuddy/dynamic/scaffold/MethodGraph$Compiler$Default$Harmonizer$ForJavaMethod$Token
instanceKlass net/bytebuddy/description/method/MethodDescription$TypeToken
instanceKlass net/bytebuddy/dynamic/scaffold/MethodGraph$Compiler$Default$Key
instanceKlass net/bytebuddy/dynamic/scaffold/MethodGraph$Compiler$Default$Key$Store$Entry$Ambiguous
instanceKlass net/bytebuddy/dynamic/scaffold/MethodGraph$Compiler$Default$Key$Store$Entry$Resolved
instanceKlass net/bytebuddy/dynamic/scaffold/MethodGraph$Compiler$Default$Key$Store$Entry$Initial
instanceKlass net/bytebuddy/dynamic/scaffold/MethodGraph$Compiler$Default$Key$Store$Entry
instanceKlass net/bytebuddy/dynamic/scaffold/MethodGraph$Compiler$Default$Key$Store
instanceKlass net/bytebuddy/dynamic/scaffold/inline/InliningImplementationMatcher
instanceKlass net/bytebuddy/pool/TypePool$CacheProvider$Simple
instanceKlass net/bytebuddy/pool/TypePool$CacheProvider
instanceKlass net/bytebuddy/pool/TypePool$Resolution$Illegal
instanceKlass net/bytebuddy/pool/TypePool$Resolution$Simple
instanceKlass net/bytebuddy/pool/TypePool$Resolution
instanceKlass net/bytebuddy/pool/TypePool$AbstractBase
instanceKlass net/bytebuddy/pool/TypePool
instanceKlass net/bytebuddy/dynamic/TypeResolutionStrategy$Resolved
instanceKlass net/bytebuddy/asm/AsmVisitorWrapper$ForDeclaredMethods$Entry
instanceKlass net/bytebuddy/asm/AsmVisitorWrapper$ForDeclaredMethods
instanceKlass net/bytebuddy/implementation/Implementation$Composable
instanceKlass net/bytebuddy/implementation/bytecode/assign/primitive/PrimitiveTypeAwareAssigner
instanceKlass net/bytebuddy/implementation/bytecode/assign/primitive/VoidAwareAssigner
instanceKlass net/bytebuddy/implementation/bytecode/assign/Assigner
instanceKlass net/bytebuddy/asm/Advice$OffsetMapping$ForEnterValue
instanceKlass net/bytebuddy/asm/Advice$OffsetMapping$Target$ForVariable
instanceKlass net/bytebuddy/asm/Advice$OffsetMapping$ForReturnValue
instanceKlass net/bytebuddy/asm/Advice$OffsetMapping$ForEnterValue$Factory
instanceKlass net/bytebuddy/asm/Advice$Dispatcher$RelocationHandler$ForValue$OfDefault
instanceKlass net/bytebuddy/asm/Advice$Dispatcher$RelocationHandler$ForValue$OfNonDefault
instanceKlass net/bytebuddy/asm/Advice$OnDefaultValue
instanceKlass net/bytebuddy/asm/Advice$Dispatcher$RelocationHandler$Bound
instanceKlass net/bytebuddy/asm/Advice$Dispatcher$RelocationHandler$ForType
instanceKlass net/bytebuddy/asm/Advice$Dispatcher$RelocationHandler
instanceKlass net/bytebuddy/asm/Advice$Dispatcher$SuppressionHandler$Bound
instanceKlass net/bytebuddy/asm/Advice$Dispatcher$SuppressionHandler$Suppressing
instanceKlass net/bytebuddy/asm/Advice$Dispatcher$SuppressionHandler
instanceKlass net/bytebuddy/description/type/TypeDescription$Generic$AnnotationReader$ForComponentType$AnnotatedParameterizedType
instanceKlass net/bytebuddy/asm/Advice$OffsetMapping$Target$ForStackManipulation$Writable
instanceKlass net/bytebuddy/asm/Advice$OffsetMapping$Target$ForStackManipulation
instanceKlass net/bytebuddy/asm/Advice$OffsetMapping$ForAllArguments
instanceKlass net/bytebuddy/description/enumeration/EnumerationDescription$AbstractBase
instanceKlass net/bytebuddy/asm/Advice$OffsetMapping$Target$ForDefaultValue
instanceKlass net/bytebuddy/asm/Advice$OffsetMapping$ForThisReference
instanceKlass net/bytebuddy/asm/Advice$OffsetMapping$ForStackManipulation
instanceKlass net/bytebuddy/asm/Advice$StubValue
instanceKlass net/bytebuddy/asm/Advice$Unused
instanceKlass net/bytebuddy/asm/Advice$FieldValue
instanceKlass net/bytebuddy/utility/CompoundList
instanceKlass net/bytebuddy/asm/Advice$OffsetMapping$ForLocalValue$Factory
instanceKlass net/bytebuddy/asm/Advice$Exit
instanceKlass net/bytebuddy/asm/Advice$OffsetMapping$ForExitValue$Factory
instanceKlass net/bytebuddy/asm/Advice$Thrown
instanceKlass net/bytebuddy/asm/Advice$OffsetMapping$Factory$Illegal
instanceKlass net/bytebuddy/asm/Advice$OffsetMapping$Target
instanceKlass net/bytebuddy/asm/Advice$SelfCallHandle
instanceKlass net/bytebuddy/asm/Advice$FieldSetterHandle
instanceKlass net/bytebuddy/asm/Advice$FieldGetterHandle
instanceKlass net/bytebuddy/asm/Advice$OffsetMapping$ForFieldHandle
instanceKlass net/bytebuddy/asm/Advice$OffsetMapping$ForField
instanceKlass net/bytebuddy/asm/Advice$Argument
instanceKlass net/bytebuddy/asm/Advice$ArgumentHandler
instanceKlass net/bytebuddy/asm/Advice$OffsetMapping$ForArgument
instanceKlass net/bytebuddy/asm/Advice$Dispatcher$Resolved$AbstractBase
instanceKlass net/bytebuddy/jar/asm/ClassReader
instanceKlass net/bytebuddy/utility/OpenedClassReader
instanceKlass net/bytebuddy/utility/StreamDrainer
instanceKlass net/bytebuddy/asm/Advice$AllArguments
instanceKlass net/bytebuddy/asm/Advice$OnNonDefaultValue
instanceKlass net/bytebuddy/asm/Advice$Local
instanceKlass net/bytebuddy/asm/Advice$Enter
instanceKlass net/bytebuddy/asm/Advice$Origin
instanceKlass net/bytebuddy/asm/Advice$This
instanceKlass net/bytebuddy/asm/Advice$Return
instanceKlass net/bytebuddy/description/annotation/AnnotationValue$Loaded
instanceKlass net/bytebuddy/description/annotation/AnnotationValue$ForConstant$PropertyDelegate
instanceKlass net/bytebuddy/description/annotation/AnnotationValue$AbstractBase
instanceKlass net/bytebuddy/description/annotation/AnnotationDescription$AbstractBase
instanceKlass net/bytebuddy/description/annotation/AnnotationDescription$Loadable
instanceKlass net/bytebuddy/dynamic/loading/ClassLoadingStrategy
instanceKlass net/bytebuddy/dynamic/ClassFileLocator$ForClassLoader
instanceKlass net/bytebuddy/implementation/bytecode/StackManipulation$AbstractBase
instanceKlass net/bytebuddy/implementation/bytecode/StackManipulation$Size
instanceKlass net/bytebuddy/utility/JavaConstant$Simple$Dispatcher$OfDynamicConstantDesc
instanceKlass net/bytebuddy/utility/JavaConstant$Simple$Dispatcher$OfDirectMethodHandleDesc$ForKind
instanceKlass net/bytebuddy/utility/JavaConstant$Simple$Dispatcher$OfDirectMethodHandleDesc
instanceKlass net/bytebuddy/utility/JavaConstant$Simple$Dispatcher$OfMethodHandleDesc
instanceKlass net/bytebuddy/utility/JavaConstant$Simple$Dispatcher$OfMethodTypeDesc
instanceKlass net/bytebuddy/utility/dispatcher/JavaDispatcher$Dispatcher$ForStaticMethod
instanceKlass net/bytebuddy/utility/JavaConstant$Simple$Dispatcher$OfClassDesc
instanceKlass net/bytebuddy/utility/dispatcher/JavaDispatcher$Dispatcher$ForContainerCreation
instanceKlass net/bytebuddy/utility/JavaConstant$Simple$Dispatcher
instanceKlass net/bytebuddy/utility/JavaConstant$Simple
instanceKlass net/bytebuddy/utility/JavaConstant
instanceKlass net/bytebuddy/utility/ConstantValue$Simple
instanceKlass net/bytebuddy/asm/Advice$OffsetMapping$ForStackManipulation$OfDefaultValue
instanceKlass net/bytebuddy/asm/Advice$OffsetMapping
instanceKlass net/bytebuddy/asm/Advice$OffsetMapping$ForStackManipulation$Factory
instanceKlass io/mockk/proxy/jvm/advice/ProxyAdviceId
instanceKlass net/bytebuddy/asm/Advice$Delegator
instanceKlass net/bytebuddy/implementation/bytecode/StackManipulation
instanceKlass net/bytebuddy/asm/Advice$PostProcessor
instanceKlass net/bytebuddy/description/enumeration/EnumerationDescription
instanceKlass net/bytebuddy/utility/ConstantValue
instanceKlass net/bytebuddy/asm/Advice$BootstrapArgumentResolver$Factory
instanceKlass net/bytebuddy/asm/Advice$OffsetMapping$Factory
instanceKlass net/bytebuddy/asm/Advice$WithCustomMapping
instanceKlass net/bytebuddy/asm/Advice$OnMethodExit
instanceKlass net/bytebuddy/asm/Advice$OnMethodEnter
instanceKlass net/bytebuddy/asm/Advice$Dispatcher$Bound
instanceKlass net/bytebuddy/asm/Advice$Dispatcher$Resolved$ForMethodExit
instanceKlass net/bytebuddy/asm/Advice$Dispatcher$Resolved$ForMethodEnter
instanceKlass net/bytebuddy/asm/Advice$Dispatcher$Resolved
instanceKlass net/bytebuddy/asm/Advice$Delegator$Factory
instanceKlass net/bytebuddy/asm/Advice$PostProcessor$Factory
instanceKlass net/bytebuddy/asm/Advice$Dispatcher$Delegating
instanceKlass net/bytebuddy/asm/Advice$Dispatcher$Inlining
instanceKlass net/bytebuddy/asm/Advice$Dispatcher$Unresolved
instanceKlass net/bytebuddy/asm/Advice$Dispatcher
instanceKlass net/bytebuddy/asm/Advice$ExceptionHandler
instanceKlass net/bytebuddy/asm/Advice$Dispatcher$RelocationHandler$Relocation
instanceKlass net/bytebuddy/asm/Advice
instanceKlass net/bytebuddy/asm/AsmVisitorWrapper$ForDeclaredMethods$MethodVisitorWrapper
instanceKlass net/bytebuddy/asm/AsmVisitorWrapper$Compound
instanceKlass net/bytebuddy/asm/AsmVisitorWrapper$AbstractBase
instanceKlass net/bytebuddy/implementation/attribute/AnnotationAppender$Default
instanceKlass net/bytebuddy/implementation/attribute/AnnotationAppender
instanceKlass net/bytebuddy/implementation/attribute/AnnotationAppender$Target
instanceKlass net/bytebuddy/dynamic/scaffold/RecordComponentRegistry$Compiled
instanceKlass net/bytebuddy/dynamic/scaffold/RecordComponentRegistry$Default
instanceKlass net/bytebuddy/dynamic/scaffold/MethodRegistry$Prepared
instanceKlass net/bytebuddy/dynamic/scaffold/MethodRegistry$Default
instanceKlass net/bytebuddy/dynamic/scaffold/FieldRegistry$Compiled
instanceKlass net/bytebuddy/dynamic/scaffold/FieldRegistry$Default
instanceKlass net/bytebuddy/description/TypeVariableSource$Visitor
instanceKlass net/bytebuddy/description/type/TypeDescription$LazyProxy
instanceKlass net/bytebuddy/description/type/RecordComponentDescription$Token
instanceKlass sun/reflect/generics/tree/LongSignature
instanceKlass top/mcxiafeng/badger/data/CardCollectionWithCount
instanceKlass net/bytebuddy/description/annotation/AnnotationValue
instanceKlass net/bytebuddy/description/type/TypeDescription$Generic$AnnotationReader$ForWildcardLowerBoundType$AnnotatedWildcardType
instanceKlass java/lang/reflect/AnnotatedWildcardType
instanceKlass net/bytebuddy/description/type/TypeDescription$Generic$AnnotationReader$ForWildcardUpperBoundType$AnnotatedWildcardType
instanceKlass net/bytebuddy/description/type/TypeDescription$Generic$AnnotationReader$ForTypeArgument$AnnotatedParameterizedType
instanceKlass net/bytebuddy/description/annotation/AnnotationDescription
instanceKlass net/bytebuddy/description/type/TypeDescription$Generic$AnnotationReader$Delegator$ForLoadedExecutableParameterType$Dispatcher
instanceKlass net/bytebuddy/description/method/ParameterDescription$Token
instanceKlass net/bytebuddy/description/method/ParameterDescription$ForLoadedParameter$Parameter
instanceKlass net/bytebuddy/description/method/ParameterDescription$InDefinedShape
instanceKlass net/bytebuddy/description/method/ParameterDescription
instanceKlass net/bytebuddy/description/NamedElement$WithOptionalName
instanceKlass net/bytebuddy/description/method/ParameterList$ForLoadedExecutable$Executable
instanceKlass net/bytebuddy/description/method/ParameterList
instanceKlass net/bytebuddy/description/type/TypeDescription$Generic$AnnotationReader$Delegator$ForLoadedMethodReturnType$Dispatcher
instanceKlass net/bytebuddy/description/method/MethodDescription$Token
instanceKlass net/bytebuddy/description/type/TypeDescription$Generic$Visitor$ForRawType
instanceKlass net/bytebuddy/description/type/TypeDescription$Generic$AnnotationReader$Delegator
instanceKlass net/bytebuddy/utility/dispatcher/JavaDispatcher$Dispatcher$ForInstanceCheck
instanceKlass net/bytebuddy/description/type/TypeDefinition$Sort$AnnotatedType
instanceKlass net/bytebuddy/description/method/MethodDescription$InDefinedShape$AbstractBase$Executable
instanceKlass net/bytebuddy/description/ByteCodeElement$Token
instanceKlass kotlinx/coroutines/flow/Flow
instanceKlass net/bytebuddy/description/method/ParameterDescription$ForLoadedParameter$ParameterAnnotationSource
instanceKlass net/bytebuddy/description/type/TypeDescription$Generic$Visitor$Substitutor
instanceKlass java/util/LinkedList$ListItr
instanceKlass net/bytebuddy/description/modifier/ModifierContributor$ForParameter
instanceKlass net/bytebuddy/description/modifier/ModifierContributor$ForField
instanceKlass net/bytebuddy/description/modifier/ModifierContributor$ForMethod
instanceKlass net/bytebuddy/description/modifier/ModifierContributor$ForType
instanceKlass net/bytebuddy/description/modifier/ModifierContributor
instanceKlass net/bytebuddy/description/type/TypeDescription$Generic$LazyProxy
instanceKlass net/bytebuddy/description/type/TypeDescription$Generic$AnnotationReader
instanceKlass net/bytebuddy/dynamic/scaffold/RecordComponentRegistry
instanceKlass net/bytebuddy/dynamic/scaffold/MethodRegistry
instanceKlass net/bytebuddy/dynamic/scaffold/FieldRegistry
instanceKlass net/bytebuddy/implementation/attribute/TypeAttributeAppender$ForInstrumentedType$Differentiating
instanceKlass net/bytebuddy/dynamic/scaffold/TypeWriter$RecordComponentPool
instanceKlass net/bytebuddy/dynamic/scaffold/TypeWriter$FieldPool
instanceKlass net/bytebuddy/implementation/attribute/TypeAttributeAppender
instanceKlass net/bytebuddy/asm/AsmVisitorWrapper
instanceKlass net/bytebuddy/dynamic/DynamicType$Builder$RecordComponentDefinition$Optional
instanceKlass net/bytebuddy/dynamic/DynamicType$Builder$RecordComponentDefinition
instanceKlass net/bytebuddy/dynamic/DynamicType$Builder$MethodDefinition$ImplementationDefinition$Optional
instanceKlass net/bytebuddy/dynamic/DynamicType$Builder$InnerTypeDefinition$ForType
instanceKlass net/bytebuddy/dynamic/DynamicType$Builder$InnerTypeDefinition
instanceKlass net/bytebuddy/dynamic/DynamicType$Builder$FieldDefinition$Optional$Valuable
instanceKlass net/bytebuddy/dynamic/DynamicType$Builder$FieldDefinition$Valuable
instanceKlass net/bytebuddy/dynamic/DynamicType$Builder$TypeVariableDefinition
instanceKlass net/bytebuddy/dynamic/DynamicType$Builder$MethodDefinition$ParameterDefinition$Initial
instanceKlass net/bytebuddy/dynamic/DynamicType$Builder$MethodDefinition$ParameterDefinition$Simple
instanceKlass net/bytebuddy/dynamic/DynamicType$Builder$MethodDefinition$ParameterDefinition
instanceKlass net/bytebuddy/dynamic/DynamicType$Builder$MethodDefinition$ExceptionDefinition
instanceKlass net/bytebuddy/dynamic/DynamicType$Builder$MethodDefinition$TypeVariableDefinition
instanceKlass net/bytebuddy/dynamic/DynamicType$Builder$MethodDefinition$ImplementationDefinition
instanceKlass net/bytebuddy/dynamic/TypeResolutionStrategy
instanceKlass net/bytebuddy/dynamic/DynamicType$Builder$FieldDefinition$Optional
instanceKlass net/bytebuddy/dynamic/DynamicType$Builder$FieldDefinition
instanceKlass net/bytebuddy/dynamic/DynamicType$Builder$MethodDefinition$ReceiverTypeDefinition
instanceKlass net/bytebuddy/dynamic/DynamicType$Builder$MethodDefinition
instanceKlass net/bytebuddy/dynamic/DynamicType$Builder$AbstractBase
instanceKlass net/bytebuddy/dynamic/ClassFileLocator$Resolution$Explicit
instanceKlass net/bytebuddy/dynamic/ClassFileLocator$Resolution$Illegal
instanceKlass net/bytebuddy/dynamic/ClassFileLocator$Resolution
instanceKlass net/bytebuddy/dynamic/ClassFileLocator$Simple
instanceKlass net/bytebuddy/dynamic/ClassFileLocator
instanceKlass io/mockk/proxy/common/transformation/ClassTransformationSpec$Categories
instanceKlass io/mockk/proxy/common/transformation/ClassTransformationSpecMap$WhenMappings
instanceKlass io/mockk/proxy/common/transformation/ClassTransformationSpec
instanceKlass io/mockk/proxy/common/transformation/TransformationRequest
instanceKlass java/util/ArrayList$SubList$1
instanceKlass kotlin/reflect/jvm/internal/impl/load/java/lazy/descriptors/LazyJavaPackageScope$KotlinClassLookupResult
instanceKlass kotlin/reflect/jvm/internal/impl/serialization/deserialization/descriptors/DeserializedClassDescriptor$$Lambda$5
instanceKlass kotlin/reflect/jvm/internal/impl/serialization/deserialization/descriptors/DeserializedAnnotations
instanceKlass kotlin/reflect/jvm/internal/impl/serialization/deserialization/ProtoContainer
instanceKlass kotlin/reflect/jvm/internal/impl/serialization/deserialization/descriptors/DeserializedClassDescriptor$$Lambda$4
instanceKlass kotlin/reflect/jvm/internal/impl/serialization/deserialization/descriptors/DeserializedClassDescriptor$$Lambda$3
instanceKlass kotlin/reflect/jvm/internal/impl/serialization/deserialization/descriptors/DeserializedClassDescriptor$$Lambda$2
instanceKlass kotlin/reflect/jvm/internal/impl/serialization/deserialization/descriptors/DeserializedClassDescriptor$$Lambda$1
instanceKlass kotlin/reflect/jvm/internal/impl/serialization/deserialization/descriptors/DeserializedClassDescriptor$$Lambda$0
instanceKlass kotlin/reflect/jvm/internal/impl/descriptors/ScopesHolderForClass$$Lambda$0
instanceKlass kotlin/reflect/jvm/internal/impl/descriptors/ScopesHolderForClass$Companion
instanceKlass kotlin/reflect/jvm/internal/impl/descriptors/ScopesHolderForClass
instanceKlass kotlin/reflect/jvm/internal/impl/serialization/deserialization/descriptors/DeserializedClassDescriptor$DeserializedClassTypeConstructor$$Lambda$0
instanceKlass kotlin/reflect/jvm/internal/impl/metadata/deserialization/VersionSpecificBehaviorKt
instanceKlass kotlin/reflect/jvm/internal/impl/serialization/deserialization/ProtoEnumFlagsUtilsKt$WhenMappings
instanceKlass kotlin/reflect/jvm/internal/impl/serialization/deserialization/ProtoEnumFlagsUtilsKt
instanceKlass kotlin/reflect/jvm/internal/impl/serialization/deserialization/ProtoEnumFlags$WhenMappings
instanceKlass kotlin/reflect/jvm/internal/impl/metadata/ProtoBuf$MemberKind$1
instanceKlass kotlin/reflect/jvm/internal/impl/metadata/ProtoBuf$Class$Kind$1
instanceKlass kotlin/reflect/jvm/internal/impl/metadata/ProtoBuf$Modality$1
instanceKlass kotlin/reflect/jvm/internal/impl/metadata/ProtoBuf$Visibility$1
instanceKlass kotlin/reflect/jvm/internal/impl/metadata/deserialization/Flags$FlagField
instanceKlass kotlin/reflect/jvm/internal/impl/metadata/deserialization/Flags
instanceKlass kotlin/reflect/jvm/internal/impl/serialization/deserialization/ProtoEnumFlags
instanceKlass kotlin/reflect/jvm/internal/impl/metadata/jvm/deserialization/JvmNameResolverBase$WhenMappings
instanceKlass kotlin/reflect/jvm/internal/impl/serialization/deserialization/NameResolverUtilKt
instanceKlass kotlin/reflect/jvm/internal/impl/descriptors/DeserializedDescriptor
instanceKlass kotlin/reflect/jvm/internal/impl/serialization/deserialization/MemberDeserializer
instanceKlass kotlin/reflect/jvm/internal/impl/serialization/deserialization/TypeDeserializer$$Lambda$1
instanceKlass kotlin/reflect/jvm/internal/impl/serialization/deserialization/TypeDeserializer$$Lambda$0
instanceKlass kotlin/reflect/jvm/internal/impl/serialization/deserialization/TypeDeserializer
instanceKlass kotlin/reflect/jvm/internal/impl/serialization/deserialization/DeserializationContext
instanceKlass kotlin/reflect/jvm/internal/impl/metadata/deserialization/VersionRequirementTable$Companion
instanceKlass kotlin/reflect/jvm/internal/impl/metadata/deserialization/VersionRequirementTable
instanceKlass kotlin/reflect/jvm/internal/impl/metadata/deserialization/TypeTable
instanceKlass kotlin/reflect/jvm/internal/impl/serialization/deserialization/ClassDeserializer$ClassKey
instanceKlass kotlin/reflect/jvm/internal/impl/serialization/deserialization/ClassData
instanceKlass kotlin/reflect/jvm/internal/impl/serialization/deserialization/IncompatibleVersionErrorData
instanceKlass kotlin/reflect/jvm/internal/impl/load/kotlin/KotlinJvmBinarySourceElement
instanceKlass kotlin/reflect/jvm/internal/impl/serialization/deserialization/descriptors/DeserializedContainerSource
instanceKlass kotlin/reflect/jvm/internal/impl/protobuf/SmallSortedMap$Entry
instanceKlass kotlin/reflect/jvm/internal/impl/protobuf/FieldSet$1
instanceKlass kotlin/reflect/jvm/internal/impl/protobuf/AbstractMessageLite$Builder
instanceKlass kotlin/reflect/jvm/internal/impl/protobuf/GeneratedMessageLite$1
instanceKlass kotlin/reflect/jvm/internal/impl/metadata/ProtoBuf$Type$Argument$Projection$1
instanceKlass kotlin/reflect/jvm/internal/impl/metadata/ProtoBuf$Type$ArgumentOrBuilder
instanceKlass kotlin/reflect/jvm/internal/impl/metadata/jvm/deserialization/JvmNameResolverKt
instanceKlass kotlin/reflect/jvm/internal/impl/metadata/jvm/JvmProtoBuf$StringTableTypes$Record$Operation$1
instanceKlass kotlin/reflect/jvm/internal/impl/metadata/jvm/JvmProtoBuf$StringTableTypes$RecordOrBuilder
instanceKlass kotlin/reflect/jvm/internal/impl/protobuf/WireFormat
instanceKlass kotlin/reflect/jvm/internal/impl/protobuf/CodedOutputStream
instanceKlass kotlin/reflect/jvm/internal/impl/protobuf/CodedInputStream
instanceKlass kotlin/reflect/jvm/internal/impl/metadata/jvm/JvmProtoBuf$StringTableTypesOrBuilder
instanceKlass kotlin/collections/IndexedValue
instanceKlass kotlin/collections/IndexingIterator
instanceKlass kotlin/collections/IndexingIterable
instanceKlass java/lang/Character$CharacterCache
instanceKlass kotlin/reflect/jvm/internal/impl/metadata/jvm/deserialization/JvmNameResolverBase$Companion
instanceKlass kotlin/reflect/jvm/internal/impl/metadata/jvm/deserialization/JvmNameResolverBase
instanceKlass kotlin/reflect/jvm/internal/impl/metadata/deserialization/NameResolver
instanceKlass kotlin/reflect/jvm/internal/impl/metadata/jvm/deserialization/UtfEncodingKt
instanceKlass kotlin/reflect/jvm/internal/impl/metadata/jvm/deserialization/BitEncoding
instanceKlass kotlin/reflect/jvm/internal/impl/load/kotlin/KotlinClassFinder$Result
instanceKlass kotlin/reflect/jvm/internal/impl/load/kotlin/header/KotlinClassHeader
instanceKlass kotlin/reflect/jvm/internal/impl/load/kotlin/header/ReadKotlinClassHeaderAnnotationVisitor$CollectStringArrayAnnotationVisitor
instanceKlass kotlin/reflect/jvm/internal/impl/descriptors/runtime/components/ReflectKotlinClassKt
instanceKlass kotlin/reflect/jvm/internal/impl/load/kotlin/KotlinJvmBinaryClass$AnnotationArrayArgumentVisitor
instanceKlass kotlin/reflect/jvm/internal/impl/load/kotlin/header/ReadKotlinClassHeaderAnnotationVisitor$KotlinMetadataArgumentVisitor
instanceKlass java/lang/Override
instanceKlass kotlin/reflect/jvm/internal/impl/resolve/jvm/JvmClassName
instanceKlass kotlin/reflect/jvm/internal/impl/load/java/JvmAnnotationNames
instanceKlass kotlin/reflect/jvm/internal/impl/descriptors/runtime/components/ReflectAnnotationSource
instanceKlass kotlin/jvm/internal/ArrayIterator
instanceKlass kotlin/jvm/internal/ArrayIteratorKt
instanceKlass kotlin/reflect/jvm/internal/impl/descriptors/runtime/components/ReflectClassStructure
instanceKlass kotlin/reflect/jvm/internal/impl/load/kotlin/KotlinJvmBinaryClass$AnnotationArgumentVisitor
instanceKlass kotlin/reflect/jvm/internal/impl/load/kotlin/header/ReadKotlinClassHeaderAnnotationVisitor
instanceKlass kotlin/reflect/jvm/internal/impl/load/kotlin/KotlinJvmBinaryClass$AnnotationVisitor
instanceKlass kotlin/reflect/jvm/internal/impl/descriptors/runtime/components/ReflectKotlinClass$Factory
instanceKlass kotlin/reflect/jvm/internal/impl/descriptors/runtime/components/ReflectKotlinClass
instanceKlass kotlin/reflect/jvm/internal/impl/load/kotlin/KotlinJvmBinaryClass
instanceKlass kotlin/reflect/jvm/internal/impl/descriptors/runtime/components/ReflectJavaClassFinderKt
instanceKlass kotlin/reflect/jvm/internal/impl/descriptors/runtime/components/ReflectKotlinClassFinderKt
instanceKlass kotlin/reflect/jvm/internal/impl/load/java/lazy/descriptors/LazyJavaPackageScope$FindClassRequest
instanceKlass kotlin/reflect/jvm/internal/impl/incremental/UtilsKt
instanceKlass kotlin/reflect/jvm/internal/impl/resolve/scopes/ChainedMemberScope$Companion
instanceKlass kotlin/reflect/jvm/internal/impl/resolve/scopes/ChainedMemberScope
instanceKlass kotlin/reflect/jvm/internal/impl/load/java/lazy/descriptors/LazyJavaPackageFragment$$Lambda$2
instanceKlass kotlin/reflect/jvm/internal/impl/load/java/lazy/LazyJavaAnnotations$$Lambda$0
instanceKlass kotlin/reflect/jvm/internal/impl/load/java/lazy/LazyJavaAnnotations
instanceKlass kotlin/reflect/jvm/internal/impl/load/java/lazy/LazyJavaAnnotationsKt
instanceKlass kotlin/reflect/jvm/internal/impl/load/java/lazy/descriptors/LazyJavaPackageFragment$$Lambda$1
instanceKlass kotlin/reflect/jvm/internal/impl/load/java/lazy/descriptors/JvmPackageScope$$Lambda$0
instanceKlass kotlin/reflect/jvm/internal/impl/load/java/lazy/descriptors/LazyJavaPackageScope$$Lambda$1
instanceKlass kotlin/reflect/jvm/internal/impl/load/java/lazy/descriptors/LazyJavaPackageScope$$Lambda$0
instanceKlass kotlin/reflect/jvm/internal/impl/load/java/lazy/descriptors/LazyJavaScope$$Lambda$8
instanceKlass kotlin/reflect/jvm/internal/impl/load/java/lazy/descriptors/LazyJavaScope$$Lambda$7
instanceKlass kotlin/reflect/jvm/internal/impl/load/java/lazy/descriptors/LazyJavaScope$$Lambda$6
instanceKlass kotlin/reflect/jvm/internal/impl/load/java/lazy/descriptors/LazyJavaScope$$Lambda$5
instanceKlass kotlin/reflect/jvm/internal/impl/load/java/lazy/descriptors/LazyJavaScope$$Lambda$4
instanceKlass kotlin/reflect/jvm/internal/impl/load/java/lazy/descriptors/LazyJavaScope$$Lambda$3
instanceKlass kotlin/reflect/jvm/internal/impl/load/java/lazy/descriptors/LazyJavaScope$$Lambda$2
instanceKlass kotlin/reflect/jvm/internal/impl/load/java/lazy/descriptors/LazyJavaScope$$Lambda$1
instanceKlass kotlin/reflect/jvm/internal/impl/load/java/lazy/descriptors/LazyJavaScope$$Lambda$0
instanceKlass kotlin/reflect/jvm/internal/impl/load/java/lazy/descriptors/JvmPackageScope
instanceKlass kotlin/reflect/jvm/internal/impl/load/java/lazy/descriptors/LazyJavaPackageFragment$$Lambda$0
instanceKlass kotlin/reflect/jvm/internal/impl/utils/DeserializationHelpersKt
instanceKlass kotlin/UnsafeLazyImpl
instanceKlass kotlin/reflect/jvm/internal/impl/load/java/lazy/ContextKt$$Lambda$0
instanceKlass kotlin/reflect/jvm/internal/impl/load/java/lazy/ContextKt
instanceKlass kotlin/reflect/jvm/internal/impl/storage/LockBasedStorageManager$KeyWithComputation
instanceKlass kotlin/reflect/jvm/internal/impl/load/java/lazy/LazyJavaPackageFragmentProvider$$Lambda$0
instanceKlass kotlin/reflect/jvm/internal/impl/descriptors/runtime/structure/ReflectJavaElement
instanceKlass kotlin/reflect/jvm/internal/impl/load/java/structure/JavaPackage
instanceKlass kotlin/reflect/jvm/internal/impl/load/java/structure/JavaAnnotationOwner
instanceKlass kotlin/reflect/jvm/internal/impl/load/java/structure/JavaElement
instanceKlass kotlin/reflect/jvm/internal/impl/load/java/JavaClassFinder$$Util
instanceKlass kotlin/reflect/jvm/internal/impl/descriptors/PackageFragmentProviderKt
instanceKlass kotlin/reflect/jvm/internal/impl/resolve/scopes/LazyScopeAdapter$$Lambda$0
instanceKlass kotlin/reflect/jvm/internal/impl/descriptors/impl/LazyPackageViewDescriptorImpl$$Lambda$2
instanceKlass kotlin/reflect/jvm/internal/impl/resolve/scopes/AbstractScopeAdapter
instanceKlass kotlin/reflect/jvm/internal/impl/descriptors/impl/LazyPackageViewDescriptorImpl$$Lambda$1
instanceKlass kotlin/reflect/jvm/internal/impl/descriptors/impl/LazyPackageViewDescriptorImpl$$Lambda$0
instanceKlass top/mcxiafeng/badger/data/repository/RegionNode
instanceKlass kotlin/reflect/jvm/internal/impl/resolve/ResolutionAnchorProviderKt
instanceKlass kotlin/reflect/jvm/internal/impl/descriptors/FindClassInModuleKt
instanceKlass kotlin/reflect/jvm/internal/impl/descriptors/runtime/components/PackagePartScopeCache
instanceKlass kotlin/reflect/jvm/internal/impl/load/kotlin/DeserializationComponentsForJava$Companion$ModuleData
instanceKlass kotlin/reflect/jvm/internal/impl/descriptors/impl/CompositePackageFragmentProvider
instanceKlass kotlin/reflect/jvm/internal/impl/descriptors/impl/ModuleDependenciesImpl
instanceKlass kotlin/reflect/jvm/internal/impl/descriptors/impl/ModuleDependencies
instanceKlass kotlin/reflect/jvm/internal/impl/builtins/jvm/JvmBuiltInClassDescriptorFactory$$Lambda$0
instanceKlass kotlin/reflect/jvm/internal/impl/builtins/jvm/JvmBuiltInClassDescriptorFactory$$Lambda$1
instanceKlass kotlin/reflect/jvm/internal/impl/builtins/jvm/JvmBuiltInClassDescriptorFactory$Companion
instanceKlass kotlin/reflect/jvm/internal/impl/builtins/jvm/JvmBuiltInClassDescriptorFactory
instanceKlass kotlin/reflect/jvm/internal/impl/builtins/functions/BuiltInFictitiousFunctionClassFactory
instanceKlass kotlin/reflect/jvm/internal/impl/descriptors/deserialization/ClassDescriptorFactory
instanceKlass kotlin/reflect/jvm/internal/impl/serialization/deserialization/FlexibleTypeDeserializer$ThrowException
instanceKlass kotlin/reflect/jvm/internal/impl/serialization/deserialization/ErrorReporter$1
instanceKlass kotlin/reflect/jvm/internal/impl/metadata/ProtoBuf$EnumEntryOrBuilder
instanceKlass kotlin/reflect/jvm/internal/impl/metadata/ProtoBuf$Annotation$Argument$Value$Type$1
instanceKlass kotlin/reflect/jvm/internal/impl/metadata/ProtoBuf$Annotation$Argument$ValueOrBuilder
instanceKlass kotlin/reflect/jvm/internal/impl/metadata/builtins/BuiltInsProtoBuf
instanceKlass kotlin/reflect/jvm/internal/impl/serialization/SerializerExtensionProtocol
instanceKlass com/google/gson/internal/LinkedTreeMap$Node
instanceKlass com/google/gson/internal/LinkedTreeMap$1
instanceKlass kotlin/reflect/jvm/internal/impl/serialization/deserialization/AbstractAnnotationLoader
instanceKlass com/google/gson/internal/bind/TypeAdapters$42
instanceKlass kotlin/reflect/jvm/internal/impl/serialization/deserialization/DeserializedClassDataFinder
instanceKlass kotlin/reflect/jvm/internal/impl/serialization/deserialization/AbstractDeserializedPackageFragmentProvider$$Lambda$0
instanceKlass com/google/gson/internal/bind/TypeAdapters$29
instanceKlass kotlin/reflect/jvm/internal/impl/builtins/jvm/JvmBuiltInsPackageFragmentProvider$Companion
instanceKlass kotlin/reflect/jvm/internal/impl/serialization/deserialization/AbstractDeserializedPackageFragmentProvider
instanceKlass kotlin/reflect/jvm/internal/impl/resolve/jvm/JavaDescriptorResolver
instanceKlass kotlin/reflect/jvm/internal/impl/serialization/deserialization/ClassDeserializer$$Lambda$0
instanceKlass kotlin/reflect/jvm/internal/impl/serialization/deserialization/ClassDeserializer$Companion
instanceKlass com/google/gson/internal/bind/TypeAdapters$33
instanceKlass kotlin/reflect/jvm/internal/impl/serialization/deserialization/ClassDeserializer
instanceKlass kotlin/reflect/jvm/internal/impl/serialization/deserialization/JvmEnumEntriesDeserializationSupport
instanceKlass kotlin/reflect/jvm/internal/impl/serialization/deserialization/EnumEntriesDeserializationSupport
instanceKlass com/google/gson/internal/bind/TypeAdapters$34
instanceKlass kotlin/reflect/jvm/internal/impl/protobuf/ExtensionRegistryLite$ObjectIntPair
instanceKlass kotlin/reflect/jvm/internal/impl/metadata/ProtoBuf$PackageOrBuilder
instanceKlass kotlin/reflect/jvm/internal/impl/metadata/ProtoBuf$VersionRequirementTableOrBuilder
instanceKlass com/google/gson/internal/bind/TypeAdapters$32
instanceKlass com/google/gson/internal/bind/TypeAdapters$31
instanceKlass com/google/gson/stream/JsonWriter
instanceKlass kotlin/reflect/jvm/internal/impl/metadata/ProtoBuf$ClassOrBuilder
instanceKlass com/google/gson/TypeAdapterFactory
instanceKlass kotlin/reflect/jvm/internal/impl/metadata/ProtoBuf$TypeParameter$Variance$1
instanceKlass kotlin/reflect/jvm/internal/impl/protobuf/Internal$EnumLiteMap
instanceKlass kotlin/reflect/jvm/internal/impl/metadata/ProtoBuf$TypeParameterOrBuilder
instanceKlass kotlin/reflect/jvm/internal/impl/metadata/ProtoBuf$AnnotationOrBuilder
instanceKlass kotlin/reflect/jvm/internal/impl/metadata/jvm/JvmProtoBuf$JvmFieldSignatureOrBuilder
instanceKlass kotlin/reflect/jvm/internal/impl/metadata/jvm/JvmProtoBuf$JvmPropertySignatureOrBuilder
instanceKlass com/google/gson/TypeAdapter
instanceKlass com/google/gson/internal/bind/TypeAdapters
instanceKlass kotlin/reflect/jvm/internal/impl/metadata/ProtoBuf$ValueParameterOrBuilder
instanceKlass com/google/gson/JsonElement
instanceKlass kotlin/reflect/jvm/internal/impl/metadata/ProtoBuf$PropertyOrBuilder
instanceKlass com/google/gson/internal/Streams
instanceKlass kotlin/reflect/jvm/internal/impl/metadata/ProtoBuf$ContractOrBuilder
instanceKlass kotlin/reflect/jvm/internal/impl/metadata/ProtoBuf$TypeTableOrBuilder
instanceKlass com/google/gson/internal/JsonReaderInternalAccess
instanceKlass com/google/gson/stream/JsonReader
instanceKlass kotlin/reflect/jvm/internal/impl/metadata/ProtoBuf$TypeOrBuilder
instanceKlass kotlin/reflect/jvm/internal/impl/metadata/ProtoBuf$FunctionOrBuilder
instanceKlass com/google/gson/JsonParser
instanceKlass kotlin/reflect/jvm/internal/impl/protobuf/Internal$EnumLite
instanceKlass kotlin/reflect/jvm/internal/impl/protobuf/GeneratedMessageLite$ExtensionDescriptor
instanceKlass kotlin/reflect/jvm/internal/impl/protobuf/GeneratedMessageLite$GeneratedExtension
instanceKlass kotlin/reflect/jvm/internal/impl/metadata/jvm/JvmProtoBuf$JvmMethodSignatureOrBuilder
instanceKlass kotlin/reflect/jvm/internal/impl/protobuf/ByteString$ByteIterator
instanceKlass kotlin/reflect/jvm/internal/impl/protobuf/ByteString
instanceKlass kotlin/reflect/jvm/internal/impl/protobuf/SmallSortedMap$EmptySet$2
instanceKlass kotlin/reflect/jvm/internal/impl/protobuf/SmallSortedMap$EmptySet$1
instanceKlass kotlin/reflect/jvm/internal/impl/protobuf/SmallSortedMap$EmptySet
instanceKlass kotlin/reflect/jvm/internal/impl/protobuf/LazyFieldLite
instanceKlass kotlin/reflect/jvm/internal/impl/protobuf/FieldSet
instanceKlass kotlin/reflect/jvm/internal/impl/protobuf/AbstractParser
instanceKlass kotlin/reflect/jvm/internal/impl/protobuf/MessageLite$Builder
instanceKlass kotlin/reflect/jvm/internal/impl/protobuf/Parser
instanceKlass kotlin/reflect/jvm/internal/impl/protobuf/FieldSet$FieldDescriptorLite
instanceKlass kotlin/reflect/jvm/internal/impl/protobuf/AbstractMessageLite
instanceKlass kotlin/reflect/jvm/internal/impl/metadata/ProtoBuf$ConstructorOrBuilder
instanceKlass kotlin/reflect/jvm/internal/impl/protobuf/GeneratedMessageLite$ExtendableMessageOrBuilder
instanceKlass kotlin/reflect/jvm/internal/impl/protobuf/MessageLite
instanceKlass kotlin/reflect/jvm/internal/impl/protobuf/MessageLiteOrBuilder
instanceKlass kotlin/reflect/jvm/internal/impl/metadata/jvm/JvmProtoBuf
instanceKlass kotlin/reflect/jvm/internal/impl/protobuf/ExtensionRegistryLite
instanceKlass kotlin/reflect/jvm/internal/impl/metadata/jvm/deserialization/JvmProtoBufUtil
instanceKlass kotlin/reflect/jvm/internal/impl/utils/WrappedValues$ThrowableWrapper
instanceKlass kotlin/reflect/jvm/internal/impl/builtins/jvm/JvmBuiltInsCustomizer$$Lambda$2
instanceKlass kotlin/reflect/jvm/internal/impl/builtins/jvm/JvmBuiltInsCustomizer$$Lambda$1
instanceKlass kotlin/reflect/jvm/internal/impl/builtins/jvm/JvmBuiltInsCustomizer$$Lambda$0
instanceKlass kotlin/reflect/jvm/internal/impl/types/KotlinTypeFactory$EMPTY_REFINED_TYPE_FACTORY$1
instanceKlass kotlin/reflect/jvm/internal/impl/types/KotlinTypeFactory
instanceKlass kotlin/reflect/jvm/internal/impl/util/ArrayMap
instanceKlass kotlin/reflect/jvm/internal/impl/util/TypeRegistry
instanceKlass kotlin/reflect/jvm/internal/impl/util/AbstractArrayMapOwner
instanceKlass kotlin/reflect/jvm/internal/impl/descriptors/FieldDescriptor
instanceKlass kotlin/reflect/jvm/internal/impl/descriptors/PropertySetterDescriptor
instanceKlass kotlin/reflect/jvm/internal/impl/descriptors/PropertyGetterDescriptor
instanceKlass kotlin/reflect/jvm/internal/impl/types/error/ErrorPropertyDescriptor
instanceKlass kotlin/reflect/jvm/internal/impl/descriptors/PropertyDescriptor
instanceKlass kotlin/reflect/jvm/internal/impl/descriptors/VariableDescriptorWithAccessors
instanceKlass kotlin/reflect/jvm/internal/impl/descriptors/VariableDescriptor
instanceKlass kotlin/reflect/jvm/internal/impl/types/error/ErrorTypeConstructor
instanceKlass kotlin/reflect/jvm/internal/impl/types/error/ErrorScope
instanceKlass kotlin/reflect/jvm/internal/impl/util/ModuleVisibilityHelper$EMPTY
instanceKlass kotlin/reflect/jvm/internal/impl/descriptors/DescriptorVisibilities$12
instanceKlass kotlin/reflect/jvm/internal/impl/descriptors/DescriptorVisibilities$11
instanceKlass kotlin/reflect/jvm/internal/impl/descriptors/DescriptorVisibilities$10
instanceKlass kotlin/reflect/jvm/internal/impl/util/ModuleVisibilityHelper
instanceKlass kotlin/reflect/jvm/internal/impl/descriptors/DescriptorVisibility
instanceKlass kotlin/reflect/jvm/internal/impl/descriptors/Visibility
instanceKlass kotlin/reflect/jvm/internal/impl/descriptors/DescriptorVisibilities
instanceKlass kotlin/reflect/jvm/internal/impl/resolve/scopes/receivers/ReceiverValue
instanceKlass kotlin/reflect/jvm/internal/impl/descriptors/FunctionDescriptor$CopyBuilder
instanceKlass kotlin/reflect/jvm/internal/impl/descriptors/ClassConstructorDescriptor
instanceKlass kotlin/reflect/jvm/internal/impl/descriptors/ConstructorDescriptor
instanceKlass kotlin/reflect/jvm/internal/impl/types/error/ErrorModuleDescriptor$$Lambda$0
instanceKlass kotlin/reflect/jvm/internal/impl/types/error/ErrorModuleDescriptor
instanceKlass kotlin/reflect/jvm/internal/impl/types/error/ErrorUtils
instanceKlass kotlin/reflect/jvm/internal/impl/types/TypeProjection
instanceKlass kotlin/reflect/jvm/internal/impl/types/model/TypeArgumentMarker
instanceKlass kotlin/reflect/jvm/internal/impl/types/TypeUtils
instanceKlass kotlin/reflect/jvm/internal/impl/descriptors/impl/AbstractClassDescriptor$1$1
instanceKlass kotlin/reflect/jvm/internal/impl/types/checker/KotlinTypeRefinerKt
instanceKlass kotlin/reflect/jvm/internal/impl/resolve/descriptorUtil/DescriptorUtilsKt
instanceKlass kotlin/reflect/jvm/internal/impl/resolve/DescriptorUtils
instanceKlass kotlin/reflect/jvm/internal/impl/resolve/scopes/MemberScopeImpl
instanceKlass kotlin/reflect/jvm/internal/impl/types/AbstractTypeConstructor$$Lambda$2
instanceKlass kotlin/reflect/jvm/internal/impl/types/AbstractTypeConstructor$$Lambda$1
instanceKlass kotlin/reflect/jvm/internal/impl/types/AbstractTypeConstructor$$Lambda$0
instanceKlass kotlin/reflect/jvm/internal/impl/types/ClassifierBasedTypeConstructor
instanceKlass kotlin/reflect/jvm/internal/impl/descriptors/ReceiverParameterDescriptor
instanceKlass kotlin/reflect/jvm/internal/impl/descriptors/ParameterDescriptor
instanceKlass kotlin/reflect/jvm/internal/impl/descriptors/ValueDescriptor
instanceKlass kotlin/reflect/jvm/internal/impl/descriptors/impl/AbstractClassDescriptor$3
instanceKlass kotlin/reflect/jvm/internal/impl/descriptors/impl/AbstractClassDescriptor$2
instanceKlass kotlin/reflect/jvm/internal/impl/descriptors/impl/AbstractClassDescriptor$1
instanceKlass kotlin/reflect/jvm/internal/impl/descriptors/Modality$Companion
instanceKlass kotlin/reflect/jvm/internal/impl/descriptors/impl/ModuleAwareClassDescriptor$Companion
instanceKlass kotlin/reflect/jvm/internal/impl/types/TypeConstructor
instanceKlass kotlin/reflect/jvm/internal/impl/types/model/TypeConstructorMarker
instanceKlass kotlin/reflect/jvm/internal/impl/resolve/scopes/MemberScope
instanceKlass kotlin/reflect/jvm/internal/impl/resolve/scopes/ResolutionScope
instanceKlass kotlin/reflect/jvm/internal/impl/descriptors/impl/ModuleAwareClassDescriptor
instanceKlass kotlin/reflect/jvm/internal/impl/descriptors/ClassDescriptor
instanceKlass kotlin/reflect/jvm/internal/impl/descriptors/ClassifierDescriptorWithTypeParameters
instanceKlass kotlin/reflect/jvm/internal/impl/builtins/jvm/JvmBuiltInsCustomizer$$Lambda$3
instanceKlass kotlin/reflect/jvm/internal/impl/descriptors/PackageViewDescriptor
instanceKlass kotlin/reflect/jvm/internal/impl/renderer/KeywordStringsGenerated
instanceKlass kotlin/reflect/jvm/internal/impl/renderer/RenderingUtilsKt
instanceKlass kotlin/reflect/jvm/internal/impl/descriptors/ModuleDescriptor$DefaultImpls
instanceKlass kotlin/reflect/jvm/internal/impl/renderer/DescriptorRendererImpl$RenderDeclarationDescriptorVisitor
instanceKlass kotlin/reflect/jvm/internal/impl/descriptors/DeclarationDescriptorVisitor
instanceKlass kotlin/reflect/jvm/internal/impl/renderer/DescriptorRenderer$$Lambda$10
instanceKlass kotlin/reflect/jvm/internal/impl/renderer/ClassifierNamePolicy$FULLY_QUALIFIED
instanceKlass kotlin/reflect/jvm/internal/impl/renderer/DescriptorRenderer$$Lambda$9
instanceKlass kotlin/reflect/jvm/internal/impl/renderer/DescriptorRenderer$$Lambda$8
instanceKlass kotlin/reflect/jvm/internal/impl/renderer/DescriptorRenderer$$Lambda$7
instanceKlass kotlin/reflect/jvm/internal/impl/renderer/DescriptorRenderer$$Lambda$6
instanceKlass kotlin/reflect/jvm/internal/impl/renderer/DescriptorRenderer$$Lambda$5
instanceKlass kotlin/reflect/jvm/internal/impl/renderer/ClassifierNamePolicy$SHORT
instanceKlass kotlin/reflect/jvm/internal/impl/renderer/DescriptorRenderer$$Lambda$4
instanceKlass kotlin/reflect/jvm/internal/impl/renderer/DescriptorRenderer$$Lambda$3
instanceKlass kotlin/reflect/jvm/internal/impl/renderer/DescriptorRenderer$$Lambda$2
instanceKlass kotlin/reflect/jvm/internal/impl/renderer/DescriptorRenderer$$Lambda$1
instanceKlass kotlin/reflect/jvm/internal/impl/renderer/DescriptorRendererImpl$$Lambda$0
instanceKlass kotlin/reflect/jvm/internal/impl/renderer/ExcludedTypeAnnotations
instanceKlass kotlin/reflect/jvm/internal/impl/renderer/DescriptorRenderer$ValueParametersHandler$DEFAULT
instanceKlass kotlin/reflect/jvm/internal/impl/renderer/DescriptorRenderer$ValueParametersHandler
instanceKlass kotlin/reflect/jvm/internal/impl/renderer/DescriptorRendererOptionsImpl$$Lambda$1
instanceKlass kotlin/reflect/jvm/internal/impl/renderer/DescriptorRendererOptionsImpl$$Lambda$0
instanceKlass kotlin/reflect/jvm/internal/impl/renderer/DescriptorRendererModifier$Companion
instanceKlass kotlin/properties/ObservableProperty
instanceKlass kotlin/properties/ReadWriteProperty
instanceKlass kotlin/properties/ReadOnlyProperty
instanceKlass kotlin/properties/Delegates
instanceKlass kotlin/reflect/jvm/internal/impl/renderer/ClassifierNamePolicy$SOURCE_CODE_QUALIFIED
instanceKlass kotlin/reflect/jvm/internal/impl/renderer/ClassifierNamePolicy
instanceKlass kotlin/reflect/jvm/internal/KMutableProperty1Impl$$Lambda$0
instanceKlass kotlin/reflect/KMutableProperty$Setter
instanceKlass kotlin/reflect/jvm/internal/impl/renderer/DescriptorRendererOptionsImpl
instanceKlass kotlin/reflect/jvm/internal/impl/renderer/DescriptorRendererOptions
instanceKlass kotlin/reflect/jvm/internal/impl/renderer/DescriptorRenderer$$Lambda$0
instanceKlass kotlin/reflect/jvm/internal/impl/renderer/DescriptorRenderer$Companion
instanceKlass kotlin/reflect/jvm/internal/impl/renderer/DescriptorRenderer
instanceKlass kotlin/reflect/jvm/internal/impl/descriptors/SourceElement$1
instanceKlass kotlin/reflect/jvm/internal/impl/descriptors/SourceElement
instanceKlass kotlin/reflect/jvm/internal/impl/descriptors/PackageFragmentDescriptor
instanceKlass kotlin/reflect/jvm/internal/impl/descriptors/ClassOrPackageFragmentDescriptor
instanceKlass kotlin/reflect/jvm/internal/impl/builtins/jvm/JavaToKotlinClassMapper
instanceKlass kotlin/reflect/jvm/internal/impl/builtins/jvm/JvmBuiltIns$$Lambda$2
instanceKlass kotlin/reflect/jvm/internal/impl/builtins/jvm/JvmBuiltInsCustomizer
instanceKlass kotlin/reflect/jvm/internal/impl/storage/StorageKt
instanceKlass kotlin/reflect/jvm/internal/impl/load/kotlin/JavaFlexibleTypeDeserializer
instanceKlass kotlin/reflect/jvm/internal/impl/serialization/deserialization/FlexibleTypeDeserializer
instanceKlass kotlin/reflect/jvm/internal/impl/serialization/deserialization/LocalClassifierTypeSettings$Default
instanceKlass kotlin/reflect/jvm/internal/impl/serialization/deserialization/LocalClassifierTypeSettings
instanceKlass kotlin/reflect/jvm/internal/impl/serialization/deserialization/DeserializationComponents
instanceKlass kotlin/reflect/jvm/internal/impl/types/DefaultTypeAttributeTranslator
instanceKlass kotlin/reflect/jvm/internal/impl/types/TypeAttributeTranslator
instanceKlass kotlin/reflect/jvm/internal/impl/types/extensions/TypeAttributeTranslators
instanceKlass kotlin/reflect/jvm/internal/impl/serialization/deserialization/ContractDeserializer$Companion$DEFAULT$1
instanceKlass kotlin/reflect/jvm/internal/impl/serialization/deserialization/ContractDeserializer$Companion
instanceKlass kotlin/reflect/jvm/internal/impl/serialization/deserialization/ContractDeserializer
instanceKlass kotlin/reflect/jvm/internal/impl/serialization/deserialization/DeserializationConfiguration$Default
instanceKlass kotlin/reflect/jvm/internal/impl/serialization/deserialization/DeserializationConfiguration
instanceKlass kotlin/reflect/jvm/internal/impl/resolve/constants/ConstantValue
instanceKlass kotlin/reflect/jvm/internal/impl/serialization/deserialization/AnnotationDeserializer
instanceKlass kotlin/reflect/jvm/internal/impl/load/kotlin/AbstractBinaryClassAnnotationAndConstantLoader$$Lambda$0
instanceKlass kotlin/reflect/jvm/internal/impl/load/kotlin/AbstractBinaryClassAnnotationLoader$Companion
instanceKlass kotlin/reflect/jvm/internal/impl/load/kotlin/AbstractBinaryClassAnnotationLoader
instanceKlass kotlin/reflect/jvm/internal/impl/serialization/deserialization/AnnotationAndConstantLoader
instanceKlass kotlin/reflect/jvm/internal/impl/serialization/deserialization/AnnotationLoader
instanceKlass kotlin/reflect/jvm/internal/impl/load/kotlin/BinaryClassAnnotationAndConstantLoaderImplKt
instanceKlass kotlin/reflect/jvm/internal/impl/load/kotlin/JavaClassDataFinder
instanceKlass kotlin/reflect/jvm/internal/impl/serialization/deserialization/ClassDataFinder
instanceKlass kotlin/reflect/jvm/internal/impl/types/TypeParameterUpperBoundEraser$$Lambda$1
instanceKlass kotlin/reflect/jvm/internal/impl/types/TypeParameterUpperBoundEraser$$Lambda$0
instanceKlass kotlin/reflect/jvm/internal/impl/types/TypeParameterErasureOptions
instanceKlass kotlin/reflect/jvm/internal/impl/types/TypeParameterUpperBoundEraser$Companion
instanceKlass kotlin/reflect/jvm/internal/impl/types/TypeParameterUpperBoundEraser
instanceKlass kotlin/reflect/jvm/internal/impl/types/ErasureProjectionComputer
instanceKlass kotlin/reflect/jvm/internal/impl/load/java/lazy/types/JavaTypeResolver
instanceKlass kotlin/InitializedLazyImpl
instanceKlass kotlin/reflect/jvm/internal/impl/load/java/lazy/TypeParameterResolver$EMPTY
instanceKlass kotlin/reflect/jvm/internal/impl/load/java/lazy/TypeParameterResolver
instanceKlass kotlin/reflect/jvm/internal/impl/load/java/lazy/LazyJavaResolverContext
instanceKlass kotlin/reflect/jvm/internal/impl/load/java/lazy/LazyJavaPackageFragmentProvider
instanceKlass kotlin/reflect/jvm/internal/impl/descriptors/PackageFragmentProviderOptimized
instanceKlass kotlin/reflect/jvm/internal/impl/descriptors/PackageFragmentProvider
instanceKlass kotlin/reflect/jvm/internal/impl/resolve/jvm/CompositeSyntheticJavaPartsProvider
instanceKlass kotlin/reflect/jvm/internal/impl/resolve/jvm/SyntheticJavaPartsProvider$Companion
instanceKlass kotlin/reflect/jvm/internal/impl/resolve/jvm/SyntheticJavaPartsProvider
instanceKlass kotlin/reflect/jvm/internal/impl/load/kotlin/DeserializationComponentsForJavaKt$makeLazyJavaPackageFragmentProvider$javaResolverComponents$1
instanceKlass kotlin/reflect/jvm/internal/impl/load/java/JavaModuleAnnotationsProvider
instanceKlass kotlin/reflect/jvm/internal/impl/resolve/OverridingUtil$1
instanceKlass kotlin/reflect/jvm/internal/impl/load/java/JavaIncompatibilityRulesOverridabilityCondition$Companion
instanceKlass kotlin/reflect/jvm/internal/impl/load/java/JavaIncompatibilityRulesOverridabilityCondition
instanceKlass kotlin/reflect/jvm/internal/impl/load/java/ErasedOverridabilityCondition
instanceKlass kotlin/reflect/jvm/internal/impl/load/java/FieldOverridabilityCondition
instanceKlass kotlin/reflect/jvm/internal/impl/resolve/ExternalOverridabilityCondition
instanceKlass kotlin/reflect/jvm/internal/impl/descriptors/PropertyAccessorDescriptor
instanceKlass kotlin/reflect/jvm/internal/impl/descriptors/VariableAccessorDescriptor
instanceKlass kotlin/reflect/jvm/internal/impl/descriptors/FunctionDescriptor
instanceKlass okhttp3/Dispatcher$promoteAndExecute$Effects
instanceKlass kotlin/reflect/jvm/internal/impl/descriptors/CallableMemberDescriptor
instanceKlass kotlin/reflect/jvm/internal/impl/descriptors/MemberDescriptor
instanceKlass kotlin/reflect/jvm/internal/impl/descriptors/CallableDescriptor
instanceKlass kotlin/reflect/jvm/internal/impl/descriptors/Substitutable
instanceKlass okio/InflaterSource
instanceKlass kotlin/reflect/jvm/internal/impl/descriptors/DeclarationDescriptorWithVisibility
instanceKlass okio/GzipSource
instanceKlass kotlin/reflect/jvm/internal/impl/types/checker/KotlinTypeChecker$TypeConstructorEquality
instanceKlass kotlin/reflect/jvm/internal/impl/resolve/OverridingUtil
instanceKlass okhttp3/internal/cache/CacheInterceptor$cacheWritingResponse$cacheWritingSource$1
instanceKlass kotlin/reflect/jvm/internal/impl/types/AbstractTypePreparator
instanceKlass okhttp3/Cache$RealCacheRequest
instanceKlass okhttp3/internal/cache/CacheRequest
instanceKlass kotlin/reflect/jvm/internal/impl/types/AbstractTypeRefiner
instanceKlass kotlin/reflect/jvm/internal/impl/types/checker/NewKotlinTypeCheckerImpl
instanceKlass kotlin/reflect/jvm/internal/impl/types/checker/NewKotlinTypeChecker$Companion
instanceKlass kotlin/reflect/jvm/internal/impl/types/checker/NewKotlinTypeChecker
instanceKlass kotlin/reflect/jvm/internal/impl/types/checker/KotlinTypeChecker
instanceKlass okio/-Base64
instanceKlass kotlin/reflect/jvm/internal/impl/load/java/JavaClassesTracker$Default
instanceKlass kotlin/reflect/jvm/internal/impl/load/java/JavaClassesTracker
instanceKlass kotlin/reflect/jvm/internal/impl/load/java/lazy/JavaResolverSettings$Default
instanceKlass kotlin/reflect/jvm/internal/impl/load/java/lazy/JavaResolverSettings
instanceKlass kotlin/reflect/jvm/internal/impl/load/java/typeEnhancement/JavaTypeEnhancement
instanceKlass kotlin/reflect/jvm/internal/impl/load/java/typeEnhancement/SignatureEnhancement
instanceKlass kotlin/reflect/jvm/internal/impl/utils/WrappedValues$1
instanceKlass kotlin/reflect/jvm/internal/impl/utils/WrappedValues
instanceKlass kotlin/reflect/jvm/internal/impl/load/java/NullabilityAnnotationStates$Companion
instanceKlass okhttp3/internal/cache/DiskLruCache$Editor
instanceKlass kotlin/reflect/jvm/internal/impl/load/java/Jsr305Settings$$Lambda$0
instanceKlass kotlin/reflect/jvm/internal/impl/load/java/Jsr305Settings
instanceKlass okhttp3/internal/cache/DiskLruCache$Entry
instanceKlass kotlin/reflect/jvm/internal/impl/load/java/NullabilityAnnotationStatesImpl$$Lambda$0
instanceKlass kotlin/KotlinVersionCurrentValue
instanceKlass okhttp3/Cache$Entry$Companion
instanceKlass kotlin/KotlinVersion$Companion
instanceKlass kotlin/KotlinVersion
instanceKlass okhttp3/Cache$Entry
instanceKlass kotlin/reflect/jvm/internal/impl/load/java/ReportLevel$Companion
instanceKlass kotlin/reflect/jvm/internal/impl/load/java/JavaNullabilityAnnotationsStatus$Companion
instanceKlass kotlin/reflect/jvm/internal/impl/load/java/JavaNullabilityAnnotationsStatus
instanceKlass okhttp3/internal/UnreadableResponseBodyKt
instanceKlass kotlin/reflect/jvm/internal/impl/load/java/NullabilityAnnotationStatesImpl
instanceKlass kotlin/reflect/jvm/internal/impl/load/java/NullabilityAnnotationStates
instanceKlass okhttp3/internal/http/CallServerInterceptor$intercept$1
instanceKlass kotlin/reflect/jvm/internal/impl/load/java/JavaNullabilityAnnotationSettingsKt
instanceKlass kotlin/reflect/jvm/internal/impl/load/java/JavaTypeEnhancementState$Companion
instanceKlass okio/ForwardingSource
instanceKlass kotlin/reflect/jvm/internal/impl/load/java/JavaTypeEnhancementState
instanceKlass okhttp3/internal/http/HttpHeaders
instanceKlass kotlin/reflect/jvm/internal/impl/load/java/AbstractAnnotationTypeQualifierResolver$Companion
instanceKlass kotlin/reflect/jvm/internal/impl/load/java/AbstractAnnotationTypeQualifierResolver
instanceKlass okhttp3/TrailersSource$Companion$EMPTY$1
instanceKlass okhttp3/TrailersSource$Companion
instanceKlass okhttp3/TrailersSource
instanceKlass okhttp3/ResponseBody$Companion
instanceKlass kotlin/reflect/jvm/internal/impl/builtins/ReflectionTypes$ClassLookup
instanceKlass kotlin/reflect/jvm/internal/impl/builtins/ReflectionTypes$$Lambda$0
instanceKlass okhttp3/ResponseBody
instanceKlass kotlin/reflect/jvm/internal/impl/builtins/ReflectionTypes$Companion
instanceKlass okhttp3/Response$Builder
instanceKlass kotlin/reflect/jvm/internal/impl/builtins/ReflectionTypes
instanceKlass kotlin/reflect/jvm/internal/impl/incremental/components/LookupTracker$DO_NOTHING
instanceKlass kotlin/reflect/jvm/internal/impl/incremental/components/LookupTracker
instanceKlass okhttp3/internal/http/StatusLine$Companion
instanceKlass kotlin/reflect/jvm/internal/impl/descriptors/SupertypeLoopChecker$EMPTY
instanceKlass kotlin/reflect/jvm/internal/impl/descriptors/SupertypeLoopChecker
instanceKlass okhttp3/internal/http/StatusLine
instanceKlass kotlin/reflect/jvm/internal/impl/storage/LockBasedStorageManager$CacheWithNullableValuesBasedOnMemoizedFunction$1
instanceKlass kotlin/reflect/jvm/internal/impl/resolve/sam/SamConversionResolverImpl
instanceKlass kotlin/reflect/jvm/internal/impl/resolve/sam/SamConversionResolver
instanceKlass kotlin/reflect/jvm/internal/impl/load/java/components/JavaPropertyInitializerEvaluator$DoNothing
instanceKlass kotlin/reflect/jvm/internal/impl/load/java/components/JavaPropertyInitializerEvaluator
instanceKlass kotlin/reflect/jvm/internal/impl/load/java/components/JavaResolverCache$1
instanceKlass kotlin/reflect/jvm/internal/impl/load/java/components/JavaResolverCache
instanceKlass kotlin/reflect/jvm/internal/impl/load/java/components/SignaturePropagator$1
instanceKlass kotlin/reflect/jvm/internal/impl/load/java/components/SignaturePropagator
instanceKlass kotlin/reflect/jvm/internal/impl/load/java/lazy/JavaResolverComponents
instanceKlass kotlin/reflect/jvm/internal/impl/load/kotlin/PackagePartProvider$Empty
instanceKlass kotlin/reflect/jvm/internal/impl/load/kotlin/PackagePartProvider
instanceKlass kotlin/reflect/jvm/internal/impl/load/kotlin/DeserializationComponentsForJavaKt
instanceKlass kotlin/reflect/jvm/internal/impl/descriptors/NotFoundClasses$$Lambda$1
instanceKlass kotlin/reflect/jvm/internal/impl/descriptors/NotFoundClasses$$Lambda$0
instanceKlass kotlin/reflect/jvm/internal/impl/descriptors/NotFoundClasses
instanceKlass kotlin/reflect/jvm/internal/impl/load/java/lazy/SingleModuleClassResolver
instanceKlass kotlin/reflect/jvm/internal/impl/load/java/lazy/ModuleClassResolver
instanceKlass kotlin/reflect/jvm/internal/impl/metadata/jvm/deserialization/JvmMetadataVersion$Companion
instanceKlass kotlin/reflect/jvm/internal/impl/metadata/deserialization/BinaryVersion$Companion
instanceKlass kotlin/reflect/jvm/internal/impl/metadata/deserialization/BinaryVersion
instanceKlass kotlin/reflect/jvm/internal/impl/load/kotlin/header/KotlinClassHeader$Kind$Companion
instanceKlass kotlin/reflect/jvm/internal/impl/load/kotlin/DeserializedDescriptorResolver$Companion
instanceKlass kotlin/reflect/jvm/internal/impl/load/kotlin/DeserializedDescriptorResolver
instanceKlass kotlin/reflect/jvm/internal/impl/builtins/jvm/JvmBuiltIns$$Lambda$1
instanceKlass kotlin/reflect/jvm/internal/impl/builtins/KotlinBuiltIns$4
instanceKlass kotlin/reflect/jvm/internal/impl/descriptors/impl/ModuleDescriptorImpl$$Lambda$1
instanceKlass kotlin/reflect/jvm/internal/impl/descriptors/impl/ModuleDescriptorImpl$$Lambda$0
instanceKlass kotlin/reflect/jvm/internal/impl/descriptors/impl/PackageViewDescriptorFactory$Default
instanceKlass kotlin/reflect/jvm/internal/impl/descriptors/ModuleCapability
instanceKlass kotlin/reflect/jvm/internal/impl/descriptors/impl/PackageViewDescriptorFactory$Companion
instanceKlass kotlin/reflect/jvm/internal/impl/descriptors/impl/PackageViewDescriptorFactory
instanceKlass kotlin/reflect/jvm/internal/impl/descriptors/annotations/Annotations$Companion$EMPTY$1
instanceKlass kotlin/reflect/jvm/internal/impl/descriptors/annotations/Annotations$Companion
instanceKlass kotlin/reflect/jvm/internal/impl/descriptors/annotations/Annotations
instanceKlass kotlin/reflect/jvm/internal/impl/descriptors/annotations/AnnotatedImpl
instanceKlass kotlin/reflect/jvm/internal/impl/builtins/jvm/JvmBuiltIns$WhenMappings
instanceKlass kotlin/reflect/jvm/internal/impl/builtins/jvm/JvmBuiltIns$$Lambda$0
instanceKlass kotlin/reflect/jvm/internal/impl/storage/LockBasedStorageManager$MapBasedMemoizedFunction
instanceKlass kotlin/reflect/jvm/internal/impl/builtins/KotlinBuiltIns$3
instanceKlass kotlin/reflect/jvm/internal/impl/builtins/KotlinBuiltIns$2
instanceKlass kotlin/reflect/jvm/internal/impl/storage/LockBasedStorageManager$LockBasedLazyValue
instanceKlass kotlin/reflect/jvm/internal/impl/builtins/KotlinBuiltIns$1
instanceKlass kotlin/reflect/jvm/internal/impl/descriptors/deserialization/PlatformDependentDeclarationFilter
instanceKlass kotlin/reflect/jvm/internal/impl/descriptors/deserialization/AdditionalClassPartsProvider
instanceKlass kotlin/reflect/jvm/internal/impl/descriptors/ModuleDescriptor
instanceKlass kotlin/reflect/jvm/internal/impl/incremental/components/LookupLocation
instanceKlass kotlin/reflect/jvm/internal/impl/types/model/TypeArgumentListMarker
instanceKlass kotlin/reflect/jvm/internal/impl/types/model/SimpleTypeMarker
instanceKlass kotlin/reflect/jvm/internal/impl/types/KotlinType
instanceKlass kotlin/reflect/jvm/internal/impl/types/model/KotlinTypeMarker
instanceKlass kotlin/reflect/jvm/internal/impl/descriptors/ClassifierDescriptor
instanceKlass kotlin/reflect/jvm/internal/impl/descriptors/DeclarationDescriptorNonRoot
instanceKlass kotlin/reflect/jvm/internal/impl/descriptors/DeclarationDescriptorWithSource
instanceKlass kotlin/reflect/jvm/internal/impl/descriptors/DeclarationDescriptor
instanceKlass kotlin/reflect/jvm/internal/impl/descriptors/annotations/Annotated
instanceKlass kotlin/reflect/jvm/internal/impl/descriptors/Named
instanceKlass kotlin/reflect/jvm/internal/impl/builtins/KotlinBuiltIns
instanceKlass kotlin/reflect/jvm/internal/impl/storage/DefaultSimpleLock
instanceKlass kotlin/reflect/jvm/internal/impl/storage/SimpleLock$Companion
instanceKlass kotlin/reflect/jvm/internal/impl/storage/EmptySimpleLock
instanceKlass kotlin/reflect/jvm/internal/impl/storage/LockBasedStorageManager$ExceptionHandlingStrategy$1
instanceKlass kotlin/reflect/jvm/internal/impl/storage/LockBasedStorageManager$ExceptionHandlingStrategy
instanceKlass kotlin/reflect/jvm/internal/impl/storage/MemoizedFunctionToNullable
instanceKlass kotlin/reflect/jvm/internal/impl/storage/MemoizedFunctionToNotNull
instanceKlass kotlin/reflect/jvm/internal/impl/storage/NullableLazyValue
instanceKlass kotlin/reflect/jvm/internal/impl/storage/CacheWithNotNullValues
instanceKlass kotlin/reflect/jvm/internal/impl/storage/CacheWithNullableValues
instanceKlass kotlin/reflect/jvm/internal/impl/storage/NotNullLazyValue
instanceKlass kotlin/reflect/jvm/internal/impl/storage/SimpleLock
instanceKlass kotlin/reflect/jvm/internal/impl/storage/LockBasedStorageManager
instanceKlass kotlin/reflect/jvm/internal/impl/storage/StorageManager
instanceKlass kotlin/reflect/jvm/internal/impl/descriptors/runtime/components/RuntimeSourceElementFactory
instanceKlass kotlin/reflect/jvm/internal/impl/load/java/sources/JavaSourceElementFactory
instanceKlass kotlin/reflect/jvm/internal/impl/descriptors/runtime/components/RuntimeErrorReporter
instanceKlass kotlin/reflect/jvm/internal/impl/serialization/deserialization/ErrorReporter
instanceKlass kotlin/reflect/jvm/internal/impl/descriptors/runtime/components/ReflectJavaClassFinder
instanceKlass kotlin/reflect/jvm/internal/impl/load/java/JavaClassFinder
instanceKlass kotlin/reflect/jvm/internal/impl/load/kotlin/DeserializationComponentsForJava$Companion
instanceKlass kotlin/reflect/jvm/internal/impl/load/kotlin/DeserializationComponentsForJava
instanceKlass kotlin/reflect/jvm/internal/impl/serialization/deserialization/builtins/BuiltInsResourceLoader
instanceKlass kotlin/reflect/jvm/internal/impl/descriptors/runtime/components/ReflectKotlinClassFinder
instanceKlass kotlin/reflect/jvm/internal/impl/load/kotlin/KotlinClassFinder
instanceKlass kotlin/reflect/jvm/internal/impl/serialization/deserialization/KotlinMetadataFinder
instanceKlass kotlin/reflect/jvm/internal/impl/descriptors/runtime/components/RuntimeModuleData$Companion
instanceKlass kotlin/reflect/jvm/internal/impl/descriptors/runtime/components/RuntimeModuleData
instanceKlass kotlin/reflect/jvm/internal/WeakClassLoaderBox
instanceKlass kotlin/reflect/jvm/internal/ModuleByClassLoaderKt
instanceKlass kotlin/reflect/jvm/internal/impl/name/SpecialNames
instanceKlass kotlin/reflect/jvm/internal/impl/builtins/CompanionObjectMapping
instanceKlass kotlin/reflect/jvm/internal/impl/name/FqNamesUtilKt
instanceKlass kotlin/reflect/jvm/internal/impl/utils/CollectionsKt
instanceKlass kotlin/reflect/jvm/internal/impl/builtins/PrimitiveType$Companion
instanceKlass kotlin/reflect/jvm/internal/impl/builtins/PrimitiveType$$Lambda$1
instanceKlass kotlin/reflect/jvm/internal/impl/builtins/PrimitiveType$$Lambda$0
instanceKlass kotlin/reflect/jvm/internal/impl/builtins/StandardNames$FqNames
instanceKlass kotlin/reflect/jvm/internal/impl/builtins/jvm/JavaToKotlinClassMap$PlatformMutabilityMapping
instanceKlass kotlin/reflect/jvm/internal/impl/name/StandardClassIdsKt
instanceKlass kotlin/reflect/jvm/internal/impl/name/StandardClassIds
instanceKlass kotlin/reflect/jvm/internal/impl/builtins/StandardNames
instanceKlass kotlin/reflect/jvm/internal/impl/builtins/functions/FunctionTypeKind
instanceKlass kotlin/reflect/jvm/internal/impl/builtins/jvm/JavaToKotlinClassMap
instanceKlass kotlin/_Assertions
instanceKlass kotlin/reflect/jvm/internal/impl/name/FqNameUnsafe$1
instanceKlass kotlin/reflect/jvm/internal/impl/name/Name
instanceKlass kotlin/reflect/jvm/internal/impl/name/FqNameUnsafe
instanceKlass kotlin/reflect/jvm/internal/impl/name/FqName
instanceKlass kotlin/reflect/jvm/internal/impl/name/ClassId$Companion
instanceKlass kotlin/reflect/jvm/internal/impl/name/ClassId
instanceKlass kotlin/reflect/jvm/internal/RuntimeTypeMapper
instanceKlass kotlin/reflect/jvm/internal/KClassImpl$Data$$Lambda$17
instanceKlass kotlin/reflect/jvm/internal/KClassImpl$Data$$Lambda$16
instanceKlass kotlin/reflect/jvm/internal/KClassImpl$Data$$Lambda$15
instanceKlass kotlin/reflect/jvm/internal/KClassImpl$Data$$Lambda$14
instanceKlass kotlin/reflect/jvm/internal/KClassImpl$Data$$Lambda$13
instanceKlass kotlin/reflect/jvm/internal/KClassImpl$Data$$Lambda$12
instanceKlass kotlin/reflect/jvm/internal/KClassImpl$Data$$Lambda$11
instanceKlass kotlin/reflect/jvm/internal/KClassImpl$Data$$Lambda$10
instanceKlass kotlin/reflect/jvm/internal/KClassImpl$Data$$Lambda$9
instanceKlass kotlin/reflect/jvm/internal/KClassImpl$Data$$Lambda$8
instanceKlass kotlin/reflect/jvm/internal/KClassImpl$Data$$Lambda$7
instanceKlass kotlin/reflect/jvm/internal/KClassImpl$Data$$Lambda$6
instanceKlass kotlin/reflect/jvm/internal/KClassImpl$Data$$Lambda$5
instanceKlass kotlin/reflect/jvm/internal/KClassImpl$Data$$Lambda$4
instanceKlass kotlin/reflect/jvm/internal/KClassImpl$Data$$Lambda$3
instanceKlass kotlin/reflect/jvm/internal/KClassImpl$Data$$Lambda$2
instanceKlass kotlin/reflect/jvm/internal/KClassImpl$Data$$Lambda$1
instanceKlass kotlin/reflect/jvm/internal/KClassImpl$Data$$Lambda$0
instanceKlass kotlin/reflect/jvm/internal/KDeclarationContainerImpl$Data$$Lambda$0
instanceKlass kotlin/reflect/jvm/internal/KProperty1Impl$$Lambda$1
instanceKlass kotlin/reflect/jvm/internal/KProperty1Impl$$Lambda$0
instanceKlass kotlin/reflect/jvm/internal/KPropertyImpl$$Lambda$1
instanceKlass kotlin/reflect/jvm/internal/KPropertyImpl$$Lambda$0
instanceKlass kotlin/reflect/jvm/internal/KCallableImpl$$Lambda$5
instanceKlass kotlin/reflect/jvm/internal/KCallableImpl$$Lambda$4
instanceKlass kotlin/reflect/jvm/internal/KCallableImpl$$Lambda$3
instanceKlass kotlin/reflect/jvm/internal/KCallableImpl$$Lambda$2
instanceKlass kotlin/reflect/jvm/internal/KCallableImpl$$Lambda$1
instanceKlass kotlin/reflect/jvm/internal/ReflectProperties$Val$1
instanceKlass kotlin/reflect/jvm/internal/ReflectProperties$Val
instanceKlass kotlin/reflect/jvm/internal/ReflectProperties
instanceKlass kotlin/reflect/jvm/internal/KCallableImpl$$Lambda$0
instanceKlass kotlin/reflect/jvm/internal/KPropertyImpl$Companion
instanceKlass kotlin/reflect/jvm/internal/KCallableImpl
instanceKlass kotlin/reflect/KProperty$Getter
instanceKlass kotlin/reflect/KProperty$Accessor
instanceKlass kotlin/reflect/jvm/internal/KDeclarationContainerImpl$Data
instanceKlass io/mockk/impl/instantiation/JvmMockFactoryHelper$mockHandler$1
instanceKlass io/mockk/proxy/MockKInvocationHandler
instanceKlass io/mockk/impl/instantiation/JvmMockFactoryHelper
instanceKlass io/mockk/impl/recording/CommonCallRecorder$Companion
instanceKlass io/mockk/impl/recording/CommonCallRecorder
instanceKlass io/mockk/MockKGateway$CallRecorder
instanceKlass io/mockk/MockKSettings
instanceKlass io/mockk/impl/stub/MockKStub$Companion
instanceKlass io/mockk/impl/stub/MockKStub
instanceKlass io/mockk/impl/stub/Stub
instanceKlass io/mockk/impl/platform/Disposable
instanceKlass io/mockk/MockKDsl
instanceKlass io/mockk/impl/recording/CommonVerificationAcknowledger
instanceKlass io/mockk/MockKGateway$VerificationAcknowledger
instanceKlass io/mockk/impl/annotations/JvmMockInitializer$Companion
instanceKlass io/mockk/impl/annotations/JvmMockInitializer
instanceKlass io/mockk/MockKGateway$MockInitializer
instanceKlass io/mockk/MockKGateway$Excluder
instanceKlass io/mockk/MockKGateway$Verifier
instanceKlass io/mockk/impl/recording/AutoHinter
instanceKlass io/mockk/impl/eval/RecordedBlockEvaluator
instanceKlass io/mockk/MockKGateway$Stubber
instanceKlass io/mockk/impl/recording/states/CallRecordingState
instanceKlass io/mockk/impl/recording/VerificationCallSorter
instanceKlass io/mockk/impl/recording/ChildHinter
instanceKlass io/mockk/impl/recording/CallRecorderFactories
instanceKlass io/mockk/impl/instantiation/CommonMockTypeChecker
instanceKlass io/mockk/MockKGateway$MockTypeChecker
instanceKlass io/mockk/impl/instantiation/JvmConstructorMockFactory
instanceKlass io/mockk/MockKGateway$ConstructorMockFactory
instanceKlass io/mockk/impl/instantiation/JvmObjectMockFactory$Companion
instanceKlass io/mockk/impl/instantiation/JvmObjectMockFactory
instanceKlass io/mockk/MockKGateway$ObjectMockFactory
instanceKlass io/mockk/impl/instantiation/RefCounterMap
instanceKlass io/mockk/impl/instantiation/JvmStaticMockFactory$Companion
instanceKlass io/mockk/impl/instantiation/JvmStaticMockFactory
instanceKlass io/mockk/MockKGateway$StaticMockFactory
instanceKlass io/mockk/impl/stub/CommonClearer
instanceKlass io/mockk/MockKGateway$Clearer
instanceKlass io/mockk/impl/log/SafeLogger
instanceKlass io/mockk/InternalPlatformDsl$counter$1
instanceKlass io/mockk/InternalCounter
instanceKlass io/mockk/InternalPlatformDsl
instanceKlass io/mockk/impl/instantiation/AbstractMockFactory$Companion
instanceKlass io/mockk/impl/instantiation/AbstractMockFactory
instanceKlass io/mockk/MockKGateway$MockFactory
instanceKlass io/mockk/impl/stub/StubGatewayAccess
instanceKlass io/mockk/impl/recording/JvmSignatureValueGenerator
instanceKlass io/mockk/impl/recording/SignatureValueGenerator
instanceKlass io/mockk/impl/instantiation/JvmInstantiator$Companion
instanceKlass okhttp3/internal/http2/Huffman$Node
instanceKlass io/mockk/impl/instantiation/AbstractInstantiator$Companion
instanceKlass okhttp3/internal/http2/Huffman
instanceKlass io/mockk/impl/instantiation/AbstractInstantiator
instanceKlass okhttp3/internal/http2/Hpack
instanceKlass io/mockk/impl/JvmMultiNotifier
instanceKlass io/mockk/impl/MultiNotifier
instanceKlass okhttp3/internal/http2/Http2Stream$FramingSink
instanceKlass io/mockk/impl/platform/JvmWeakConcurrentMap
instanceKlass okhttp3/internal/http2/Http2Stream$FramingSource
instanceKlass okhttp3/internal/http2/Http2Stream$Companion
instanceKlass io/mockk/impl/stub/StubRepository
instanceKlass okhttp3/internal/http2/Http2Stream
instanceKlass io/mockk/proxy/jvm/ConstructorProxyMaker
instanceKlass io/mockk/proxy/MockKConstructorProxyMaker
instanceKlass okhttp3/internal/http/RequestLine
instanceKlass io/mockk/proxy/jvm/StaticProxyMaker
instanceKlass io/mockk/proxy/MockKStaticProxyMaker
instanceKlass okhttp3/internal/http2/Header$Companion
instanceKlass okhttp3/internal/http/HttpMethod
instanceKlass org/conscrypt/ByteArray
instanceKlass io/mockk/proxy/jvm/ProxyMaker$Companion
instanceKlass okhttp3/internal/http2/Http2ExchangeCodec$Companion
instanceKlass okhttp3/internal/http2/Http2ExchangeCodec
instanceKlass okhttp3/internal/http/ExchangeCodec
instanceKlass org/conscrypt/NativeSslSession
instanceKlass io/mockk/proxy/jvm/ProxyMaker
instanceKlass io/mockk/proxy/MockKProxyMaker
instanceKlass okhttp3/internal/http2/ErrorCode$Companion
instanceKlass io/mockk/proxy/jvm/transformation/SubclassInstrumentation$AdviceBuilder
instanceKlass io/mockk/proxy/jvm/transformation/SubclassInstrumentation$Companion
instanceKlass io/mockk/proxy/jvm/transformation/SubclassInstrumentation
instanceKlass io/mockk/proxy/common/transformation/RetransformInlineInstrumentation
instanceKlass io/mockk/proxy/common/transformation/InlineInstrumentation
instanceKlass kotlin/jvm/internal/StringCompanionObject
instanceKlass io/mockk/proxy/jvm/advice/BaseAdvice$Companion
instanceKlass okhttp3/internal/http2/Hpack$Reader
instanceKlass okhttp3/internal/http2/Http2Reader$ContinuationSource
instanceKlass io/mockk/proxy/jvm/transformation/InliningClassTransformer$AdviceBuilder
instanceKlass okhttp3/internal/http2/Http2Reader$Companion
instanceKlass io/mockk/proxy/jvm/transformation/InliningClassTransformer$Companion
instanceKlass okhttp3/internal/http2/Http2Reader
instanceKlass io/mockk/proxy/jvm/transformation/InliningClassTransformer
instanceKlass java/lang/instrument/ClassFileTransformer
instanceKlass okhttp3/internal/http2/Http2Connection$ReaderRunnable
instanceKlass okhttp3/internal/http2/Http2Reader$Handler
instanceKlass io/mockk/proxy/common/transformation/ClassTransformationSpecMap
instanceKlass okhttp3/internal/http2/Header
instanceKlass io/mockk/proxy/jvm/advice/jvm/WeakMockHandlersMap
instanceKlass okhttp3/internal/http2/Hpack$Writer
instanceKlass io/mockk/proxy/jvm/advice/jvm/MockHandlerMap$Companion
instanceKlass okhttp3/internal/http2/Http2Writer$Companion
instanceKlass io/mockk/proxy/jvm/advice/jvm/MockHandlerMap
instanceKlass okhttp3/internal/http2/Http2Writer
instanceKlass okhttp3/internal/http2/flowcontrol/WindowCounter
instanceKlass okhttp3/internal/http2/Settings$Companion
instanceKlass okhttp3/internal/http2/Settings
instanceKlass org/objenesis/instantiator/ObjectInstantiator
instanceKlass okhttp3/internal/http2/Http2Connection$Companion
instanceKlass org/objenesis/strategy/BaseInstantiatorStrategy
instanceKlass org/objenesis/strategy/InstantiatorStrategy
instanceKlass okhttp3/internal/http2/Http2Connection
instanceKlass org/objenesis/ObjenesisBase
instanceKlass org/objenesis/Objenesis
instanceKlass io/mockk/proxy/jvm/ObjenesisInstantiator$Companion
instanceKlass okhttp3/internal/http2/PushObserver$Companion$PushObserverCancel
instanceKlass io/mockk/proxy/jvm/ObjenesisInstantiator
instanceKlass okhttp3/internal/http2/PushObserver$Companion
instanceKlass io/mockk/proxy/MockKInstantiatior
instanceKlass okhttp3/internal/http2/PushObserver
instanceKlass okhttp3/internal/http2/Http2Connection$Builder
instanceKlass okhttp3/internal/http2/FlowControlListener$None
instanceKlass okhttp3/internal/http2/FlowControlListener
instanceKlass okhttp3/internal/connection/RealConnection$Companion
instanceKlass okhttp3/internal/http2/Http2Connection$Listener$Companion
instanceKlass net/bytebuddy/dynamic/TargetType
instanceKlass okio/Utf8
instanceKlass net/bytebuddy/utility/dispatcher/JavaDispatcher$ProxiedInvocationHandler
instanceKlass okhttp3/Handshake$Companion
instanceKlass okhttp3/Handshake
instanceKlass net/bytebuddy/utility/nullability/MaybeNull
instanceKlass net/bytebuddy/utility/dispatcher/JavaDispatcher$Dispatcher$ForNonStaticMethod
instanceKlass net/bytebuddy/utility/dispatcher/JavaDispatcher$IsConstructor
instanceKlass net/bytebuddy/utility/dispatcher/JavaDispatcher$IsStatic
instanceKlass java/security/cert/PKIXCertPathValidatorResult
instanceKlass java/security/cert/CertPathValidatorResult
instanceKlass net/bytebuddy/utility/dispatcher/JavaDispatcher$Container
instanceKlass net/bytebuddy/utility/dispatcher/JavaDispatcher$Instance
instanceKlass net/bytebuddy/utility/dispatcher/JavaDispatcher$Defaults
instanceKlass net/bytebuddy/utility/Invoker$Dispatcher
instanceKlass org/conscrypt/OpenSSLSignature$1
instanceKlass java/security/interfaces/ECPrivateKey
instanceKlass net/bytebuddy/jar/asm/Attribute
instanceKlass net/bytebuddy/jar/asm/Handler
instanceKlass net/bytebuddy/jar/asm/Frame
instanceKlass org/conscrypt/OidData
instanceKlass sun/security/provider/certpath/CertPathConstraintsParameters
instanceKlass sun/security/provider/certpath/PKIXMasterCertPathValidator
instanceKlass sun/security/provider/certpath/PolicyNodeImpl
instanceKlass java/security/cert/PolicyNode
instanceKlass sun/security/util/DisabledAlgorithmConstraints$CertPathHolder
instanceKlass net/bytebuddy/jar/asm/Type
instanceKlass org/conscrypt/EvpMdRef$SHA256
instanceKlass net/bytebuddy/jar/asm/ByteVector
instanceKlass sun/security/util/UntrustedCertificates$1
instanceKlass sun/security/util/UntrustedCertificates
instanceKlass net/bytebuddy/jar/asm/Symbol
instanceKlass net/bytebuddy/jar/asm/SymbolTable
instanceKlass java/security/cert/X509CertSelector
instanceKlass java/security/cert/CertSelector
instanceKlass sun/security/provider/certpath/PKIX$ValidatorParams
instanceKlass sun/security/provider/certpath/PKIX
instanceKlass java/security/cert/PKIXParameters
instanceKlass net/bytebuddy/jar/asm/MethodVisitor
instanceKlass net/bytebuddy/jar/asm/FieldVisitor
instanceKlass net/bytebuddy/jar/asm/ModuleVisitor
instanceKlass org/conscrypt/OpenSSLRSAPublicKey
instanceKlass org/conscrypt/OpenSSLKeyHolder
instanceKlass net/bytebuddy/jar/asm/AnnotationVisitor
instanceKlass net/bytebuddy/jar/asm/RecordComponentVisitor
instanceKlass org/conscrypt/OpenSSLKey
instanceKlass org/conscrypt/ChainStrengthAnalyzer
instanceKlass net/bytebuddy/utility/Invoker
instanceKlass javax/net/ssl/SSLParameters
instanceKlass org/conscrypt/ConscryptEngine$2
instanceKlass net/bytebuddy/utility/dispatcher/JavaDispatcher$InvokerCreationAction
instanceKlass net/bytebuddy/utility/dispatcher/JavaDispatcher$DynamicClassLoader$Resolver$ForModuleSystem
instanceKlass net/bytebuddy/utility/dispatcher/JavaDispatcher$DynamicClassLoader$Resolver
instanceKlass net/bytebuddy/utility/dispatcher/JavaDispatcher$Proxied
instanceKlass net/bytebuddy/utility/dispatcher/JavaDispatcher$Dispatcher
instanceKlass net/bytebuddy/utility/dispatcher/JavaDispatcher
instanceKlass net/bytebuddy/description/type/TypeDescription$ForLoadedType$Dispatcher
instanceKlass net/bytebuddy/description/field/FieldList
instanceKlass net/bytebuddy/description/type/RecordComponentList
instanceKlass net/bytebuddy/description/method/MethodList
instanceKlass net/bytebuddy/description/type/TypeList
instanceKlass net/bytebuddy/description/annotation/AnnotationList
instanceKlass net/bytebuddy/matcher/LatentMatcher$Resolved
instanceKlass net/bytebuddy/jar/asm/ClassVisitor
instanceKlass net/bytebuddy/dynamic/scaffold/InstrumentedType$WithFlexibleName
instanceKlass net/bytebuddy/dynamic/scaffold/InstrumentedType
instanceKlass net/bytebuddy/implementation/LoadedTypeInitializer
instanceKlass net/bytebuddy/dynamic/scaffold/TypeInitializer
instanceKlass net/bytebuddy/implementation/bytecode/ByteCodeAppender
instanceKlass net/bytebuddy/matcher/ElementMatcher$Junction$AbstractBase
instanceKlass net/bytebuddy/description/field/FieldDescription$InDefinedShape
instanceKlass net/bytebuddy/description/field/FieldDescription
instanceKlass net/bytebuddy/description/method/MethodDescription$InDefinedShape
instanceKlass net/bytebuddy/description/method/MethodDescription
instanceKlass net/bytebuddy/description/ByteCodeElement$TypeDependant
instanceKlass net/bytebuddy/description/ByteCodeElement$Member
instanceKlass net/bytebuddy/description/NamedElement$WithGenericName
instanceKlass net/bytebuddy/description/DeclaredByType$WithMandatoryDeclaration
instanceKlass net/bytebuddy/matcher/ElementMatcher$Junction
instanceKlass net/bytebuddy/matcher/ElementMatchers
instanceKlass net/bytebuddy/description/ModifierReviewable$AbstractBase
instanceKlass net/bytebuddy/description/ModifierReviewable$ForParameterDescription
instanceKlass net/bytebuddy/description/ModifierReviewable$ForMethodDescription
instanceKlass net/bytebuddy/description/ModifierReviewable$ForFieldDescription
instanceKlass net/bytebuddy/description/type/TypeDescription$Generic
instanceKlass net/bytebuddy/dynamic/scaffold/MethodGraph$Linked
instanceKlass net/bytebuddy/dynamic/scaffold/MethodGraph
instanceKlass net/bytebuddy/description/type/TypeDescription$Generic$Visitor
instanceKlass net/bytebuddy/dynamic/scaffold/MethodGraph$Compiler$Default$Merger
instanceKlass net/bytebuddy/dynamic/scaffold/MethodGraph$Compiler$Default$Harmonizer
instanceKlass net/bytebuddy/dynamic/scaffold/MethodGraph$Compiler$AbstractBase
instanceKlass net/bytebuddy/dynamic/scaffold/MethodGraph$Compiler
instanceKlass net/bytebuddy/implementation/Implementation$Context$ExtractableView
instanceKlass net/bytebuddy/implementation/Implementation$Context
instanceKlass net/bytebuddy/implementation/MethodAccessorFactory
instanceKlass net/bytebuddy/implementation/attribute/AnnotationValueFilter
instanceKlass net/bytebuddy/utility/RandomString
instanceKlass java/lang/Process
instanceKlass net/bytebuddy/ClassFileVersion$VersionLocator$Resolved
instanceKlass net/bytebuddy/ClassFileVersion$VersionLocator
instanceKlass net/bytebuddy/ClassFileVersion
instanceKlass net/bytebuddy/utility/privilege/GetSystemPropertyAction
instanceKlass net/bytebuddy/dynamic/scaffold/ClassWriterStrategy
instanceKlass net/bytebuddy/dynamic/VisibilityBridgeStrategy
instanceKlass net/bytebuddy/dynamic/scaffold/InstrumentedType$Factory
instanceKlass net/bytebuddy/implementation/attribute/AnnotationValueFilter$Factory
instanceKlass net/bytebuddy/implementation/auxiliary/AuxiliaryType$NamingStrategy$SuffixingRandom
instanceKlass net/bytebuddy/implementation/Implementation$Context$Factory
instanceKlass net/bytebuddy/implementation/auxiliary/AuxiliaryType$NamingStrategy
instanceKlass net/bytebuddy/NamingStrategy$AbstractBase
instanceKlass net/bytebuddy/NamingStrategy
instanceKlass net/bytebuddy/NamingStrategy$Suffixing$BaseNameResolver
instanceKlass net/bytebuddy/matcher/LatentMatcher
instanceKlass net/bytebuddy/description/type/PackageDescription
instanceKlass net/bytebuddy/description/type/TypeDescription
instanceKlass net/bytebuddy/description/TypeVariableSource
instanceKlass net/bytebuddy/description/ByteCodeElement
instanceKlass net/bytebuddy/description/annotation/AnnotationSource
instanceKlass net/bytebuddy/description/DeclaredByType
instanceKlass net/bytebuddy/description/NamedElement$WithDescriptor
instanceKlass net/bytebuddy/description/NamedElement$WithRuntimeName
instanceKlass net/bytebuddy/implementation/Implementation
instanceKlass net/bytebuddy/dynamic/scaffold/InstrumentedType$Prepareable
instanceKlass net/bytebuddy/matcher/ElementMatcher
instanceKlass net/bytebuddy/dynamic/scaffold/subclass/ConstructorStrategy
instanceKlass net/bytebuddy/description/type/TypeDefinition
instanceKlass net/bytebuddy/description/ModifierReviewable$ForTypeDefinition
instanceKlass net/bytebuddy/description/ModifierReviewable$OfEnumeration
instanceKlass net/bytebuddy/description/ModifierReviewable$OfAbstraction
instanceKlass net/bytebuddy/description/ModifierReviewable$OfByteCodeElement
instanceKlass net/bytebuddy/description/ModifierReviewable
instanceKlass net/bytebuddy/description/NamedElement
instanceKlass net/bytebuddy/description/type/TypeList$Generic
instanceKlass net/bytebuddy/matcher/FilterableList
instanceKlass net/bytebuddy/dynamic/DynamicType$Builder
instanceKlass net/bytebuddy/ByteBuddy
instanceKlass io/mockk/proxy/jvm/JvmMockKAgentFactory$init$Initializer
instanceKlass io/mockk/proxy/jvm/dispatcher/JvmMockKWeakMap$StrongKey
instanceKlass io/mockk/proxy/jvm/dispatcher/JvmMockKWeakMap
instanceKlass io/mockk/proxy/jvm/dispatcher/JvmMockKDispatcher
instanceKlass java/util/Vector$Itr
instanceKlass kotlin/io/CloseableKt
instanceKlass kotlin/io/ByteStreamsKt
instanceKlass java/util/zip/ZipOutputStream$XEntry
instanceKlass java/time/chrono/AbstractChronology
instanceKlass java/time/chrono/Chronology
instanceKlass java/time/zone/Ser
instanceKlass java/time/zone/ZoneRulesProvider$1
instanceKlass java/time/zone/ZoneRulesProvider
instanceKlass java/util/zip/Deflater$DeflaterZStreamRef
instanceKlass java/util/zip/Deflater
instanceKlass java/io/File$TempDirectory
instanceKlass sun/instrument/TransformerManager$TransformerInfo
instanceKlass sun/instrument/TransformerManager
instanceKlass sun/instrument/InstrumentationImpl
instanceKlass sun/jvmstat/perfdata/monitor/AliasFileParser$Token
instanceKlass java/io/StreamTokenizer
instanceKlass sun/jvmstat/perfdata/monitor/AliasFileParser
instanceKlass sun/jvmstat/monitor/ByteArrayMonitor
instanceKlass sun/jvmstat/monitor/StringMonitor
instanceKlass org/conscrypt/BufferUtils
instanceKlass sun/jvmstat/perfdata/monitor/v2_0/TypeCode
instanceKlass sun/jvmstat/monitor/LongMonitor
instanceKlass org/conscrypt/ConscryptEngineSocket$3
instanceKlass sun/jvmstat/monitor/Variability
instanceKlass sun/jvmstat/monitor/Units
instanceKlass org/conscrypt/SSLNullSession$DefaultHolder
instanceKlass sun/jvmstat/monitor/AbstractMonitor
instanceKlass sun/jvmstat/monitor/IntegerMonitor
instanceKlass org/conscrypt/SSLNullSession
instanceKlass sun/jvmstat/monitor/MonitoredVmUtil
instanceKlass org/conscrypt/ClientSessionContext$HostAndPort
instanceKlass java/util/regex/Pattern$1
instanceKlass sun/jvmstat/monitor/Monitor
instanceKlass sun/jvmstat/perfdata/monitor/PerfDataBufferImpl
instanceKlass org/conscrypt/AddressUtils
instanceKlass sun/jvmstat/perfdata/monitor/AbstractPerfDataBufferPrologue
instanceKlass jdk/internal/perf/Perf$CleanerAction
instanceKlass org/conscrypt/NativeCrypto$Range
instanceKlass sun/jvmstat/perfdata/monitor/AbstractPerfDataBuffer
instanceKlass org/conscrypt/ActiveSession
instanceKlass sun/jvmstat/perfdata/monitor/AbstractMonitoredVm
instanceKlass sun/jvmstat/monitor/BufferedMonitoredVm
instanceKlass sun/jvmstat/perfdata/monitor/protocol/local/LocalVmManager$3
instanceKlass sun/jvmstat/perfdata/monitor/protocol/local/LocalVmManager$2
instanceKlass sun/jvmstat/perfdata/monitor/protocol/local/LocalVmManager$1
instanceKlass sun/jvmstat/perfdata/monitor/protocol/local/LocalVmManager
instanceKlass sun/jvmstat/monitor/MonitoredVm
instanceKlass java/util/Timer
instanceKlass java/util/TimerTask
instanceKlass com/android/org/conscrypt/io/IoUtils
instanceKlass sun/jvmstat/perfdata/monitor/protocol/local/MonitoredHostLocalService
instanceKlass sun/jvmstat/perfdata/monitor/protocol/file/MonitoredHostFileService
instanceKlass sun/jvmstat/perfdata/monitor/protocol/rmi/MonitoredHostRmiService
instanceKlass com/android/org/conscrypt/ConscryptHostnameVerifier
instanceKlass sun/jvmstat/monitor/HostIdentifier
instanceKlass sun/jvmstat/monitor/MonitoredHostService
instanceKlass sun/jvmstat/monitor/MonitoredHost
instanceKlass com/android/org/conscrypt/Conscrypt
instanceKlass sun/jvmstat/monitor/VmIdentifier
instanceKlass android/net/ssl/SSLSockets
instanceKlass okhttp3/internal/Internal
instanceKlass kotlin/comparisons/NaturalOrderComparator
instanceKlass com/sun/tools/attach/VirtualMachineDescriptor
instanceKlass com/sun/tools/attach/spi/AttachProvider
instanceKlass org/conscrypt/NativeSsl$BioWrapper
instanceKlass net/bytebuddy/agent/Attacher
instanceKlass org/conscrypt/NativeSsl
instanceKlass com/sun/tools/attach/VirtualMachine
instanceKlass javax/net/ssl/ExtendedSSLSession
instanceKlass net/bytebuddy/agent/ByteBuddyAgent$AttachmentProvider$Accessor$Simple
instanceKlass org/conscrypt/ConscryptEngine$1
instanceKlass org/conscrypt/ExternalSession
instanceKlass java/io/Console
instanceKlass javax/net/ssl/SSLEngineResult
instanceKlass java/lang/instrument/Instrumentation
instanceKlass net/bytebuddy/agent/Installer
instanceKlass org/conscrypt/ConscryptSession
instanceKlass net/bytebuddy/agent/ByteBuddyAgent$ProcessProvider$ForCurrentVm$ForJava9CapableVm
instanceKlass org/conscrypt/ExternalSession$Provider
instanceKlass org/conscrypt/HandshakeListener
instanceKlass net/bytebuddy/agent/ByteBuddyAgent$AttachmentProvider$Accessor
instanceKlass net/bytebuddy/agent/ByteBuddyAgent$AttachmentProvider$Compound
instanceKlass net/bytebuddy/agent/ByteBuddyAgent$AttachmentProvider
instanceKlass org/conscrypt/PeerInfoProvider
instanceKlass java/security/DomainCombiner
instanceKlass org/conscrypt/Preconditions
instanceKlass net/bytebuddy/agent/ByteBuddyAgent$AttachmentTypeEvaluator
instanceKlass java/util/concurrent/LinkedBlockingDeque$Node
instanceKlass okhttp3/internal/connection/RoutePlanner$ConnectResult
instanceKlass net/bytebuddy/agent/ByteBuddyAgent$ProcessProvider
instanceKlass okio/RealBufferedSource
instanceKlass net/bytebuddy/agent/ByteBuddyAgent$AgentProvider
instanceKlass net/bytebuddy/agent/ByteBuddyAgent
instanceKlass okhttp3/internal/connection/BufferedSocketKt$asBufferedSocket$1
instanceKlass okhttp3/internal/connection/BufferedSocket
instanceKlass io/mockk/proxy/jvm/dispatcher/BootJarLoader$Companion
instanceKlass okio/internal/DefaultSocket$SocketSink
instanceKlass io/mockk/proxy/jvm/dispatcher/BootJarLoader
instanceKlass io/mockk/impl/log/JvmLogging$adaptor$1
instanceKlass io/mockk/proxy/MockKAgentLogger
instanceKlass okio/internal/DefaultSocket$SocketSource
instanceKlass io/mockk/impl/JvmMockKGateway$1
instanceKlass io/mockk/proxy/MockKAgentLogFactory
instanceKlass okio/internal/DefaultSocket
instanceKlass kotlin/jvm/functions/Function22
instanceKlass okio/Socket
instanceKlass kotlin/jvm/functions/Function21
instanceKlass kotlin/jvm/functions/Function20
instanceKlass kotlin/jvm/functions/Function19
instanceKlass kotlin/jvm/functions/Function18
instanceKlass okhttp3/internal/connection/BufferedSocketKt
instanceKlass kotlin/jvm/functions/Function17
instanceKlass kotlin/jvm/functions/Function16
instanceKlass kotlin/jvm/functions/Function15
instanceKlass kotlin/jvm/functions/Function14
instanceKlass kotlin/jvm/functions/Function13
instanceKlass kotlin/jvm/functions/Function12
instanceKlass kotlin/jvm/functions/Function11
instanceKlass kotlin/jvm/functions/Function10
instanceKlass kotlin/jvm/functions/Function9
instanceKlass kotlin/jvm/functions/Function8
instanceKlass kotlin/jvm/functions/Function7
instanceKlass kotlin/jvm/functions/Function6
instanceKlass kotlin/jvm/functions/Function5
instanceKlass kotlin/reflect/jvm/internal/impl/descriptors/runtime/structure/ReflectClassUtilKt
instanceKlass kotlin/reflect/jvm/internal/impl/utils/DFS$Neighbors
instanceKlass kotlin/reflect/full/KClasses
instanceKlass io/mockk/proxy/jvm/JvmMockKAgentFactory
instanceKlass io/mockk/proxy/MockKAgentFactory
instanceKlass io/mockk/impl/InternalPlatform
instanceKlass io/mockk/impl/instantiation/CommonInstanceFactoryRegistry
instanceKlass io/mockk/MockKGateway$InstanceFactoryRegistry
instanceKlass io/mockk/impl/log/SafeToString
instanceKlass io/mockk/impl/log/JULLogger
instanceKlass io/mockk/impl/log/Slf4jLogger
instanceKlass io/mockk/impl/log/JvmLogging
instanceKlass kotlin/jvm/internal/Lambda
instanceKlass io/mockk/impl/log/Logger$Companion
instanceKlass io/mockk/impl/log/Logger
instanceKlass io/mockk/impl/JvmMockKGateway$Companion
instanceKlass io/mockk/impl/JvmMockKGateway
instanceKlass io/mockk/MockKGateway$Companion
instanceKlass io/mockk/MockKGateway
instanceKlass io/mockk/MockK
instanceKlass top/mcxiafeng/badger/data/cache/entity/ContactCacheEntity
instanceKlass top/mcxiafeng/badger/data/cache/entity/CardCollectionCacheEntity
instanceKlass top/mcxiafeng/badger/data/repository/CollectionRepositoryImpl
instanceKlass top/mcxiafeng/badger/data/repository/CollectionRepository
instanceKlass top/mcxiafeng/badger/data/ScanResultDao
instanceKlass top/mcxiafeng/badger/data/cache/dao/CardCollectionCacheDao
instanceKlass top/mcxiafeng/badger/data/cache/dao/ContactCacheDao
instanceKlass top/mcxiafeng/badger/network/ServerApi
instanceKlass top/mcxiafeng/badger/data/repository/CollectionRepositoryImplTest
instanceKlass java/net/SocksSocketImpl$3
instanceKlass java/net/SocksConsts
instanceKlass sun/net/PlatformSocketImpl
instanceKlass okhttp3/internal/connection/ConnectPlan$WhenMappings
instanceKlass okhttp3/internal/connection/FailedPlan
instanceKlass okhttp3/internal/connection/ConnectPlan$Companion
instanceKlass okhttp3/internal/connection/ConnectPlan
instanceKlass okhttp3/internal/connection/RoutePlanner$Plan
instanceKlass okhttp3/internal/connection/RouteSelector$Selection
instanceKlass okhttp3/Route
instanceKlass kotlin/collections/builders/ListBuilder$Itr
instanceKlass kotlin/jvm/internal/markers/KMutableListIterator
instanceKlass kotlin/collections/builders/ListBuilder$Companion
instanceKlass okhttp3/internal/connection/InetAddressOrderKt
instanceKlass java/net/InetAddress$CachedAddresses
instanceKlass sun/net/InetAddressCachePolicy$2
instanceKlass sun/net/InetAddressCachePolicy$1
instanceKlass sun/net/InetAddressCachePolicy
instanceKlass java/net/InetAddress$NameServiceAddresses
instanceKlass java/net/InetAddress$Addresses
instanceKlass sun/net/spi/DefaultProxySelector$3
instanceKlass sun/net/spi/DefaultProxySelector$NonProxyInfo
instanceKlass okhttp3/internal/connection/RouteSelector$Companion
instanceKlass okhttp3/internal/connection/RouteSelector
instanceKlass java/util/concurrent/ConcurrentLinkedQueue$Itr
instanceKlass okhttp3/CacheControl$Builder
instanceKlass okhttp3/internal/_CacheControlCommonKt
instanceKlass okhttp3/CacheControl$Companion
instanceKlass okhttp3/CacheControl
instanceKlass okhttp3/internal/cache/CacheStrategy$Companion
instanceKlass okhttp3/internal/cache/CacheStrategy
instanceKlass okhttp3/internal/cache/CacheStrategy$Factory
instanceKlass okio/ForwardingSink
instanceKlass sun/nio/fs/WindowsFileCopy
instanceKlass okio/RealBufferedSink
instanceKlass okio/Okio__OkioKt
instanceKlass okio/OutputStreamSink
instanceKlass okio/Okio__JvmOkioKt
instanceKlass okio/Okio
instanceKlass kotlin/collections/EmptyMap
instanceKlass okio/FileMetadata
instanceKlass okio/internal/-FileSystem
instanceKlass org/conscrypt/EvpMdRef$MD5
instanceKlass okhttp3/internal/cache/CacheInterceptorKt
instanceKlass java/util/concurrent/BlockingDeque
instanceKlass okhttp3/internal/connection/FastFallbackExchangeFinder
instanceKlass okhttp3/Address
instanceKlass okhttp3/internal/connection/RealRoutePlanner
instanceKlass okhttp3/internal/connection/RoutePlanner
instanceKlass okhttp3/internal/http/RealInterceptorChain
instanceKlass okhttp3/internal/http/CallServerInterceptor
instanceKlass okhttp3/internal/connection/ConnectInterceptor
instanceKlass okhttp3/internal/cache/CacheInterceptor$Companion
instanceKlass okhttp3/internal/cache/CacheInterceptor
instanceKlass okhttp3/internal/http/BridgeInterceptor
instanceKlass okhttp3/internal/http/RetryAndFollowUpInterceptor$Companion
instanceKlass okhttp3/internal/http/RetryAndFollowUpInterceptor
instanceKlass android/util/CloseGuard
instanceKlass okio/PriorityQueue
instanceKlass okio/AsyncTimeout$Companion
instanceKlass okio/Timeout$Companion
instanceKlass okhttp3/internal/connection/Exchange
instanceKlass okhttp3/internal/http2/Http2Connection$Listener
instanceKlass okhttp3/internal/http/ExchangeCodec$Carrier
instanceKlass okhttp3/Connection
instanceKlass okhttp3/internal/connection/ExchangeFinder
instanceKlass okio/Timeout
instanceKlass okhttp3/internal/connection/RealCall$Companion
instanceKlass okhttp3/internal/connection/RealCall
instanceKlass kotlin/coroutines/jvm/internal/SpillingKt
instanceKlass com/google/common/truth/LazyMessage
instanceKlass com/google/common/collect/Iterables
instanceKlass top/mcxiafeng/badger/data/queue/PendingUploadEntity
instanceKlass top/mcxiafeng/badger/data/queue/PendingUploadDaoTest
instanceKlass top/mcxiafeng/badger/data/queue/PendingUploadDao
instanceKlass top/mcxiafeng/badger/data/queue/PendingUploadEntity
instanceKlass top/mcxiafeng/badger/data/queue/PendingUploadDaoTest
instanceKlass top/mcxiafeng/badger/data/AppDatabaseKt
instanceKlass androidx/room/migration/Migration
instanceKlass androidx/room/RoomDatabase$Callback
instanceKlass jdk/internal/icu/impl/NormalizerImpl$ReorderingBuffer
instanceKlass jdk/internal/access/foreign/MemorySegmentProxy
instanceKlass okhttp3/Response
instanceKlass okhttp3/Interceptor$Chain
instanceKlass top/mcxiafeng/badger/network/SyncApi$Companion
instanceKlass top/mcxiafeng/badger/network/SyncApi
instanceKlass top/mcxiafeng/badger/network/PersonApi$Companion
instanceKlass top/mcxiafeng/badger/network/PersonApi
instanceKlass top/mcxiafeng/badger/network/V2DomainApi$Companion
instanceKlass top/mcxiafeng/badger/network/V2DomainApi
instanceKlass top/mcxiafeng/badger/network/BackupApi$Companion
instanceKlass top/mcxiafeng/badger/network/BackupApi
instanceKlass top/mcxiafeng/badger/network/ShortLinkApi
instanceKlass top/mcxiafeng/badger/network/ResolverApi$Companion
instanceKlass top/mcxiafeng/badger/network/ResolverApi
instanceKlass top/mcxiafeng/badger/network/AiApi
instanceKlass top/mcxiafeng/badger/network/AuthApi$Companion
instanceKlass top/mcxiafeng/badger/network/AuthApi
instanceKlass kotlin/text/MatchGroup
instanceKlass kotlin/internal/ProgressionUtilKt
instanceKlass kotlin/ranges/IntRange$Companion
instanceKlass kotlin/ranges/IntProgression$Companion
instanceKlass kotlin/ranges/IntProgression
instanceKlass kotlin/ranges/OpenEndRange
instanceKlass kotlin/ranges/ClosedRange
instanceKlass kotlin/text/RegexKt
instanceKlass androidx/room/util/SQLiteConnectionUtil
instanceKlass kotlin/text/MatchNamedGroupCollection
instanceKlass kotlin/text/MatchGroupCollection
instanceKlass kotlin/text/MatcherMatchResult
instanceKlass kotlin/text/MatchResult
instanceKlass okhttp3/MediaType$Companion
instanceKlass okhttp3/MediaType
instanceKlass top/mcxiafeng/badger/network/ApiCore$Companion
instanceKlass top/mcxiafeng/badger/network/ApiCore
instanceKlass org/conscrypt/ct/CTPolicy
instanceKlass android/net/http/X509TrustManagerExtensions
instanceKlass okhttp3/internal/platform/android/AndroidCertificateChainCleaner$Companion
instanceKlass okhttp3/internal/tls/CertificateChainCleaner$Companion
instanceKlass okhttp3/internal/tls/CertificateChainCleaner
instanceKlass org/conscrypt/SSLUtils
instanceKlass javax/net/ssl/X509ExtendedKeyManager
instanceKlass javax/net/ssl/X509KeyManager
instanceKlass javax/net/ssl/KeyManagerFactorySpi
instanceKlass javax/net/ssl/KeyManagerFactory$1
instanceKlass javax/net/ssl/KeyManagerFactory
instanceKlass org/conscrypt/EmptyArray
instanceKlass org/conscrypt/PSKKeyManager
instanceKlass javax/net/ssl/KeyManager
instanceKlass org/conscrypt/SSLParametersImpl
instanceKlass org/conscrypt/AbstractSessionContext
instanceKlass javax/net/ssl/SSLSessionContext
instanceKlass javax/net/ServerSocketFactory
instanceKlass javax/net/ssl/SSLContext
instanceKlass android/os/StrictMode$AndroidBlockGuardPolicy
instanceKlass org/conscrypt/ct/CTVerifier
instanceKlass sun/security/provider/certpath/CertPathHelper
instanceKlass java/security/cert/TrustAnchor
instanceKlass org/conscrypt/TrustedCertificateIndex
instanceKlass java/security/cert/CertPathValidatorSpi
instanceKlass java/security/cert/CertPathValidator
instanceKlass org/conscrypt/CertificatePriorityComparator
instanceKlass org/conscrypt/TrustManagerImpl$TrustAnchorComparator
instanceKlass java/security/cert/CertPathParameters
instanceKlass sun/security/pkcs12/PKCS12KeyStore$Entry
instanceKlass javax/net/ssl/X509ExtendedTrustManager
instanceKlass javax/net/ssl/X509TrustManager
instanceKlass javax/net/ssl/TrustManager
instanceKlass sun/security/validator/TrustStoreUtil
instanceKlass org/conscrypt/OpenSSLX509CertificateFactory$Parser
instanceKlass sun/security/provider/JavaKeyStore$TrustedCertEntry
instanceKlass sun/security/action/OpenFileInputStreamAction
instanceKlass sun/security/ssl/SSLLogger
instanceKlass sun/security/ssl/TrustStoreManager$TrustStoreDescriptor$1
instanceKlass sun/security/util/FilePaths
instanceKlass sun/security/ssl/TrustStoreManager$TrustStoreDescriptor
instanceKlass sun/security/ssl/TrustStoreManager$TrustAnchorManager
instanceKlass sun/security/ssl/TrustStoreManager
instanceKlass java/security/KeyStoreSpi
instanceKlass java/security/KeyStore$1
instanceKlass java/security/KeyStore
instanceKlass javax/net/ssl/TrustManagerFactory$1
instanceKlass javax/net/ssl/TrustManagerFactory
instanceKlass okhttp3/internal/platform/android/BouncyCastleSocketAdapter$Companion$factory$1
instanceKlass okhttp3/internal/platform/android/BouncyCastleSocketAdapter$Companion
instanceKlass okhttp3/internal/platform/android/BouncyCastleSocketAdapter
instanceKlass org/conscrypt/io/IoUtils
instanceKlass javax/net/ssl/SSLContextSpi
instanceKlass org/conscrypt/Conscrypt
instanceKlass org/conscrypt/Conscrypt$Version
instanceKlass okhttp3/internal/platform/android/ConscryptSocketAdapter$Companion$factory$1
instanceKlass okhttp3/internal/platform/android/ConscryptSocketAdapter$Companion
instanceKlass okhttp3/internal/platform/android/ConscryptSocketAdapter
instanceKlass okhttp3/internal/platform/android/AndroidSocketAdapter$Companion$factory$1
instanceKlass okhttp3/internal/platform/android/DeferredSocketAdapter$Factory
instanceKlass okhttp3/internal/platform/android/AndroidSocketAdapter$Companion
instanceKlass okhttp3/internal/platform/android/AndroidSocketAdapter
instanceKlass okhttp3/internal/platform/android/DeferredSocketAdapter
instanceKlass okhttp3/internal/platform/android/Android10SocketAdapter$Companion
instanceKlass okhttp3/internal/platform/android/Android10SocketAdapter
instanceKlass okhttp3/internal/platform/android/SocketAdapter
instanceKlass okhttp3/internal/platform/Android10Platform$Companion
instanceKlass okhttp3/internal/platform/ContextAwarePlatform
instanceKlass okhttp3/internal/http2/Http2
instanceKlass okhttp3/internal/platform/android/AndroidLog
instanceKlass okhttp3/internal/platform/PlatformRegistry
instanceKlass okhttp3/internal/platform/Platform$Companion
instanceKlass okhttp3/internal/platform/Platform
instanceKlass okhttp3/internal/connection/RealConnectionPool$Companion
instanceKlass okhttp3/internal/connection/RealConnectionPool
instanceKlass okhttp3/internal/connection/ConnectionListener$Companion
instanceKlass okhttp3/internal/connection/ConnectionListener
instanceKlass okhttp3/ConnectionPool
instanceKlass okhttp3/internal/connection/RouteDatabase
instanceKlass sun/net/spi/DefaultProxySelector$1
instanceKlass java/net/ProxySelector
instanceKlass top/mcxiafeng/badger/NetworkModule$baseClient$$inlined$-addInterceptor$1
instanceKlass okhttp3/Interceptor
instanceKlass okhttp3/internal/concurrent/Task
instanceKlass okhttp3/internal/concurrent/TaskQueue
instanceKlass okhttp3/internal/cache/DiskLruCache$Companion
instanceKlass okhttp3/internal/cache/DiskLruCache
instanceKlass okhttp3/internal/concurrent/TaskRunner$runnable$1
instanceKlass okhttp3/internal/concurrent/TaskRunner$RealBackend
instanceKlass okhttp3/internal/concurrent/TaskRunner$Backend
instanceKlass okhttp3/internal/concurrent/TaskRunner$Companion
instanceKlass okhttp3/internal/concurrent/TaskRunner
instanceKlass okhttp3/internal/concurrent/Lockable
instanceKlass okio/internal/ResourceFileSystem$Companion
instanceKlass okio/internal/-ByteString
instanceKlass okio/internal/-Buffer
instanceKlass okio/internal/-Path
instanceKlass okio/Path$Companion
instanceKlass okio/Path
instanceKlass okio/FileSystem$Companion
instanceKlass okio/FileSystem
instanceKlass okhttp3/Cache$Companion
instanceKlass okhttp3/Cache
instanceKlass kotlin/collections/EmptySet
instanceKlass okhttp3/CertificatePinner$Builder
instanceKlass okhttp3/CertificatePinner$Companion
instanceKlass okhttp3/CertificatePinner
instanceKlass okhttp3/internal/tls/OkHostnameVerifier
instanceKlass okhttp3/TlsVersion$Companion
instanceKlass okhttp3/ConnectionSpec$Builder
instanceKlass okhttp3/CipherSuite$Companion$ORDER_BY_NAME$1
instanceKlass okhttp3/CipherSuite$Companion
instanceKlass okhttp3/CipherSuite
instanceKlass okhttp3/ConnectionSpec$Companion
instanceKlass okhttp3/ConnectionSpec
instanceKlass okhttp3/Protocol$Companion
instanceKlass okhttp3/OkHttpClient$Companion
instanceKlass okhttp3/CookieJar$Companion$NoCookies
instanceKlass okhttp3/CookieJar$Companion
instanceKlass okhttp3/CookieJar
instanceKlass okhttp3/Dns$Companion$DnsSystem
instanceKlass okhttp3/Dns$Companion
instanceKlass okhttp3/Dns
instanceKlass okhttp3/internal/authenticator/JavaNetAuthenticator
instanceKlass okhttp3/Authenticator$Companion$AuthenticatorNone
instanceKlass okhttp3/Authenticator$Companion
instanceKlass okhttp3/Authenticator
instanceKlass okhttp3/Call
instanceKlass okhttp3/EventListener$Factory
instanceKlass okhttp3/internal/_UtilJvmKt
instanceKlass okhttp3/EventListener$Companion
instanceKlass okhttp3/EventListener
instanceKlass okhttp3/Dispatcher
instanceKlass okhttp3/OkHttpClient$Builder
instanceKlass top/mcxiafeng/badger/network/ServerApi$Companion
instanceKlass top/mcxiafeng/badger/data/AuthPrefs
instanceKlass com/google/common/truth/IntegerSubject$TolerantIntegerComparison
instanceKlass org/koin/android/ext/koin/ModuleExtKt
instanceKlass top/mcxiafeng/badger/NetworkModule
instanceKlass okhttp3/Headers$Companion
instanceKlass okhttp3/Headers
instanceKlass okhttp3/internal/_HeadersCommonKt
instanceKlass okhttp3/Request
instanceKlass okio/_JvmPlatformKt
instanceKlass okhttp3/internal/idn/Punycode
instanceKlass jdk/internal/icu/impl/Norm2AllModes$NFCSingleton
instanceKlass jdk/internal/icu/text/NormalizerBase$NFCModeImpl
instanceKlass okhttp3/internal/_NormalizeJvmKt
instanceKlass okhttp3/internal/idn/IdnaMappingTableKt
instanceKlass okhttp3/internal/idn/IdnaMappingTable
instanceKlass okhttp3/internal/idn/IdnaMappingTableInstanceKt
instanceKlass okhttp3/internal/_HostnamesCommonKt
instanceKlass okhttp3/internal/url/_UrlKt
instanceKlass okio/Segment$Companion
instanceKlass okio/Segment
instanceKlass okio/SegmentPool
instanceKlass okio/Buffer
instanceKlass okio/BufferedSink
instanceKlass okio/Sink
instanceKlass okio/BufferedSource
instanceKlass okio/Source
instanceKlass okio/-SegmentedByteString
instanceKlass kotlin/comparisons/ComparisonsKt__ComparisonsKt
instanceKlass okio/internal/-ByteStringNonJs
instanceKlass okio/ByteString$Companion
instanceKlass okio/ByteString
instanceKlass okio/Options$Companion
instanceKlass okhttp3/internal/_UtilCommonKt
instanceKlass kotlin/collections/ArrayAsCollection
instanceKlass okhttp3/HttpUrl$Builder
instanceKlass okhttp3/HttpUrl$Companion
instanceKlass okhttp3/HttpUrl
instanceKlass okhttp3/Headers$Builder
instanceKlass okhttp3/internal/Tags
instanceKlass okhttp3/Request$Builder
instanceKlass top/mcxiafeng/badger/utils/HttpUtil
instanceKlass kotlinx/coroutines/sync/SemaphoreKt
instanceKlass kotlinx/coroutines/sync/SemaphoreAndMutexImpl
instanceKlass kotlinx/coroutines/sync/Mutex
instanceKlass kotlinx/coroutines/sync/MutexKt
instanceKlass top/mcxiafeng/badger/data/repository/WorldRegionRepository$Companion
instanceKlass com/google/common/truth/LongSubject$TolerantLongComparison
instanceKlass com/google/common/truth/Subject$ComparisonResult
instanceKlass org/koin/core/parameter/ParametersHolderKt
instanceKlass org/robolectric/shadows/ShadowWindowManager
instanceKlass android/view/Window
instanceKlass org/robolectric/shadows/ShadowWindowManagerGlobal$PredictiveBackGesture
instanceKlass android/view/IWindowSessionCallback
instanceKlass org/robolectric/shadows/ShadowWindowManagerGlobal$WindowManagerGlobalReflector$$Reflector40
instanceKlass android/view/WindowManagerGlobal
instanceKlass org/robolectric/shadows/ShadowWindowManagerGlobal$WindowManagerGlobalReflector
instanceKlass org/robolectric/shadows/ShadowWindowManagerGlobal$WindowSessionDelegate
instanceKlass org/robolectric/shadows/ShadowWindowManagerGlobal
instanceKlass org/robolectric/shadows/ShadowWifiP2pManager
instanceKlass org/robolectric/shadows/ShadowWifiAwareManager
instanceKlass android/webkit/WebMessagePort
instanceKlass android/webkit/WebBackForwardList
instanceKlass android/webkit/WebSettings
instanceKlass org/robolectric/shadows/ShadowWebSettings
instanceKlass org/robolectric/shadows/ShadowWallpaperManager
instanceKlass org/robolectric/shadows/ShadowVpnManager
instanceKlass android/view/ViewRootImpl$1
instanceKlass com/android/internal/os/SomeArgs
instanceKlass android/view/Window$OnContentApplyWindowInsetsListener
instanceKlass android/app/ICompatCameraControlCallback
instanceKlass android/view/ScrollCaptureCallback
instanceKlass com/android/internal/os/IResultReceiver
instanceKlass android/view/ViewRootImpl$GfxInfo
instanceKlass android/view/accessibility/AccessibilityNodeProvider
instanceKlass android/view/ViewRootImpl$SurfaceChangedCallback
instanceKlass android/graphics/FrameInfo
instanceKlass android/view/NativeVectorDrawableAnimator
instanceKlass android/view/HandlerActionQueue
instanceKlass android/view/ActionMode
instanceKlass android/view/ActionMode$Callback
instanceKlass android/view/accessibility/AccessibilityRecord
instanceKlass android/animation/LayoutTransition
instanceKlass android/view/ViewRootImpl$ConfigChangedCallback
instanceKlass android/view/DragEvent
instanceKlass android/view/View$AttachInfo$InvalidateInfo
instanceKlass android/view/ContextMenu
instanceKlass android/view/Menu
instanceKlass android/view/AttachedSurfaceControl$OnBufferTransformHintChangedListener
instanceKlass android/view/ScrollCaptureSearchResults
instanceKlass android/view/IScrollCaptureResponseListener
instanceKlass android/view/ViewRootImpl$InvalidateOnAnimationRunnable
instanceKlass android/view/ViewRootImpl$ConsumeBatchedInputImmediatelyRunnable
instanceKlass android/view/ViewRootImpl$ConsumeBatchedInputRunnable
instanceKlass android/graphics/HardwareRendererObserver
instanceKlass android/view/InputEventReceiver
instanceKlass android/view/ViewRootImpl$TraversalRunnable
instanceKlass android/window/SurfaceSyncer$SyncBufferCallback
instanceKlass android/window/SurfaceSyncer
instanceKlass android/view/HandwritingInitiator
instanceKlass android/view/ViewRootRectTracker
instanceKlass com/android/internal/graphics/drawable/BackgroundBlurDrawable$Aggregator
instanceKlass android/view/InsetsController
instanceKlass android/view/InsetsAnimationControlCallbacks
instanceKlass android/view/WindowInsetsController
instanceKlass android/view/InputEventConsistencyVerifier
instanceKlass android/view/InputEventCompatProcessor
instanceKlass android/view/ViewRootImpl$SendWindowContentChangedAccessibilityEvent
instanceKlass android/view/ViewRootImpl$HighContrastTextManager
instanceKlass android/view/ViewRootImpl$AccessibilityInteractionConnectionManager
instanceKlass android/view/AccessibilityInteractionController
instanceKlass android/graphics/PointF
instanceKlass android/content/ClipDescription
instanceKlass android/widget/Scroller
instanceKlass android/view/ViewTreeObserver$InternalInsetsInfo
instanceKlass android/view/InsetsSourceControl
instanceKlass android/view/InsetsState
instanceKlass android/window/ClientWindowFrames
instanceKlass android/view/SurfaceSession
instanceKlass android/view/SurfaceControl$Transaction
instanceKlass android/view/ViewRootImpl$UnhandledKeyManager
instanceKlass android/view/ViewRootImpl$QueuedInputEvent
instanceKlass android/view/WindowLayout
instanceKlass android/view/InputEventAssigner
instanceKlass android/view/ViewFrameInfo
instanceKlass android/view/Choreographer
instanceKlass android/view/InputQueue
instanceKlass android/view/InputQueue$Callback
instanceKlass android/view/ViewRootImpl$SystemUiVisibilityInfo
instanceKlass android/view/View$AttachInfo
instanceKlass android/graphics/Region
instanceKlass android/view/SurfaceHolder$Callback2
instanceKlass android/view/accessibility/AccessibilityNodeInfo
instanceKlass android/view/IWindowSession
instanceKlass android/view/ViewRootImpl$ActivityConfigCallback
instanceKlass android/window/CompatOnBackInvokedCallback
instanceKlass android/window/WindowOnBackInvokedDispatcher
instanceKlass android/window/OnBackInvokedCallback
instanceKlass android/view/InputQueue$FinishedInputEventCallback
instanceKlass android/view/ViewRootImpl$InputStage
instanceKlass android/graphics/HardwareRendererObserver$OnFrameMetricsAvailableListener
instanceKlass android/view/InsetsController$Host
instanceKlass android/view/FallbackEventHandler
instanceKlass android/window/SurfaceSyncer$SyncTarget
instanceKlass android/view/IWindow
instanceKlass com/android/internal/view/BaseSurfaceHolder
instanceKlass android/view/SurfaceHolder$Callback
instanceKlass android/view/accessibility/AccessibilityManager$HighTextContrastChangeListener
instanceKlass android/view/accessibility/AccessibilityManager$AccessibilityStateChangeListener
instanceKlass android/view/accessibility/IAccessibilityEmbeddedConnection
instanceKlass android/graphics/BLASTBufferQueue$TransactionHangCallback
instanceKlass android/graphics/HardwareRenderer$FrameDrawingCallback
instanceKlass android/view/IScrollCaptureConnection
instanceKlass org/robolectric/shadows/ShadowViewRootImpl$ViewRootImplReflector$$Reflector39
instanceKlass android/view/DisplayCutout$ParcelableWrapper$1
instanceKlass android/view/DisplayCutout
instanceKlass android/view/DisplayCutout$ParcelableWrapper
instanceKlass android/util/MergedConfiguration$1
instanceKlass android/view/WindowInsets
instanceKlass org/robolectric/shadows/ShadowViewRootImpl$ViewRootImplReflector
instanceKlass org/robolectric/shadows/ShadowViewRootImpl
instanceKlass org/robolectric/shadows/ShadowViewConfiguration$ViewConfigurationReflector$$Reflector38
instanceKlass android/view/ViewConfiguration
instanceKlass org/robolectric/shadows/ShadowViewConfiguration$ViewConfigurationReflector
instanceKlass org/robolectric/shadows/ShadowViewConfiguration
instanceKlass org/robolectric/shadows/ShadowVibrator
instanceKlass org/robolectric/shadows/ShadowVcnManager
instanceKlass android/view/animation/BaseInterpolator
instanceKlass android/view/animation/Interpolator
instanceKlass android/graphics/animation/NativeInterpolator
instanceKlass android/animation/ValueAnimator$DurationScaleChangeListener
instanceKlass android/animation/ValueAnimator$AnimatorUpdateListener
instanceKlass android/animation/PropertyValuesHolder
instanceKlass android/animation/TypeEvaluator
instanceKlass org/robolectric/shadows/ShadowValueAnimator$ValueAnimatorReflector$$Reflector37
instanceKlass org/robolectric/shadows/ShadowValueAnimator$ValueAnimatorReflector
instanceKlass android/animation/AnimationHandler$AnimationFrameCallback
instanceKlass android/animation/AnimationHandler$AnimationFrameCallbackProvider
instanceKlass android/animation/AnimationHandler
instanceKlass org/robolectric/shadows/ShadowValueAnimator
instanceKlass org/robolectric/shadows/ShadowUwbManager$1
instanceKlass org/robolectric/shadows/ShadowRangingSession$Adapter
instanceKlass org/robolectric/shadows/ShadowUwbManager
instanceKlass android/content/pm/UserInfo$1
instanceKlass android/content/pm/UserInfo
instanceKlass org/robolectric/shadows/ShadowUserManager$UserManagerState
instanceKlass org/robolectric/shadows/ShadowUserManager
instanceKlass org/robolectric/shadows/ShadowUsbManager
instanceKlass org/robolectric/shadows/ShadowUsageStatsManager
instanceKlass org/robolectric/shadows/ShadowTranslationManager
instanceKlass org/robolectric/shadows/ShadowTrafficStats
instanceKlass org/robolectric/shadows/ShadowToneGenerator
instanceKlass android/app/time/TimeZoneCapabilities$1
instanceKlass android/app/time/TimeZoneConfiguration
instanceKlass android/app/time/TimeZoneCapabilities
instanceKlass android/app/time/TimeZoneCapabilities$Builder
instanceKlass org/robolectric/shadows/ShadowTimeManager
instanceKlass org/robolectric/shadows/ShadowTextToSpeech
instanceKlass org/robolectric/shadows/ShadowTelephonyManager
instanceKlass org/robolectric/shadows/ShadowTelephony$ShadowSms
instanceKlass org/robolectric/shadows/ShadowTelecomManager
instanceKlass org/robolectric/shadows/ShadowSystemServiceRegistry$_StaticServiceFetcher_$$Reflector36
instanceKlass org/robolectric/shadows/ShadowSystemServiceRegistry$_StaticServiceFetcher_
instanceKlass org/robolectric/shadows/ShadowSystemServiceRegistry$_ServiceFetcher_
instanceKlass android/util/MapCollections$MapIterator
instanceKlass android/util/MapCollections$EntrySet
instanceKlass org/robolectric/shadows/ShadowSystemServiceRegistry$_SystemServiceRegistry_$$Reflector35
instanceKlass org/robolectric/shadows/ShadowSystemServiceRegistry$_SystemServiceRegistry_
instanceKlass org/robolectric/shadows/HealthStatsBuilder$HealthStatsReflector$$Reflector34
instanceKlass org/robolectric/shadows/HealthStatsBuilder$HealthStatsReflector
instanceKlass org/robolectric/shadows/ShadowParcel$ByteBuffer$FakeEncodedItem
instanceKlass android/os/Parcel$1
instanceKlass android/util/SparseBooleanArray
instanceKlass android/os/Parcel$SquashReadHelper
instanceKlass android/os/Parcel$ReadWriteHelper
instanceKlass android/os/health/HealthStats
instanceKlass org/robolectric/shadows/HealthStatsBuilder
instanceKlass org/robolectric/shadows/ShadowSystemHealthManager
instanceKlass org/robolectric/shadows/ShadowSurfaceControl
instanceKlass com/android/internal/util/FunctionalUtils$ThrowingBiFunction
instanceKlass com/android/internal/util/FunctionalUtils$ThrowingFunction
instanceKlass android/provider/Telephony
instanceKlass android/provider/Telephony$SimInfo
instanceKlass android/telephony/SubscriptionManager$CallISubMethodHelper
instanceKlass com/android/internal/telephony/ISub
instanceKlass android/telephony/SubscriptionManager$OnOpportunisticSubscriptionsChangedListener
instanceKlass android/telephony/SubscriptionInfo
instanceKlass android/telephony/SubscriptionManager$OnSubscriptionsChangedListener
instanceKlass com/android/internal/telephony/ISetOpportunisticDataCallback
instanceKlass org/robolectric/shadows/ShadowSubscriptionManager
instanceKlass org/robolectric/shadows/ShadowStatusBarManager
instanceKlass org/robolectric/shadows/ShadowStatsManager
instanceKlass org/robolectric/shadows/ShadowStatsLog
instanceKlass android/text/DynamicLayout$Builder
instanceKlass android/text/style/ParagraphStyle
instanceKlass android/text/Layout$SelectionRectangleConsumer
instanceKlass android/text/Layout$TabStops
instanceKlass android/text/Layout$Directions
instanceKlass android/graphics/Path
instanceKlass android/text/StaticLayout$Builder
instanceKlass android/text/PackedObjectVector
instanceKlass android/text/PackedIntVector
instanceKlass android/text/DynamicLayout$ChangeWatcher
instanceKlass android/text/SpanWatcher
instanceKlass android/text/TextWatcher
instanceKlass android/text/NoCopySpan
instanceKlass android/text/Layout
instanceKlass org/robolectric/shadows/ShadowStaticLayout
instanceKlass org/robolectric/shadows/ShadowStatFs$Stats
instanceKlass org/robolectric/shadows/ShadowStatFs
instanceKlass org/robolectric/shadows/ShadowSpeechRecognizer
instanceKlass android/telephony/SmsManager$FinancialSmsCallback
instanceKlass com/android/internal/telephony/ISms
instanceKlass org/robolectric/shadows/ShadowSmsManager$DataMessageParams
instanceKlass org/robolectric/shadows/ShadowSmsManager$TextSmsParams
instanceKlass org/robolectric/shadows/ShadowSmsManager$TextMultipartParams
instanceKlass org/robolectric/shadows/ShadowSmsManager$MultimediaMessageParams
instanceKlass com/android/internal/telephony/IIntegerConsumer
instanceKlass android/telephony/SmsManager$SubscriptionResolverResult
instanceKlass org/robolectric/shadows/ShadowSmsManager
instanceKlass org/robolectric/shadows/ShadowSliceManager
instanceKlass org/robolectric/shadows/ShadowShortcutManager
instanceKlass org/robolectric/shadows/ShadowSharedMemory
instanceKlass org/robolectric/shadows/ShadowSettings$ShadowSystem
instanceKlass org/robolectric/shadows/ShadowSettings$ShadowSecure
instanceKlass org/robolectric/shadows/ShadowSettings$ShadowConfig
instanceKlass com/android/internal/statusbar/IStatusBar
instanceKlass android/safetycenter/ISafetyCenterManager
instanceKlass android/app/ILocaleManager
instanceKlass android/app/ambientcontext/IAmbientContextManager
instanceKlass android/net/IVpnManager
instanceKlass android/hardware/ISensorPrivacyManager
instanceKlass android/view/translation/ITranslationManager
instanceKlass android/net/vcn/IVcnManagementService
instanceKlass android/uwb/IUwbAdapter
instanceKlass android/permission/ILegacyPermissionManager
instanceKlass android/speech/IRecognitionServiceManager
instanceKlass android/app/timedetector/ITimeDetectorService
instanceKlass android/app/timezonedetector/ITimeZoneDetectorService
instanceKlass android/security/IFileIntegrityService
instanceKlass com/android/internal/compat/IPlatformCompat
instanceKlass com/android/internal/telephony/ITelephonyRegistry
instanceKlass android/net/ITetheringConnector
instanceKlass android/hardware/biometrics/IAuthService
instanceKlass android/content/integrity/IAppIntegrityManager
instanceKlass android/os/IDumpstate
instanceKlass android/os/IThermalService
instanceKlass android/content/rollback/IRollbackManager
instanceKlass android/app/role/IRoleManager
instanceKlass android/view/contentcapture/IContentCaptureManager
instanceKlass android/hardware/biometrics/IBiometricService
instanceKlass android/net/IIpSecService
instanceKlass android/net/wifi/rtt/IWifiRttManager
instanceKlass android/content/pm/ICrossProfileApps
instanceKlass android/app/slice/ISliceManager
instanceKlass android/companion/ICompanionDeviceManager
instanceKlass android/app/usage/IStorageStatsManager
instanceKlass android/net/wifi/aware/IWifiAwareManager
instanceKlass android/os/storage/IStorageManager
instanceKlass android/content/pm/IShortcutService
instanceKlass org/robolectric/shadows/WifiScannerDelegate
instanceKlass android/net/wifi/IWifiScanner
instanceKlass com/android/internal/app/ISoundTriggerService
instanceKlass android/hardware/location/IContextHubService
instanceKlass android/hardware/fingerprint/IFingerprintService
instanceKlass org/robolectric/shadows/LauncherAppsDelegate
instanceKlass android/content/pm/ILauncherApps
instanceKlass com/android/internal/app/IVoiceInteractionManagerService
instanceKlass android/media/session/ISessionManager
instanceKlass android/media/IMediaRouterService
instanceKlass android/app/usage/IUsageStatsManager
instanceKlass android/net/INetworkScoreService
instanceKlass android/app/job/IJobScheduler
instanceKlass android/app/trust/ITrustManager
instanceKlass android/content/IRestrictionsManager
instanceKlass android/os/IBatteryPropertiesRegistrar
instanceKlass com/android/internal/app/IAppOpsService
instanceKlass org/robolectric/shadows/IBluetoothManagerDelegates$IBluetoothManagerDelegateBase
instanceKlass org/robolectric/shadows/IBluetoothManagerDelegates
instanceKlass android/os/IUserManager
instanceKlass android/view/IWindowManager
instanceKlass android/app/IWallpaperManager
instanceKlass android/app/INotificationManager
instanceKlass com/android/internal/appwidget/IAppWidgetService
instanceKlass android/media/IAudioService
instanceKlass android/net/nsd/INsdManager
instanceKlass android/location/ICountryDetector
instanceKlass android/net/INetworkPolicyManager
instanceKlass android/app/IUiModeManager
instanceKlass android/app/ISearchManager
instanceKlass android/net/wifi/IWifiManager
instanceKlass android/net/IConnectivityManager
instanceKlass com/android/internal/telephony/ITelephony
instanceKlass android/app/admin/IDevicePolicyManager
instanceKlass com/android/internal/os/IDropBoxManagerService
instanceKlass com/android/internal/app/IBatteryStats
instanceKlass android/os/IPowerManager
instanceKlass android/app/IAlarmManager
instanceKlass android/location/ILocationManager
instanceKlass android/hardware/usb/IUsbManager
instanceKlass android/accounts/IAccountManager
instanceKlass android/net/wifi/p2p/IWifiP2pManager
instanceKlass org/robolectric/shadows/ShadowServiceManager$BinderService
instanceKlass android/content/IClipboard
instanceKlass org/robolectric/shadows/ShadowServiceManager
instanceKlass org/robolectric/shadows/ShadowSensorManager
instanceKlass android/se/omapi/ISecureElementService
instanceKlass org/robolectric/shadows/ShadowSecureElementService
instanceKlass org/robolectric/shadows/ShadowSafetyCenterManager
instanceKlass org/robolectric/shadows/ShadowRollbackManager
instanceKlass org/robolectric/shadows/ShadowRoleManager
instanceKlass org/robolectric/shadows/ShadowRestrictionsManager
instanceKlass org/robolectric/shadows/ShadowResourcesManager$_ResourcesManager_$$Reflector33
instanceKlass org/robolectric/shadows/ShadowResourcesManager$_ResourcesManager_
instanceKlass android/graphics/animation/RenderNodeAnimator$DelayedAnimationHelper
instanceKlass android/graphics/CanvasProperty
instanceKlass org/robolectric/shadows/ShadowNativeRenderNodeAnimator
instanceKlass android/animation/Animator$AnimatorPauseListener
instanceKlass android/animation/Animator$AnimatorListener
instanceKlass android/animation/TimeInterpolator
instanceKlass android/graphics/animation/RenderNodeAnimator$ViewListener
instanceKlass android/graphics/RenderNode
instanceKlass com/android/internal/util/VirtualRefBasePtr
instanceKlass android/content/res/ConstantState
instanceKlass org/robolectric/shadows/ShadowRenderNodeAnimatorR$RenderNodeAnimatorReflector$$Reflector32
instanceKlass android/animation/Animator
instanceKlass org/robolectric/shadows/ShadowRenderNodeAnimatorR$RenderNodeAnimatorReflector
instanceKlass android/view/Choreographer$FrameCallback
instanceKlass org/robolectric/shadows/ShadowRenderNodeAnimatorR
instanceKlass org/robolectric/shadows/ShadowRcsUceAdapter
instanceKlass org/robolectric/shadows/ShadowQueuedWork$QueuedWorkReflector$$Reflector31
instanceKlass org/robolectric/shadows/ShadowQueuedWork$QueuedWorkReflector
instanceKlass android/app/QueuedWork
instanceKlass org/robolectric/shadows/ShadowQueuedWork
instanceKlass org/robolectric/shadows/ShadowPowerManager
instanceKlass org/robolectric/shadows/ShadowPermissionControllerManager
instanceKlass org/robolectric/shadows/ShadowPendingIntent$1
instanceKlass org/robolectric/shadows/ShadowPendingIntent
instanceKlass org/robolectric/shadows/ShadowAsyncTask
instanceKlass org/robolectric/shadows/ShadowParcelFileDescriptor$1
instanceKlass org/robolectric/shadows/ShadowParcelFileDescriptor
instanceKlass org/robolectric/shadows/ShadowParcel$ByteBuffer
instanceKlass org/robolectric/shadows/ShadowParcel
instanceKlass com/google/common/collect/Sets
instanceKlass org/robolectric/shadows/ShadowNotificationManager
instanceKlass android/nfc/INfcAdapterExtras
instanceKlass android/nfc/NfcAdapter$CreateBeamUrisCallback
instanceKlass android/nfc/NfcAdapter$NfcUnlockHandler
instanceKlass android/nfc/NfcAdapter$ControllerAlwaysOnListener
instanceKlass android/nfc/INfcDta
instanceKlass android/nfc/BeamShareData
instanceKlass android/nfc/NfcAdapter$OnTagRemovedListener
instanceKlass android/nfc/NfcAdapter$ReaderCallback
instanceKlass android/nfc/NdefMessage
instanceKlass android/nfc/Tag
instanceKlass android/nfc/NfcAdapter$CreateNdefMessageCallback
instanceKlass android/nfc/NfcAdapter$OnNdefPushCompleteCallback
instanceKlass android/nfc/IAppCallback
instanceKlass android/nfc/INfcFCardEmulation
instanceKlass android/nfc/INfcTag
instanceKlass android/nfc/INfcAdapter
instanceKlass android/nfc/INfcControllerAlwaysOnListener
instanceKlass android/nfc/ITagRemovedCallback
instanceKlass android/nfc/INfcUnlockHandler
instanceKlass org/robolectric/shadows/ShadowNfcAdapter$NfcAdapterReflector$$Reflector30
instanceKlass org/robolectric/shadows/ShadowNfcAdapter$NfcAdapterReflector
instanceKlass org/robolectric/shadows/ShadowNfcAdapter
instanceKlass org/robolectric/shadows/ShadowNetworkScoreManager
instanceKlass org/robolectric/shadows/ShadowBitmap
instanceKlass android/view/MotionEvent$1
instanceKlass org/robolectric/shadows/NativeInput$PointerCoords
instanceKlass android/view/InputEvent$1
instanceKlass android/view/MotionEvent$PointerProperties
instanceKlass android/view/MotionEvent$PointerCoords
instanceKlass org/robolectric/shadows/NativeInput
instanceKlass org/robolectric/shadows/NativeInput$AInputEvent
instanceKlass org/robolectric/shadows/ShadowInputEvent
instanceKlass org/robolectric/shadows/ShadowMimeTypeMap
instanceKlass org/robolectric/shadows/ShadowMessenger
instanceKlass android/os/Message$1
instanceKlass android/os/Messenger
instanceKlass org/robolectric/shadows/ShadowMessage$MessageReflector$$Reflector29
instanceKlass org/robolectric/shadows/ShadowMessage$MessageReflector
instanceKlass org/robolectric/shadows/ShadowMediaStore
instanceKlass org/robolectric/shadows/ShadowMediaSessionManager
instanceKlass org/robolectric/shadows/ShadowMediaScannerConnection
instanceKlass android/media/MediaRouter$RouteCategory
instanceKlass android/hardware/display/WifiDisplay
instanceKlass android/media/MediaRouter$Callback
instanceKlass android/media/AudioRoutesInfo
instanceKlass android/media/MediaRouter$Static
instanceKlass android/hardware/display/DisplayManager$DisplayListener
instanceKlass android/media/MediaRouter$RouteInfo
instanceKlass org/robolectric/shadows/ShadowMediaRouter
instanceKlass org/robolectric/shadows/ShadowMediaPlayer$ErrorCallback
instanceKlass org/robolectric/shadows/ShadowMediaPlayer$3
instanceKlass org/robolectric/shadows/ShadowMediaPlayer$2
instanceKlass org/robolectric/shadows/ShadowMediaPlayer$1
instanceKlass org/robolectric/shadows/ShadowMediaPlayer$MediaEvent
instanceKlass org/robolectric/shadows/ShadowPlayerBase
instanceKlass org/robolectric/shadows/ShadowMediaMetadataRetriever
instanceKlass org/robolectric/shadows/util/DataSource$FileDescriptorTransform
instanceKlass org/robolectric/shadows/util/DataSource
instanceKlass org/robolectric/shadows/ShadowMediaExtractor
instanceKlass android/media/MediaCodecInfo$CodecCapabilities
instanceKlass android/media/MediaFormat
instanceKlass android/media/MediaCodecInfo
instanceKlass android/media/MediaCodecList
instanceKlass org/robolectric/shadows/ShadowMediaCodecList
instanceKlass org/robolectric/shadows/ShadowMediaCodec$CodecConfig$Codec
instanceKlass org/robolectric/shadows/ShadowMediaCodec$CodecConfig
instanceKlass org/robolectric/shadows/ShadowMediaCodec
instanceKlass org/robolectric/shadows/ShadowMediaActionSound
instanceKlass org/robolectric/shadows/ShadowMeasuredTextBuilder
instanceKlass android/location/LocationListener
instanceKlass org/robolectric/shadows/ShadowLocationManager
instanceKlass org/robolectric/shadows/ShadowLocaleManager
instanceKlass org/robolectric/shadows/ShadowLocaleList$LocaleListReflector$$Reflector28
instanceKlass org/robolectric/shadows/ShadowLocaleList$LocaleListReflector
instanceKlass org/robolectric/shadows/ShadowTypeface
instanceKlass org/robolectric/util/SoftThreadLocal
instanceKlass org/robolectric/shadows/ShadowLegacyCanvas$NativeCanvas
instanceKlass org/robolectric/shadows/ShadowCanvas
instanceKlass org/robolectric/shadows/ShadowLauncherApps
instanceKlass org/robolectric/shadows/ShadowKeyguardManager$ShadowKeyguardLock
instanceKlass org/robolectric/shadows/ShadowKeyguardManager
instanceKlass com/android/internal/inputmethod/IRemoteAccessibilityInputConnection
instanceKlass android/view/inputmethod/IAccessibilityInputMethodSessionInvoker
instanceKlass android/view/inputmethod/ExtractedText
instanceKlass android/view/inputmethod/InputMethodManager$FinishedInputEventCallback
instanceKlass android/view/inputmethod/TextSnapshot
instanceKlass android/view/ImeFocusController
instanceKlass android/view/inputmethod/InputMethodInfo
instanceKlass android/view/inputmethod/InputMethodManager$PendingEvent
instanceKlass org/robolectric/shadows/ShadowInputMethodManager$PrivateCommandListener
instanceKlass org/robolectric/shadows/ShadowInputMethodManager$SoftInputVisibilityChangeHandler
instanceKlass android/view/inputmethod/InputMethodSubtype
instanceKlass android/view/inputmethod/InputMethodManager$DelegateImpl
instanceKlass android/view/ImeFocusController$InputMethodManagerDelegate
instanceKlass android/view/InsetsSourceConsumer
instanceKlass android/view/InputEventSender
instanceKlass android/view/InputChannel
instanceKlass android/view/inputmethod/InputMethodSessionWrapper
instanceKlass com/android/internal/view/IInputMethodSession
instanceKlass android/graphics/Matrix
instanceKlass android/view/inputmethod/CursorAnchorInfo
instanceKlass android/view/inputmethod/CompletionInfo
instanceKlass android/view/inputmethod/EditorInfo
instanceKlass android/text/InputType
instanceKlass android/view/ViewRootImpl
instanceKlass android/view/AttachedSurfaceControl
instanceKlass android/view/ThreadedRenderer$DrawCallbacks
instanceKlass android/view/View$AttachInfo$Callbacks
instanceKlass com/android/internal/view/IInputMethodManager
instanceKlass com/android/internal/view/IInputContext
instanceKlass android/view/inputmethod/InputConnection
instanceKlass android/window/ImeOnBackInvokedDispatcher
instanceKlass android/window/OnBackInvokedDispatcher
instanceKlass com/android/internal/view/IInputMethodClient
instanceKlass org/robolectric/shadows/ShadowInputMethodManager$_InputMethodManager_$$Reflector27
instanceKlass org/robolectric/shadows/ShadowInputMethodManager$_InputMethodManager_
instanceKlass com/google/common/base/Optional
instanceKlass org/robolectric/shadows/ShadowInputMethodManager
instanceKlass android/view/PointerIcon
instanceKlass android/hardware/input/TouchCalibration
instanceKlass android/view/InputMonitor
instanceKlass android/hardware/lights/LightsRequest
instanceKlass android/hardware/lights/LightState
instanceKlass android/hardware/lights/Light
instanceKlass android/os/VibrationEffect
instanceKlass android/os/CombinedVibration
instanceKlass android/hardware/input/InputSensorInfo
instanceKlass android/view/VerifiedInputEvent
instanceKlass android/hardware/input/IInputSensorEventListener
instanceKlass android/os/IVibratorStateListener
instanceKlass android/hardware/BatteryState
instanceKlass android/hardware/input/KeyboardLayout
instanceKlass android/hardware/input/InputManager$OnTabletModeChangedListener
instanceKlass android/view/InputDevice
instanceKlass android/hardware/input/InputDeviceIdentifier
instanceKlass android/hardware/input/InputDeviceSensorManager
instanceKlass android/hardware/input/IInputManager
instanceKlass android/hardware/input/InputManager$InputDeviceListener
instanceKlass android/hardware/input/IInputDevicesChangedListener
instanceKlass android/hardware/input/ITabletModeChangedListener
instanceKlass org/robolectric/shadows/ShadowInputManager
instanceKlass org/robolectric/shadows/ShadowImsMmTelManager
instanceKlass org/robolectric/shadows/ShadowHardwareRenderer
instanceKlass org/robolectric/shadows/ShadowGeocoder
instanceKlass android/view/SurfaceHolder
instanceKlass org/robolectric/shadows/ShadowFontsContract$FontsContractReflector$$Reflector26
instanceKlass org/robolectric/shadows/ShadowFontsContract$FontsContractReflector
instanceKlass org/robolectric/shadows/ShadowFontBuilder
instanceKlass org/robolectric/shadows/ShadowFingerprintManager
instanceKlass org/robolectric/shadows/ShadowFileIntegrityManager
instanceKlass org/robolectric/shadows/ShadowEventLog
instanceKlass org/robolectric/shadows/ShadowEuiccManager
instanceKlass org/robolectric/shadows/ShadowDropBoxManager
instanceKlass org/robolectric/shadows/ShadowDownloadManager
instanceKlass org/robolectric/shadows/ShadowDexFile
instanceKlass org/robolectric/shadows/ShadowDevicePolicyManager
instanceKlass android/provider/DeviceConfig$OnPropertiesChangedListener
instanceKlass android/provider/DeviceConfig$Properties
instanceKlass android/provider/DeviceConfig
instanceKlass org/robolectric/shadows/ShadowDeviceConfig
instanceKlass org/robolectric/shadows/ShadowDebug
instanceKlass org/robolectric/shadows/ShadowCrossProfileApps
instanceKlass java/util/AbstractMap$SimpleEntry
instanceKlass jdk/internal/jimage/ImageBufferCache$2
instanceKlass jdk/internal/jimage/ImageBufferCache
instanceKlass org/objectweb/asm/ConstantDynamic
instanceKlass org/objectweb/asm/signature/SignatureReader
instanceKlass org/objectweb/asm/signature/SignatureVisitor
instanceKlass com/google/common/collect/PeekingIterator
instanceKlass com/google/common/collect/Iterators
instanceKlass org/objectweb/asm/tree/InsnList$InsnListIterator
instanceKlass org/objectweb/asm/tree/TryCatchBlockNode
instanceKlass org/objectweb/asm/tree/LocalVariableNode
instanceKlass org/objectweb/asm/tree/InsnList
instanceKlass org/objectweb/asm/tree/InnerClassNode
instanceKlass org/objectweb/asm/tree/Util
instanceKlass org/objectweb/asm/Opcodes
instanceKlass org/robolectric/internal/bytecode/MutableClass
instanceKlass android/webkit/CookieManager
instanceKlass org/robolectric/shadows/ShadowCookieManager
instanceKlass android/hardware/location/ContextHubInfo$1
instanceKlass android/hardware/location/MemoryRegion
instanceKlass android/hardware/contexthub/ContextHubInfo
instanceKlass android/hardware/contexthub/V1_0/ContextHub
instanceKlass android/hardware/location/ContextHubInfo
instanceKlass org/robolectric/shadows/ShadowContextHubManager
instanceKlass org/robolectric/shadows/ShadowNetworkCapabilities$NetworkCapabilitiesReflector$$Reflector25
instanceKlass org/robolectric/shadows/ShadowNetworkCapabilities$NetworkCapabilitiesReflector
instanceKlass android/net/NetworkCapabilities$1
instanceKlass android/net/connectivity/com/android/net/module/util/NetworkCapabilitiesUtils
instanceKlass android/net/UidRange
instanceKlass android/net/NetworkCapabilities$NameOf
instanceKlass android/net/NetworkSpecifier
instanceKlass android/net/TransportInfo
instanceKlass android/net/NetworkCapabilities
instanceKlass org/robolectric/shadows/ShadowNetworkCapabilities
instanceKlass android/net/Network$1
instanceKlass libcore/net/http/HttpURLConnectionFactory
instanceKlass libcore/net/http/Dns
instanceKlass com/android/okhttp/internalandroidapi/Dns
instanceKlass java/net/Proxy
instanceKlass java/net/DatagramSocket
instanceKlass android/net/Network
instanceKlass org/robolectric/shadows/ShadowNetwork
instanceKlass org/robolectric/shadows/ShadowNetworkInfo
instanceKlass android/net/NetworkInfo
instanceKlass org/robolectric/shadows/ShadowConnectivityManager
instanceKlass android/hardware/display/IColorDisplayManager
instanceKlass org/robolectric/shadows/ShadowColorDisplayManager$ColorDisplayManagerInternalReflector$$Reflector24
instanceKlass android/hardware/display/ColorDisplayManager$ColorDisplayManagerInternal
instanceKlass org/robolectric/shadows/ShadowColorDisplayManager$ColorDisplayManagerInternalReflector
instanceKlass org/robolectric/shadows/ShadowColorDisplayManager
instanceKlass org/robolectric/shadows/ShadowClipboardManager
instanceKlass org/robolectric/shadows/ShadowBackdropFrameRenderer
instanceKlass org/robolectric/shadows/ShadowCarrierConfigManager
instanceKlass android/nfc/NfcAdapter
instanceKlass org/robolectric/shadows/ShadowCardEmulation$CardEmulationReflector$$Reflector23
instanceKlass android/nfc/INfcCardEmulation
instanceKlass android/nfc/cardemulation/CardEmulation
instanceKlass org/robolectric/shadows/ShadowCardEmulation$CardEmulationReflector
instanceKlass org/robolectric/shadows/ShadowCardEmulation
instanceKlass android/hardware/camera2/CameraDevice
instanceKlass org/robolectric/shadows/ShadowCameraManager
instanceKlass org/robolectric/shadows/ShadowCamera
instanceKlass org/robolectric/shadows/ShadowCamcorderProfile
instanceKlass org/robolectric/shadows/ShadowCallLogCalls
instanceKlass org/robolectric/shadows/ShadowBuild$_VERSION_$$Reflector22
instanceKlass org/robolectric/shadows/ShadowBuild$_VERSION_
instanceKlass org/robolectric/shadows/ShadowBuild$_Build_$$Reflector21
instanceKlass org/robolectric/shadows/ShadowBuild$_Build_
instanceKlass com/google/common/primitives/ImmutableIntArray
instanceKlass org/robolectric/shadows/ShadowBluetoothManager
instanceKlass org/robolectric/shadows/ShadowBluetoothDevice
instanceKlass android/bluetooth/BluetoothAdapter$ServiceLifecycleCallback
instanceKlass android/bluetooth/BluetoothAdapter$BluetoothStateChangeCallback
instanceKlass android/bluetooth/BluetoothAdapter$OobDataCallback
instanceKlass android/os/ParcelUuid
instanceKlass android/bluetooth/BluetoothClass
instanceKlass android/bluetooth/BluetoothAdapter$OnBluetoothActivityEnergyInfoCallback
instanceKlass android/bluetooth/BluetoothAdapter$BluetoothConnectionCallback
instanceKlass android/bluetooth/BluetoothAdapter$OnMetadataChangedListener
instanceKlass android/bluetooth/IBluetoothGatt
instanceKlass android/bluetooth/BluetoothServerSocket
instanceKlass org/robolectric/shadows/ShadowBluetoothAdapter$BackgroundRfcommServerEntry
instanceKlass android/bluetooth/BluetoothSocket
instanceKlass android/bluetooth/BluetoothAdapter$LeScanCallback
instanceKlass android/bluetooth/IBluetooth
instanceKlass android/bluetooth/IBluetoothManager
instanceKlass android/bluetooth/le/PeriodicAdvertisingManager
instanceKlass android/bluetooth/IBluetoothActivityEnergyInfoListener
instanceKlass android/bluetooth/IBluetoothOobDataCallback
instanceKlass android/bluetooth/le/ScanCallback
instanceKlass android/bluetooth/IBluetoothConnectionCallback
instanceKlass android/bluetooth/IBluetoothMetadataListener
instanceKlass android/bluetooth/IBluetoothManagerCallback
instanceKlass org/robolectric/shadows/ShadowBluetoothAdapter$BluetoothAdapterReflector$$Reflector20
instanceKlass android/bluetooth/BluetoothProfile$ServiceListener
instanceKlass android/bluetooth/BluetoothProfile
instanceKlass android/bluetooth/BluetoothDevice
instanceKlass android/bluetooth/Attributable
instanceKlass android/bluetooth/le/BluetoothLeScanner
instanceKlass android/bluetooth/le/BluetoothLeAdvertiser
instanceKlass org/robolectric/shadows/ShadowBluetoothAdapter$BluetoothAdapterReflector
instanceKlass org/robolectric/shadows/ShadowBluetoothAdapter
instanceKlass java/awt/Transparency
instanceKlass java/awt/image/WritableRenderedImage
instanceKlass java/awt/image/RenderedImage
instanceKlass java/awt/Image
instanceKlass org/robolectric/shadows/ShadowBitmapFactory
instanceKlass org/robolectric/shadows/ShadowBiometricManager
instanceKlass org/robolectric/shadows/ShadowBatteryManager
instanceKlass org/robolectric/shadows/ShadowBackupManager$BackupManagerServiceState
instanceKlass org/robolectric/shadows/ShadowBackupManager
instanceKlass org/robolectric/shadows/ShadowBackgroundThread$_BackgroundThread_$$Reflector19
instanceKlass org/robolectric/shadows/ShadowBackgroundThread$_BackgroundThread_
instanceKlass org/robolectric/shadows/ShadowBackgroundThread
instanceKlass org/robolectric/shadows/ShadowAutofillManager
instanceKlass org/robolectric/shadows/ShadowAudioTrack
instanceKlass com/google/common/collect/Multimaps
instanceKlass com/google/common/collect/Synchronized$SynchronizedObject
instanceKlass com/google/common/collect/SortedSetMultimap
instanceKlass com/google/common/collect/Synchronized
instanceKlass com/google/common/collect/Tables$1
instanceKlass com/google/common/collect/Table$Cell
instanceKlass com/google/common/collect/RowSortedTable
instanceKlass com/google/common/collect/Tables
instanceKlass com/google/common/collect/HashBasedTable$Factory
instanceKlass com/google/common/collect/AbstractTable
instanceKlass com/google/common/collect/Table
instanceKlass org/robolectric/shadows/ShadowAudioSystem
instanceKlass android/media/AudioRecord
instanceKlass android/media/AudioRecordingMonitorClient
instanceKlass android/media/AudioRecordingMonitor
instanceKlass android/media/MicrophoneDirection
instanceKlass android/media/AudioRouting
instanceKlass org/robolectric/shadows/ShadowAudioRecord$AudioRecordSourceProvider
instanceKlass org/robolectric/shadows/ShadowAudioRecord$1
instanceKlass org/robolectric/shadows/ShadowAudioRecord$AudioRecordSource
instanceKlass org/robolectric/shadows/ShadowAudioRecord
instanceKlass org/robolectric/shadows/ShadowAudioManager
instanceKlass org/robolectric/shadows/ShadowAudioEffect
instanceKlass org/robolectric/shadows/ShadowAssetManager$_AssetManager28_$$Reflector18
instanceKlass org/robolectric/shadows/ShadowAssetManager$_AssetManager28_
instanceKlass org/robolectric/shadows/ShadowAppWidgetManager
instanceKlass com/google/common/collect/CompactHashMap$Itr
instanceKlass org/robolectric/shadows/ShadowAppOpsManager
instanceKlass org/robolectric/shadows/ShadowAmbientDisplayConfiguration
instanceKlass org/robolectric/shadows/ShadowAmbientContextManager
instanceKlass org/robolectric/shadows/ShadowAlarmManager$ScheduledAlarm
instanceKlass org/robolectric/shadows/ShadowAlarmManager
instanceKlass org/robolectric/shadows/ShadowAccountManager$BaseRoboAccountManagerFuture
instanceKlass android/accounts/AccountManagerFuture
instanceKlass org/robolectric/shadows/ShadowAccountManager
instanceKlass org/robolectric/shadows/ShadowAccessibilityNodeInfo
instanceKlass org/robolectric/shadows/ShadowAccessibilityManager
instanceKlass javolution/util/stripped/FastMap$EntryIterator
instanceKlass javolution/util/stripped/FastCollection
instanceKlass kotlin/coroutines/jvm/internal/ModuleNameRetriever$Cache
instanceKlass kotlin/coroutines/jvm/internal/ModuleNameRetriever
instanceKlass kotlin/coroutines/jvm/internal/DebugMetadata
instanceKlass kotlin/coroutines/jvm/internal/DebugMetadataKt
instanceKlass com/google/common/base/ExtraObjectsMethodsForWeb
instanceKlass com/google/common/collect/ListMultimap
instanceKlass com/google/common/truth/SubjectUtils
instanceKlass com/google/common/truth/FailureMetadata$Step
instanceKlass com/google/common/truth/Ordered
instanceKlass com/google/common/truth/IterableSubject$PairwiseChecker
instanceKlass com/google/common/truth/ErrorWithFacts
instanceKlass com/google/common/truth/FailureMetadata
instanceKlass com/google/common/truth/Subject
instanceKlass com/google/common/truth/StandardSubjectBuilder
instanceKlass com/google/common/truth/FailureStrategy
instanceKlass com/google/common/truth/Truth
instanceKlass kotlinx/coroutines/flow/internal/FlowExceptions_commonKt
instanceKlass kotlinx/coroutines/flow/internal/AbstractSharedFlowKt
instanceKlass kotlinx/coroutines/internal/ExceptionsConstructorKt$createConstructor$nullResult$1
instanceKlass java/util/concurrent/locks/ReentrantReadWriteLock$WriteLock
instanceKlass java/util/concurrent/locks/ReentrantReadWriteLock$ReadLock
instanceKlass java/util/concurrent/locks/ReentrantReadWriteLock
instanceKlass java/util/concurrent/locks/ReadWriteLock
instanceKlass kotlinx/coroutines/internal/CtorCache
instanceKlass kotlinx/coroutines/internal/ExceptionsConstructorKt
instanceKlass java/lang/StackTraceElement$HashedModules
instanceKlass _COROUTINE/CoroutineDebuggingKt
instanceKlass _COROUTINE/_BOUNDARY
instanceKlass _COROUTINE/ArtificialStackFrames
instanceKlass kotlinx/coroutines/internal/StackTraceRecoveryKt
instanceKlass kotlinx/coroutines/DebugStringsKt
instanceKlass kotlinx/coroutines/channels/WaiterEB
instanceKlass kotlinx/coroutines/internal/InlineList
instanceKlass kotlinx/coroutines/internal/ConcurrentLinkedListKt
instanceKlass kotlinx/coroutines/channels/ChannelsKt__Channels_commonKt
instanceKlass kotlinx/coroutines/channels/ChannelsKt
instanceKlass androidx/room/util/MappedColumnsSQLiteStatementWrapper
instanceKlass androidx/room/util/SQLiteStatementUtil__StatementUtil_androidKt
instanceKlass androidx/room/util/SQLiteStatementUtil__StatementUtilKt
instanceKlass androidx/room/util/SQLiteStatementUtil
instanceKlass kotlinx/coroutines/flow/internal/SafeCollectorKt
instanceKlass kotlinx/coroutines/flow/internal/SafeCollector_commonKt
instanceKlass kotlinx/coroutines/flow/SubscribedFlowCollector
instanceKlass kotlinx/coroutines/internal/Concurrent_commonKt
instanceKlass kotlinx/coroutines/flow/internal/AbstractSharedFlowSlot
instanceKlass androidx/room/TriggerBasedInvalidationTracker$createFlow$1$2
instanceKlass androidx/room/TransactorKt
instanceKlass androidx/room/TriggerBasedInvalidationTracker$syncTriggers$2$1$1$1$WhenMappings
instanceKlass kotlinx/coroutines/flow/internal/NoOpContinuation
instanceKlass kotlinx/coroutines/flow/internal/SendingCollector
instanceKlass kotlinx/coroutines/flow/ThrowingCollector
instanceKlass kotlinx/coroutines/flow/FlowKt__EmittersKt
instanceKlass kotlinx/coroutines/flow/FlowKt__ChannelsKt
instanceKlass kotlin/coroutines/ContinuationKt
instanceKlass kotlinx/coroutines/channels/ProducerScope
instanceKlass kotlinx/coroutines/channels/ProduceKt
instanceKlass androidx/room/coroutines/FlowUtil$createFlow$$inlined$map$1$2
instanceKlass kotlinx/coroutines/flow/FlowKt__ReduceKt$first$$inlined$collectWhile$1
instanceKlass kotlinx/coroutines/flow/FlowKt__ReduceKt
instanceKlass androidx/room/coroutines/FlowUtil$createFlow$$inlined$map$1
instanceKlass kotlinx/coroutines/flow/internal/ChannelFlow
instanceKlass kotlinx/coroutines/flow/FlowKt__ContextKt
instanceKlass kotlinx/coroutines/flow/AbstractFlow
instanceKlass kotlinx/coroutines/flow/FlowKt__BuildersKt
instanceKlass kotlin/collections/builders/MapBuilder$Itr
instanceKlass kotlin/jvm/internal/markers/KMutableIterator
instanceKlass androidx/room/coroutines/FlowUtil
instanceKlass kotlin/collections/builders/ListBuilderKt
instanceKlass kotlin/collections/builders/MapBuilder$Companion
instanceKlass kotlin/collections/builders/MapBuilder
instanceKlass kotlin/jvm/internal/markers/KMutableMap
instanceKlass kotlin/collections/builders/SetBuilder$Companion
instanceKlass kotlin/jvm/internal/markers/KMutableSet
instanceKlass kotlinx/coroutines/CompletedContinuation
instanceKlass kotlinx/coroutines/CancellableContinuationImplKt
instanceKlass kotlinx/coroutines/channels/BufferedChannel$BufferedChannelIterator
instanceKlass kotlinx/coroutines/channels/ChannelIterator
instanceKlass kotlinx/coroutines/channels/ReceiveCatching
instanceKlass kotlinx/coroutines/selects/SelectInstance
instanceKlass kotlinx/coroutines/IncompleteStateBox
instanceKlass org/robolectric/shadows/ShadowLegacySQLiteConnection$Connections$11
instanceKlass org/robolectric/shadows/ShadowLegacySQLiteConnection$Connections$12
instanceKlass androidx/room/coroutines/PassthroughConnection$PassthroughTransactor
instanceKlass androidx/room/TransactionScope
instanceKlass androidx/sqlite/driver/SupportSQLiteStatement$TransactionSQLiteStatement$WhenMappings
instanceKlass androidx/room/coroutines/PassthroughConnection$WhenMappings
instanceKlass androidx/room/RoomExternalOperationElement
instanceKlass kotlin/coroutines/jvm/internal/Boxing
instanceKlass org/robolectric/shadows/ShadowLegacySQLiteConnection$Connections$16
instanceKlass androidx/room/RoomMasterTable
instanceKlass androidx/sqlite/db/SupportSQLiteStatement
instanceKlass androidx/sqlite/SQLite
instanceKlass kotlin/jdk7/AutoCloseableKt
instanceKlass org/robolectric/shadows/ShadowLegacyCursorWindow$Value
instanceKlass org/robolectric/shadows/ShadowLegacyCursorWindow$Row
instanceKlass org/robolectric/shadows/ShadowLegacySQLiteConnection$Connections$18
instanceKlass org/robolectric/shadows/ShadowLegacyCursorWindow$Data
instanceKlass org/robolectric/shadows/ShadowCursorWindow$CursorWindowReflector$$Reflector17
instanceKlass org/robolectric/shadows/ShadowCursorWindow$CursorWindowReflector
instanceKlass org/robolectric/shadows/ShadowLegacyCursorWindow$WindowData
instanceKlass android/database/CursorWindow$1
instanceKlass android/database/CharArrayBuffer
instanceKlass org/robolectric/shadows/ShadowCursorWindow
instanceKlass android/database/Observable
instanceKlass androidx/sqlite/db/framework/FrameworkSQLiteProgram
instanceKlass androidx/sqlite/db/SupportSQLiteProgram
instanceKlass android/database/sqlite/SQLiteDirectCursorDriver
instanceKlass android/database/AbstractCursor
instanceKlass android/database/CrossProcessCursor
instanceKlass kotlin/jvm/functions/Function4
instanceKlass androidx/sqlite/driver/SupportSQLiteStatement$RowSQLiteStatement$ensureCursor$1
instanceKlass androidx/sqlite/db/SupportSQLiteQuery
instanceKlass androidx/sqlite/driver/SupportSQLiteStatement$RowSQLiteStatement$Companion
instanceKlass androidx/sqlite/driver/SupportSQLiteStatement$Companion
instanceKlass androidx/sqlite/driver/SupportSQLiteStatement
instanceKlass androidx/sqlite/SQLiteStatement
instanceKlass androidx/sqlite/db/framework/FrameworkSQLiteDatabase$Companion
instanceKlass androidx/sqlite/db/framework/FrameworkSQLiteDatabase
instanceKlass androidx/sqlite/db/SupportSQLiteDatabase
instanceKlass org/robolectric/shadows/ShadowLegacySQLiteConnection$Connections$10
instanceKlass org/robolectric/shadows/ShadowLegacySQLiteConnection$Connections$9
instanceKlass android/database/sqlite/SQLiteSession$Transaction
instanceKlass org/robolectric/shadows/ShadowLegacySQLiteConnection$Connections$14
instanceKlass org/robolectric/shadows/ShadowLegacySQLiteConnection$Connections$19
instanceKlass org/robolectric/shadows/ShadowLegacySQLiteConnection$Connections$7
instanceKlass org/robolectric/shadows/ShadowLegacySQLiteConnection$Connections$8
instanceKlass com/almworks/sqlite4java/SWIGTYPE_p_direct_buffer
instanceKlass com/almworks/sqlite4java/ProgressHandler
instanceKlass org/robolectric/shadows/ShadowLegacySQLiteConnection$Connections$6
instanceKlass org/robolectric/shadows/ShadowLegacySQLiteConnection$Connections$5
instanceKlass android/database/DatabaseUtils$InsertHelper
instanceKlass android/database/DatabaseUtils
instanceKlass org/robolectric/shadows/ShadowLegacySQLiteConnection$Connections$4
instanceKlass com/almworks/sqlite4java/SQLiteStatement
instanceKlass com/almworks/sqlite4java/SWIGTYPE_p_sqlite3_stmt
instanceKlass com/almworks/sqlite4java/SQLParts
instanceKlass org/robolectric/shadows/ShadowLegacySQLiteConnection$Connections$2
instanceKlass com/almworks/sqlite4java/SWIGTYPE_p_sqlite3
instanceKlass javolution/util/stripped/FastComparator
instanceKlass javolution/util/stripped/FastMap$Entry
instanceKlass javolution/util/stripped/FastCollection$Record
instanceKlass javolution/util/stripped/FastMap
instanceKlass com/almworks/sqlite4java/SQLiteController
instanceKlass com/almworks/sqlite4java/SQLiteConnection
instanceKlass com/google/common/util/concurrent/Uninterruptibles
instanceKlass org/robolectric/shadows/ShadowLegacySQLiteConnection$Connections$1
instanceKlass com/almworks/sqlite4java/_SQLiteManualJNI
instanceKlass com/almworks/sqlite4java/_SQLiteManual
instanceKlass java/net/URLEncoder
instanceKlass java/net/URLDecoder
instanceKlass com/almworks/sqlite4java/_SQLiteSwiggedJNI
instanceKlass com/almworks/sqlite4java/_SQLiteSwigged
instanceKlass com/almworks/sqlite4java/Internal
instanceKlass java/util/logging/Formatter
instanceKlass com/almworks/sqlite4java/SQLite
instanceKlass com/google/common/io/ByteArrayDataInput
instanceKlass com/google/common/io/ByteArrayDataOutput
instanceKlass com/google/common/io/ByteStreams
instanceKlass com/google/common/io/Closer$Suppressor
instanceKlass com/google/common/io/Closer
instanceKlass com/google/common/io/CharSource
instanceKlass com/google/common/hash/PrimitiveSink
instanceKlass com/google/common/base/MoreObjects
instanceKlass com/google/common/io/Resources
instanceKlass com/google/common/io/TempFileCreator$JavaNioCreator$PermissionSupplier
instanceKlass com/google/common/io/TempFileCreator$JavaNioCreator$1
instanceKlass java/util/RegularEnumSet$EnumSetIterator
instanceKlass java/nio/file/attribute/AclEntry$Builder
instanceKlass java/nio/file/attribute/AclEntry
instanceKlass sun/nio/fs/WindowsUserPrincipals$User
instanceKlass java/nio/file/attribute/UserPrincipal
instanceKlass sun/nio/fs/WindowsUserPrincipals
instanceKlass java/lang/ProcessHandleImpl$Info
instanceKlass java/lang/ProcessHandleImpl
instanceKlass java/util/concurrent/CompletableFuture
instanceKlass java/util/concurrent/CompletionStage
instanceKlass java/lang/ProcessHandle$Info
instanceKlass java/lang/ProcessHandle
instanceKlass java/nio/file/attribute/UserPrincipalLookupService
instanceKlass sun/nio/fs/WindowsFileSystem$LookupService
instanceKlass com/google/common/io/TempFileCreator
instanceKlass com/google/common/io/Files$2
instanceKlass com/google/common/io/LineProcessor
instanceKlass com/google/common/io/ByteSink
instanceKlass com/google/common/io/ByteSource
instanceKlass com/google/common/graph/SuccessorsFunction
instanceKlass com/google/common/io/Files
instanceKlass org/robolectric/shadows/util/SQLiteLibraryLoader$LibraryNameMapper
instanceKlass org/robolectric/shadows/util/SQLiteLibraryLoader
instanceKlass android/database/sqlite/SQLiteDebug
instanceKlass android/database/sqlite/SQLiteDebug$NoPreloadHolder
instanceKlass org/robolectric/shadows/ShadowSystem
instanceKlass android/database/sqlite/SQLiteConnection$Operation
instanceKlass android/database/sqlite/SQLiteConnection$OperationLog
instanceKlass org/robolectric/shadows/ShadowSQLiteConnection$SQLiteConnectionReflector$$Reflector16
instanceKlass com/google/common/collect/ImmutableCollection$Builder
instanceKlass org/robolectric/shadows/ShadowLegacySQLiteConnection$Connections$StatementOperation
instanceKlass org/robolectric/shadows/ShadowSQLiteConnection$SQLiteConnectionReflector
instanceKlass org/robolectric/shadows/ShadowLegacySQLiteConnection$Connections
instanceKlass android/database/sqlite/SQLiteDebug$DbStats
instanceKlass android/database/sqlite/SQLiteConnection$PreparedStatement
instanceKlass android/database/sqlite/SQLiteStatementInfo
instanceKlass android/database/sqlite/SQLiteCustomFunction
instanceKlass org/robolectric/shadows/ShadowSQLiteConnection
instanceKlass com/google/common/collect/ObjectArrays
instanceKlass org/robolectric/shadows/SQLiteShadowPicker
instanceKlass android/database/sqlite/SQLiteConnectionPool$ConnectionWaiter
instanceKlass android/database/sqlite/SQLiteConnection
instanceKlass android/os/CancellationSignal$OnCancelListener
instanceKlass android/annotation/SystemApi
instanceKlass android/provider/Settings$Readable
instanceKlass org/robolectric/shadows/ShadowSettings
instanceKlass android/provider/Settings$NameValueCache
instanceKlass android/provider/Settings$ContentProviderHolder
instanceKlass org/robolectric/shadows/ShadowSettings$ShadowGlobal
instanceKlass android/provider/Settings
instanceKlass android/provider/Settings$NameValueTable
instanceKlass android/provider/BaseColumns
instanceKlass android/database/sqlite/SQLiteCompatibilityWalFlags
instanceKlass android/database/sqlite/SQLiteDatabaseConfiguration
instanceKlass org/robolectric/shadows/ShadowCloseGuard$CloseGuardReflector$$Reflector15
instanceKlass org/robolectric/shadows/ShadowCloseGuard$CloseGuardReflector
instanceKlass dalvik/system/CloseGuard$DefaultReporter
instanceKlass dalvik/system/CloseGuard$Tracker
instanceKlass org/robolectric/shadows/ShadowCloseGuard
instanceKlass dalvik/system/CloseGuard
instanceKlass android/database/sqlite/SQLiteConnectionPool
instanceKlass java/util/function/UnaryOperator
instanceKlass android/database/sqlite/SQLiteSession
instanceKlass android/database/sqlite/SQLiteTransactionListener
instanceKlass android/database/sqlite/SQLiteCursorDriver
instanceKlass java/io/FileFilter
instanceKlass libcore/io/Memory
instanceKlass android/system/OsConstants
instanceKlass java/util/UUID$Holder
instanceKlass androidx/sqlite/util/ProcessLock$Companion
instanceKlass androidx/sqlite/util/ProcessLock
instanceKlass androidx/sqlite/db/framework/FrameworkSQLiteOpenHelper$DBRefHolder
instanceKlass androidx/sqlite/db/framework/FrameworkSQLiteOpenHelper$OpenHelper$Companion
instanceKlass android/database/sqlite/SQLiteDatabase$OpenParams
instanceKlass android/database/sqlite/SQLiteDatabase$OpenParams$Builder
instanceKlass org/robolectric/shadows/ShadowSQLiteOpenHelper
instanceKlass androidx/sqlite/driver/SupportSQLiteConnection
instanceKlass androidx/room/coroutines/PassthroughConnection
instanceKlass androidx/room/coroutines/RawConnectionAccessor
instanceKlass androidx/room/Transactor
instanceKlass androidx/room/PooledConnection
instanceKlass androidx/room/coroutines/PassthroughConnectionPool$ConnectionElement$Key
instanceKlass androidx/room/coroutines/PassthroughConnectionPool$ConnectionElement
instanceKlass androidx/arch/core/executor/DefaultTaskExecutor$1
instanceKlass androidx/room/TransactionElement$Key
instanceKlass androidx/room/TransactionElement
instanceKlass androidx/room/util/DBUtil__DBUtil_androidKt
instanceKlass androidx/room/util/DBUtil
instanceKlass kotlinx/coroutines/DisposeOnCancel
instanceKlass kotlinx/coroutines/CancelHandler
instanceKlass kotlinx/coroutines/CancellableContinuationKt
instanceKlass kotlinx/coroutines/Active
instanceKlass kotlinx/coroutines/Waiter
instanceKlass kotlinx/coroutines/CancellableContinuation
instanceKlass kotlinx/coroutines/JobSupport$Finishing
instanceKlass kotlinx/coroutines/EventLoopImplBase$DelayedTask
instanceKlass kotlinx/coroutines/Delay$DefaultImpls
instanceKlass kotlinx/coroutines/DelayKt
instanceKlass kotlinx/coroutines/TimeoutKt
instanceKlass kotlinx/coroutines/channels/ChannelResult$Failed
instanceKlass kotlinx/coroutines/channels/ChannelResult$Companion
instanceKlass kotlinx/coroutines/channels/ChannelResult
instanceKlass kotlinx/coroutines/test/TestDispatchEvent
instanceKlass kotlinx/coroutines/test/TestCoroutineSchedulerKt
instanceKlass kotlinx/coroutines/JobKt__JobKt
instanceKlass kotlinx/coroutines/JobKt
instanceKlass kotlinx/coroutines/YieldKt
instanceKlass kotlin/jvm/internal/TypeIntrinsics
instanceKlass kotlinx/coroutines/intrinsics/UndispatchedKt
instanceKlass kotlinx/coroutines/test/AtomicBoolean
instanceKlass kotlinx/coroutines/EventLoop_commonKt
instanceKlass kotlinx/coroutines/GlobalScope
instanceKlass kotlinx/coroutines/EventLoopKt
instanceKlass kotlinx/coroutines/internal/ThreadLocalKt
instanceKlass kotlinx/coroutines/ThreadLocalEventLoop
instanceKlass kotlinx/coroutines/BuildersKt__BuildersKt
instanceKlass kotlinx/coroutines/CopyableThrowable
instanceKlass kotlinx/coroutines/test/internal/ExceptionCollectorAsService
instanceKlass kotlin/sequences/ConstrainedOnceSequence
instanceKlass kotlin/sequences/SequencesKt__SequencesKt$asSequence$$inlined$Sequence$1
instanceKlass kotlin/sequences/Sequence
instanceKlass kotlin/sequences/SequencesKt__SequenceBuilderKt
instanceKlass kotlinx/coroutines/internal/CoroutineExceptionHandlerImplKt
instanceKlass kotlinx/coroutines/test/BackgroundWork
instanceKlass kotlinx/coroutines/test/TestScope
instanceKlass kotlinx/coroutines/CoroutineExceptionHandler$Key
instanceKlass kotlinx/coroutines/CoroutineExceptionHandler
instanceKlass kotlin/time/AbstractLongTimeSource
instanceKlass kotlinx/coroutines/internal/ConcurrentLinkedListNode
instanceKlass kotlinx/coroutines/NotCompleted
instanceKlass kotlinx/coroutines/channels/BufferedChannelKt
instanceKlass kotlin/jvm/functions/Function3
instanceKlass kotlinx/coroutines/channels/BufferedChannel
instanceKlass kotlinx/coroutines/channels/ChannelKt
instanceKlass kotlinx/coroutines/internal/ThreadSafeHeapNode
instanceKlass kotlinx/coroutines/test/internal/TestMainDispatcher$NonConcurrentlyModifiable
instanceKlass kotlinx/coroutines/internal/MainDispatchersKt
instanceKlass kotlinx/coroutines/test/internal/TestMainDispatcherFactory
instanceKlass kotlinx/coroutines/android/AndroidDispatcherFactory
instanceKlass kotlinx/coroutines/internal/FastServiceLoaderKt
instanceKlass kotlinx/coroutines/internal/MainDispatcherFactory
instanceKlass kotlinx/coroutines/internal/FastServiceLoader
instanceKlass kotlinx/coroutines/internal/MainDispatcherLoader
instanceKlass kotlinx/coroutines/test/internal/TestMainDispatcher$Companion
instanceKlass kotlinx/coroutines/DelayWithTimeoutDiagnostics
instanceKlass kotlinx/coroutines/test/TestCoroutineDispatchersKt
instanceKlass kotlinx/coroutines/channels/Channel
instanceKlass kotlinx/coroutines/channels/ReceiveChannel
instanceKlass kotlinx/coroutines/channels/SendChannel
instanceKlass kotlinx/coroutines/internal/ThreadSafeHeap
instanceKlass kotlinx/coroutines/test/TestCoroutineScheduler$Key
instanceKlass kotlinx/coroutines/test/TestScopeKt
instanceKlass kotlinx/coroutines/test/RunningInRunTest
instanceKlass kotlinx/coroutines/test/TestBuildersJvmKt
instanceKlass kotlinx/coroutines/test/TestBuildersKt__TestBuildersKt
instanceKlass kotlinx/coroutines/test/TestBuildersKt
instanceKlass androidx/room/EntityInsertAdapter
instanceKlass androidx/room/support/AutoClosingRoomOpenHelper
instanceKlass androidx/room/support/PrePackagedCopyOpenHelper
instanceKlass androidx/room/DelegatingOpenHelper
instanceKlass java/util/concurrent/ScheduledFuture
instanceKlass java/util/concurrent/Delayed
instanceKlass kotlinx/coroutines/internal/ConcurrentKt
instanceKlass kotlinx/coroutines/DispatcherExecutor
instanceKlass kotlinx/coroutines/ExecutorsKt
instanceKlass androidx/room/TransactionExecutor
instanceKlass kotlin/collections/EmptyIterator
instanceKlass top/mcxiafeng/badger/data/queue/OperationHistoryDao_Impl$Companion
instanceKlass top/mcxiafeng/badger/data/queue/PendingUploadDao_Impl$Companion
instanceKlass top/mcxiafeng/badger/data/cache/dao/SyncCursorDao_Impl$Companion
instanceKlass top/mcxiafeng/badger/data/cache/dao/ContactTagCacheDao_Impl$Companion
instanceKlass top/mcxiafeng/badger/data/cache/dao/UserProfileCacheDao_Impl$Companion
instanceKlass top/mcxiafeng/badger/data/cache/dao/CardCollectionCacheDao_Impl$Companion
instanceKlass top/mcxiafeng/badger/data/cache/dao/TagCacheDao_Impl$Companion
instanceKlass top/mcxiafeng/badger/data/cache/dao/ContactPlatformCacheDao_Impl$Companion
instanceKlass top/mcxiafeng/badger/data/cache/dao/ContactFieldValueCacheDao_Impl$Companion
instanceKlass top/mcxiafeng/badger/data/cache/dao/ContactFieldCacheDao_Impl$Companion
instanceKlass top/mcxiafeng/badger/data/cache/dao/ContactCacheDao_Impl$Companion
instanceKlass top/mcxiafeng/badger/data/ContactPlatformDao_Impl$Companion
instanceKlass top/mcxiafeng/badger/data/ScanResultDao_Impl$Companion
instanceKlass top/mcxiafeng/badger/data/ContactFieldValueDao_Impl$Companion
instanceKlass top/mcxiafeng/badger/data/CustomFieldDao_Impl$Companion
instanceKlass top/mcxiafeng/badger/data/ContactFieldDao_Impl$Companion
instanceKlass androidx/room/InvalidationLiveDataContainer
instanceKlass androidx/room/ObservedTableVersions
instanceKlass androidx/room/ObservedTableStates
instanceKlass androidx/room/TriggerBasedInvalidationTracker$Companion
instanceKlass androidx/room/TriggerBasedInvalidationTracker
instanceKlass androidx/room/InvalidationTracker$Companion
instanceKlass androidx/room/InvalidationTracker
instanceKlass androidx/sqlite/SQLiteConnection
instanceKlass androidx/sqlite/driver/SupportSQLiteDriver
instanceKlass androidx/sqlite/SQLiteDriver
instanceKlass androidx/room/coroutines/PassthroughConnectionPool
instanceKlass androidx/room/coroutines/ConnectionPool
instanceKlass android/database/sqlite/SQLiteOpenHelper
instanceKlass androidx/sqlite/db/framework/FrameworkSQLiteOpenHelper$Companion
instanceKlass androidx/sqlite/db/framework/FrameworkSQLiteOpenHelper
instanceKlass androidx/sqlite/db/SupportSQLiteOpenHelper
instanceKlass androidx/sqlite/db/SupportSQLiteOpenHelper$Callback$Companion
instanceKlass androidx/sqlite/db/SupportSQLiteOpenHelper$Callback
instanceKlass androidx/sqlite/db/SupportSQLiteOpenHelper$Configuration$Builder
instanceKlass androidx/sqlite/db/SupportSQLiteOpenHelper$Configuration$Companion
instanceKlass androidx/sqlite/db/SupportSQLiteOpenHelper$Configuration
instanceKlass androidx/room/RoomDatabaseKt__RoomDatabase_androidKt
instanceKlass androidx/room/BaseRoomConnectionManager$Companion
instanceKlass androidx/room/BaseRoomConnectionManager
instanceKlass androidx/room/RoomOpenDelegate
instanceKlass androidx/room/RoomOpenDelegateMarker
instanceKlass top/mcxiafeng/badger/data/queue/OperationHistoryDao_Impl
instanceKlass top/mcxiafeng/badger/data/queue/PendingUploadDao_Impl
instanceKlass top/mcxiafeng/badger/data/cache/dao/SyncCursorDao_Impl
instanceKlass top/mcxiafeng/badger/data/cache/dao/ContactTagCacheDao_Impl
instanceKlass top/mcxiafeng/badger/data/cache/dao/UserProfileCacheDao_Impl
instanceKlass top/mcxiafeng/badger/data/cache/dao/CardCollectionCacheDao_Impl
instanceKlass top/mcxiafeng/badger/data/cache/dao/TagCacheDao_Impl
instanceKlass top/mcxiafeng/badger/data/cache/dao/ContactPlatformCacheDao_Impl
instanceKlass top/mcxiafeng/badger/data/cache/dao/ContactFieldValueCacheDao_Impl
instanceKlass top/mcxiafeng/badger/data/cache/dao/ContactFieldCacheDao_Impl
instanceKlass top/mcxiafeng/badger/data/cache/dao/ContactCacheDao_Impl
instanceKlass top/mcxiafeng/badger/data/ContactPlatformDao_Impl
instanceKlass top/mcxiafeng/badger/data/ScanResultDao_Impl
instanceKlass top/mcxiafeng/badger/data/ContactFieldValueDao_Impl
instanceKlass top/mcxiafeng/badger/data/CustomFieldDao_Impl
instanceKlass kotlin/SynchronizedLazyImpl
instanceKlass top/mcxiafeng/badger/data/ContactFieldDao_Impl
instanceKlass kotlin/jvm/internal/CallableReference$NoReceiver
instanceKlass androidx/room/concurrent/CloseBarrier
instanceKlass top/mcxiafeng/badger/data/AppDatabase$Companion
instanceKlass androidx/room/RoomDatabase$Companion
instanceKlass androidx/room/util/KClassUtil
instanceKlass org/robolectric/shadows/ShadowActivityManager$ActivityManagerReflector$$Reflector14
instanceKlass org/robolectric/shadows/ShadowActivityManager$ActivityManagerReflector
instanceKlass android/app/ActivityManager$RunningAppProcessInfo$1
instanceKlass android/util/SparseIntArray
instanceKlass android/os/StrictMode$6
instanceKlass android/os/StrictMode$5
instanceKlass org/robolectric/shadows/ShadowStrictModeVmPolicy$_StrictMode_$$Reflector13
instanceKlass org/robolectric/shadows/ShadowStrictModeVmPolicy$_StrictMode_
instanceKlass org/robolectric/shadows/ShadowStrictModeVmPolicy
instanceKlass android/os/StrictMode$OnVmViolationListener
instanceKlass android/util/SparseLongArray
instanceKlass android/os/StrictMode$ViolationLogger
instanceKlass android/os/StrictMode$ViolationInfo
instanceKlass dalvik/system/CloseGuard$Reporter
instanceKlass android/os/StrictMode$Span
instanceKlass android/os/StrictMode
instanceKlass androidx/room/DatabaseConfiguration
instanceKlass androidx/sqlite/db/framework/FrameworkSQLiteOpenHelperFactory
instanceKlass androidx/sqlite/db/SupportSQLiteOpenHelper$Factory
instanceKlass androidx/room/RoomDatabaseKt__RoomDatabaseKt
instanceKlass androidx/room/RoomDatabaseKt
instanceKlass androidx/arch/core/executor/TaskExecutor
instanceKlass androidx/room/RoomDatabase$MigrationContainer
instanceKlass androidx/room/RoomDatabase$Builder
instanceKlass androidx/room/Room
instanceKlass kotlin/coroutines/jvm/internal/CompletedContinuation
instanceKlass org/koin/core/component/KoinScopeComponent
instanceKlass org/koin/core/component/KoinComponent
instanceKlass org/koin/android/scope/AndroidScopeComponent
instanceKlass org/koin/android/ext/android/AndroidKoinScopeExtKt
instanceKlass kotlin/ResultKt
instanceKlass org/robolectric/TestLifecycleApplication
instanceKlass kotlinx/coroutines/DispatchedTaskKt
instanceKlass kotlinx/coroutines/CompletedExceptionally
instanceKlass kotlinx/coroutines/internal/Removed
instanceKlass kotlinx/coroutines/UndispatchedMarker
instanceKlass kotlinx/coroutines/CoroutineName$Key
instanceKlass kotlinx/coroutines/InactiveNodeList
instanceKlass kotlin/jvm/internal/Ref$ObjectRef
instanceKlass kotlinx/coroutines/scheduling/WorkQueue
instanceKlass kotlinx/coroutines/AbstractTimeSourceKt
instanceKlass kotlinx/coroutines/internal/LimitedDispatcher$Worker
instanceKlass kotlinx/coroutines/internal/LockFreeTaskQueueCore$Placeholder
instanceKlass kotlinx/coroutines/CompletionStateKt
instanceKlass kotlinx/coroutines/internal/ThreadState
instanceKlass kotlinx/coroutines/internal/ThreadContextKt
instanceKlass kotlinx/coroutines/internal/DispatchedContinuationKt
instanceKlass kotlinx/coroutines/scheduling/Task
instanceKlass kotlin/coroutines/jvm/internal/DebugProbesKt
instanceKlass kotlin/coroutines/intrinsics/IntrinsicsKt__IntrinsicsJvmKt
instanceKlass kotlinx/coroutines/intrinsics/CancellableKt
instanceKlass kotlinx/coroutines/CoroutineStart$WhenMappings
instanceKlass kotlinx/coroutines/CoroutineId$Key
instanceKlass kotlinx/coroutines/CopyableThreadContextElement
instanceKlass kotlinx/coroutines/CoroutineContextKt
instanceKlass kotlinx/coroutines/BuildersKt__Builders_commonKt
instanceKlass kotlinx/coroutines/BuildersKt
instanceKlass kotlin/coroutines/jvm/internal/BaseContinuationImpl
instanceKlass kotlin/coroutines/jvm/internal/CoroutineStackFrame
instanceKlass kotlin/coroutines/jvm/internal/SuspendFunction
instanceKlass org/koin/core/time/DurationExtKt
instanceKlass kotlin/time/DurationJvmKt
instanceKlass kotlin/time/Duration$Companion
instanceKlass kotlin/time/Duration
instanceKlass java/util/concurrent/TimeUnit$1
instanceKlass kotlin/time/DurationUnitKt__DurationUnitJvmKt
instanceKlass kotlin/time/DurationKt
instanceKlass kotlin/time/LongSaturatedMathKt
instanceKlass org/koin/core/instance/NoClass
instanceKlass org/koin/core/instance/ResolutionContext
instanceKlass kotlin/time/TimeSource$Monotonic$ValueTimeMark
instanceKlass kotlin/time/MonotonicTimeSource
instanceKlass kotlin/time/ComparableTimeMark
instanceKlass kotlin/time/TimeMark
instanceKlass kotlin/time/TimeSource$Monotonic
instanceKlass kotlin/time/TimeSource$WithComparableMarks
instanceKlass kotlin/time/TimeSource
instanceKlass kotlin/collections/ArraysUtilJVM
instanceKlass androidx/lifecycle/ViewModel
instanceKlass top/mcxiafeng/badger/LegacyTagFixup
instanceKlass top/mcxiafeng/badger/di/KoinModulesKt$useCaseModule$lambda$0$$inlined$singleOf$default$7
instanceKlass top/mcxiafeng/badger/sync/DeviceIdProvider
instanceKlass top/mcxiafeng/badger/di/KoinModulesKt$useCaseModule$lambda$0$$inlined$singleOf$default$6
instanceKlass top/mcxiafeng/badger/sync/SyncRepository
instanceKlass top/mcxiafeng/badger/di/KoinModulesKt$useCaseModule$lambda$0$$inlined$singleOf$default$5
instanceKlass top/mcxiafeng/badger/ai/AiTagGenerator
instanceKlass top/mcxiafeng/badger/di/KoinModulesKt$useCaseModule$lambda$0$$inlined$singleOf$default$4
instanceKlass top/mcxiafeng/badger/data/repository/UserAuthRepository
instanceKlass top/mcxiafeng/badger/di/KoinModulesKt$useCaseModule$lambda$0$$inlined$singleOf$default$3
instanceKlass top/mcxiafeng/badger/data/repository/WorldRegionRepository
instanceKlass top/mcxiafeng/badger/di/KoinModulesKt$useCaseModule$lambda$0$$inlined$singleOf$default$2
instanceKlass top/mcxiafeng/badger/data/repository/ServerUrlHolder
instanceKlass top/mcxiafeng/badger/di/KoinModulesKt$useCaseModule$lambda$0$$inlined$singleOf$default$1
instanceKlass top/mcxiafeng/badger/domain/SelectPlatformUseCase
instanceKlass top/mcxiafeng/badger/di/KoinModulesKt$useCaseModule$lambda$0$$inlined$factoryOf$default$7
instanceKlass top/mcxiafeng/badger/domain/SaveScannedContactUseCase
instanceKlass top/mcxiafeng/badger/di/KoinModulesKt$useCaseModule$lambda$0$$inlined$factoryOf$default$6
instanceKlass top/mcxiafeng/badger/domain/PrepareNfcWriteUseCase
instanceKlass top/mcxiafeng/badger/di/KoinModulesKt$useCaseModule$lambda$0$$inlined$factoryOf$default$5
instanceKlass top/mcxiafeng/badger/domain/ParseQrCodeUseCase
instanceKlass top/mcxiafeng/badger/di/KoinModulesKt$useCaseModule$lambda$0$$inlined$factoryOf$default$4
instanceKlass top/mcxiafeng/badger/domain/MergeContactUseCase
instanceKlass top/mcxiafeng/badger/di/KoinModulesKt$useCaseModule$lambda$0$$inlined$factoryOf$default$3
instanceKlass top/mcxiafeng/badger/domain/FilterContactsUseCase
instanceKlass top/mcxiafeng/badger/di/KoinModulesKt$useCaseModule$lambda$0$$inlined$factoryOf$default$2
instanceKlass top/mcxiafeng/badger/domain/DuplicateDetectionUseCase
instanceKlass top/mcxiafeng/badger/di/KoinModulesKt$useCaseModule$lambda$0$$inlined$factoryOf$default$1
instanceKlass coil3/ImageLoader
instanceKlass okhttp3/OkHttpClient
instanceKlass okhttp3/WebSocket$Factory
instanceKlass okhttp3/Call$Factory
instanceKlass top/mcxiafeng/badger/NetworkModule$TokenHolder
instanceKlass top/mcxiafeng/badger/network/ServerApi
instanceKlass top/mcxiafeng/badger/data/repository/ServerApiFactory
instanceKlass top/mcxiafeng/badger/data/repository/UserProfileTicker
instanceKlass top/mcxiafeng/badger/data/repository/SyncStatusRepositoryImpl
instanceKlass top/mcxiafeng/badger/data/repository/SyncStatusRepository
instanceKlass top/mcxiafeng/badger/di/KoinModulesKt$repositoryModule$lambda$0$$inlined$singleOf$7
instanceKlass top/mcxiafeng/badger/data/repository/OperationHistoryRepositoryImpl
instanceKlass top/mcxiafeng/badger/data/repository/OperationHistoryRepository
instanceKlass top/mcxiafeng/badger/di/KoinModulesKt$repositoryModule$lambda$0$$inlined$singleOf$6
instanceKlass top/mcxiafeng/badger/data/repository/TagRepositoryImpl
instanceKlass top/mcxiafeng/badger/data/repository/TagRepository
instanceKlass top/mcxiafeng/badger/di/KoinModulesKt$repositoryModule$lambda$0$$inlined$singleOf$5
instanceKlass top/mcxiafeng/badger/data/repository/UserProfileRepositoryImpl
instanceKlass top/mcxiafeng/badger/data/repository/UserProfileRepository
instanceKlass top/mcxiafeng/badger/di/KoinModulesKt$repositoryModule$lambda$0$$inlined$singleOf$4
instanceKlass top/mcxiafeng/badger/data/repository/CollectionRepositoryImpl
instanceKlass top/mcxiafeng/badger/data/repository/CollectionRepository
instanceKlass top/mcxiafeng/badger/di/KoinModulesKt$repositoryModule$lambda$0$$inlined$singleOf$3
instanceKlass top/mcxiafeng/badger/data/repository/FieldRepositoryImpl
instanceKlass top/mcxiafeng/badger/data/repository/FieldRepository
instanceKlass top/mcxiafeng/badger/di/KoinModulesKt$repositoryModule$lambda$0$$inlined$singleOf$2
instanceKlass org/koin/core/module/dsl/OptionDSLKt
instanceKlass top/mcxiafeng/badger/data/repository/ContactRepositoryImpl
instanceKlass top/mcxiafeng/badger/data/repository/ContactRepository
instanceKlass top/mcxiafeng/badger/di/KoinModulesKt$repositoryModule$lambda$0$$inlined$singleOf$1
instanceKlass top/mcxiafeng/badger/data/queue/PendingUploadDao
instanceKlass top/mcxiafeng/badger/data/cache/dao/SyncCursorDao
instanceKlass top/mcxiafeng/badger/data/cache/dao/ContactTagCacheDao
instanceKlass top/mcxiafeng/badger/data/cache/dao/UserProfileCacheDao
instanceKlass top/mcxiafeng/badger/data/cache/dao/CardCollectionCacheDao
instanceKlass top/mcxiafeng/badger/data/cache/dao/TagCacheDao
instanceKlass top/mcxiafeng/badger/data/cache/dao/ContactPlatformCacheDao
instanceKlass top/mcxiafeng/badger/data/cache/dao/ContactFieldValueCacheDao
instanceKlass top/mcxiafeng/badger/data/cache/dao/ContactFieldCacheDao
instanceKlass top/mcxiafeng/badger/data/cache/dao/ContactCacheDao
instanceKlass top/mcxiafeng/badger/data/ContactPlatformDao
instanceKlass top/mcxiafeng/badger/data/ScanResultDao
instanceKlass top/mcxiafeng/badger/data/CustomFieldDao
instanceKlass top/mcxiafeng/badger/data/ContactFieldValueDao
instanceKlass top/mcxiafeng/badger/data/ContactFieldDao
instanceKlass top/mcxiafeng/badger/di/KoinModulesKt
instanceKlass kotlin/collections/ReversedListReadOnly$listIterator$1
instanceKlass kotlin/collections/ArrayDeque$Companion
instanceKlass kotlin/jvm/internal/markers/KMutableList
instanceKlass kotlin/jvm/internal/markers/KMutableCollection
instanceKlass kotlin/jvm/internal/markers/KMutableIterable
instanceKlass org/koin/core/module/ModuleKt
instanceKlass kotlin/jvm/internal/CollectionToArray
instanceKlass org/koin/dsl/DefinitionBindingKt
instanceKlass org/koin/core/definition/KoinDefinition
instanceKlass kotlin/jvm/JvmClassMappingKt
instanceKlass org/koin/ext/KClassExtKt
instanceKlass org/koin/core/instance/InstanceFactory$Companion
instanceKlass org/koin/core/instance/InstanceFactory
instanceKlass org/koin/core/definition/Callbacks
instanceKlass kotlin/UNINITIALIZED_VALUE
instanceKlass kotlin/SafePublicationLazyImpl$Companion
instanceKlass kotlin/SafePublicationLazyImpl
instanceKlass kotlin/Lazy
instanceKlass kotlin/LazyKt__LazyJVMKt$WhenMappings
instanceKlass kotlin/LazyKt__LazyJVMKt
instanceKlass kotlin/reflect/jvm/internal/KClassImpl$$Lambda$0
instanceKlass kotlin/text/Regex$Companion
instanceKlass kotlin/text/Regex
instanceKlass kotlin/jvm/internal/DefaultConstructorMarker
instanceKlass kotlin/reflect/jvm/internal/KDeclarationContainerImpl$Companion
instanceKlass kotlin/reflect/jvm/internal/KTypeParameterOwnerImpl
instanceKlass kotlin/reflect/jvm/internal/KClassifierImpl
instanceKlass kotlin/reflect/jvm/internal/CachesKt$$Lambda$4
instanceKlass kotlin/reflect/jvm/internal/CachesKt$$Lambda$3
instanceKlass kotlin/reflect/jvm/internal/CachesKt$$Lambda$2
instanceKlass kotlin/reflect/jvm/internal/CachesKt$$Lambda$1
instanceKlass kotlin/reflect/jvm/internal/CacheByClass
instanceKlass kotlin/Result$Failure
instanceKlass kotlin/Result$Companion
instanceKlass kotlin/Result
instanceKlass kotlin/reflect/jvm/internal/CacheByClassKt
instanceKlass kotlin/reflect/jvm/internal/CachesKt$$Lambda$0
instanceKlass kotlin/reflect/jvm/internal/CachesKt
instanceKlass kotlin/reflect/jvm/internal/KDeclarationContainerImpl
instanceKlass kotlin/jvm/internal/ClassBasedDeclarationContainer
instanceKlass kotlin/jvm/internal/CallableReference
instanceKlass kotlin/jvm/internal/KotlinGenericDeclaration
instanceKlass kotlin/jvm/internal/FunctionBase
instanceKlass kotlin/reflect/KType
instanceKlass kotlin/reflect/KTypeParameter
instanceKlass kotlin/reflect/KMutableProperty1
instanceKlass kotlin/reflect/KProperty1
instanceKlass kotlin/reflect/KMutableProperty0
instanceKlass kotlin/reflect/KProperty0
instanceKlass kotlin/jvm/functions/Function0
instanceKlass kotlin/reflect/KMutableProperty2
instanceKlass kotlin/reflect/KMutableProperty
instanceKlass kotlin/reflect/KProperty2
instanceKlass kotlin/reflect/KProperty
instanceKlass kotlin/reflect/KClass
instanceKlass kotlin/reflect/KDeclarationContainer
instanceKlass kotlin/reflect/KFunction
instanceKlass kotlin/reflect/KCallable
instanceKlass kotlin/reflect/KAnnotatedElement
instanceKlass kotlin/jvm/internal/ReflectionFactory
instanceKlass kotlin/reflect/KClassifier
instanceKlass kotlin/jvm/internal/Reflection
instanceKlass org/koin/core/definition/BeanDefinition
instanceKlass kotlin/collections/EmptyList
instanceKlass kotlin/text/Charsets
instanceKlass kotlin/text/HexExtensionsKt
instanceKlass kotlin/uuid/SecureRandomHolder
instanceKlass kotlin/uuid/UuidKt__UuidJVMKt
instanceKlass kotlin/uuid/Uuid$Companion
instanceKlass kotlin/uuid/Uuid
instanceKlass org/koin/mp/KoinPlatformToolsKt
instanceKlass org/koin/dsl/ModuleDSLKt
instanceKlass org/koin/android/ext/koin/KoinExtKt
instanceKlass org/koin/core/logger/Logger
instanceKlass org/koin/core/extension/ExtensionManager
instanceKlass org/koin/core/registry/PropertyRegistry
instanceKlass org/koin/core/registry/InstanceRegistry
instanceKlass org/koin/core/qualifier/StringQualifier
instanceKlass org/koin/core/qualifier/Qualifier
instanceKlass org/koin/core/qualifier/QualifierKt
instanceKlass org/koin/core/registry/ScopeRegistry$Companion
instanceKlass org/koin/core/registry/ScopeRegistry
instanceKlass org/koin/core/Koin
instanceKlass org/koin/core/KoinApplication$Companion
instanceKlass org/koin/mp/KoinPlatformTools
instanceKlass org/koin/core/context/DefaultContextExtKt
instanceKlass org/koin/core/context/GlobalContext
instanceKlass org/koin/core/context/KoinContext
instanceKlass kotlinx/coroutines/flow/internal/NullSurrogateKt
instanceKlass android/system/StructTimespec
instanceKlass org/robolectric/shadows/ShadowOsConstants
instanceKlass com/android/internal/util/ExponentiallyBucketedHistogram
instanceKlass android/app/SharedPreferencesImpl$MemoryCommitResult
instanceKlass android/content/SharedPreferences$OnSharedPreferenceChangeListener
instanceKlass android/content/SharedPreferences$Editor
instanceKlass android/app/SharedPreferencesImpl
instanceKlass dalvik/system/BlockGuard$2
instanceKlass dalvik/system/BlockGuard$1
instanceKlass dalvik/system/BlockGuard$VmPolicy
instanceKlass dalvik/system/BlockGuard$Policy
instanceKlass dalvik/system/BlockGuard
instanceKlass org/robolectric/shadows/ShadowBlockGuardOs
instanceKlass libcore/io/ForwardingOs
instanceKlass android/system/StructStat
instanceKlass org/robolectric/shadows/ShadowLinux
instanceKlass libcore/io/Linux
instanceKlass libcore/io/Os
instanceKlass libcore/io/Libcore
instanceKlass org/robolectric/shadows/ShadowOs
instanceKlass android/system/Os
instanceKlass kotlinx/coroutines/flow/ReadonlyStateFlow
instanceKlass kotlinx/coroutines/flow/FlowKt__ShareKt
instanceKlass kotlinx/coroutines/flow/FlowKt
instanceKlass kotlin/coroutines/Continuation
instanceKlass kotlinx/coroutines/flow/internal/AbstractSharedFlow
instanceKlass kotlinx/coroutines/flow/internal/FusibleFlow
instanceKlass kotlinx/coroutines/flow/CancellableFlow
instanceKlass kotlinx/coroutines/flow/MutableStateFlow
instanceKlass kotlinx/coroutines/flow/MutableSharedFlow
instanceKlass kotlinx/coroutines/flow/FlowCollector
instanceKlass kotlinx/coroutines/flow/StateFlow
instanceKlass kotlinx/coroutines/flow/SharedFlow
instanceKlass kotlinx/coroutines/flow/Flow
instanceKlass kotlinx/coroutines/flow/StateFlowKt
instanceKlass top/mcxiafeng/badger/ui/navigation/NavBarConfig
instanceKlass android/compat/Compatibility$1
instanceKlass android/compat/Compatibility$ChangeConfig
instanceKlass org/robolectric/shadows/ShadowCompatibility
instanceKlass android/compat/Compatibility
instanceKlass org/robolectric/shadows/ShadowChangeReporter
instanceKlass com/android/internal/compat/ChangeReporter
instanceKlass android/app/AppCompatCallbacks
instanceKlass android/compat/Compatibility$BehaviorChangeDelegate
instanceKlass androidx/profileinstaller/ProfileInstaller$DiagnosticsCallback
instanceKlass androidx/work/WorkRequest
instanceKlass androidx/core/app/CoreComponentFactory$CompatWrapped
instanceKlass org/robolectric/shadows/ShadowBroadcastReceiver
instanceKlass androidx/work/Logger
instanceKlass android/provider/FontsContract$1
instanceKlass android/util/LruCache
instanceKlass android/provider/FontsContract$FontFamilyResult
instanceKlass android/provider/FontsContract$FontInfo
instanceKlass android/provider/FontsContract$FontRequestCallback
instanceKlass android/provider/FontRequest
instanceKlass org/robolectric/shadows/ShadowFontsContract
instanceKlass android/provider/FontsContract
instanceKlass android/content/pm/PackageStats$1
instanceKlass android/content/pm/overlay/OverlayPaths
instanceKlass android/content/pm/FallbackCategoryProvider
instanceKlass android/content/pm/pkg/FrameworkPackageUserStateDefault
instanceKlass android/content/pm/PermissionGroupInfo$1
instanceKlass com/google/common/collect/Platform
instanceKlass com/google/common/collect/Multiset
instanceKlass com/google/common/collect/AbstractMultimap
instanceKlass com/google/common/collect/SetMultimap
instanceKlass org/robolectric/shadows/ShadowPackageManager$IntentComparator
instanceKlass org/robolectric/shadows/SystemFeatureListInitializer
instanceKlass android/content/pm/KeySet$1
instanceKlass android/content/pm/SuspendDialogInfo$1
instanceKlass android/content/pm/SuspendDialogInfo$Builder
instanceKlass org/robolectric/shadows/ShadowSuspendDialogInfo
instanceKlass android/os/PersistableBundle$1
instanceKlass com/android/internal/util/XmlUtils$ReadMapCallback
instanceKlass android/content/pm/VersionedPackage$1
instanceKlass android/content/IntentSender$1
instanceKlass android/app/ActivityManager$PendingIntentInfo
instanceKlass android/content/IntentSender$OnFinished
instanceKlass android/content/IIntentSender
instanceKlass android/content/pm/IPackageInstaller
instanceKlass android/content/pm/IPackageDeleteObserver2
instanceKlass android/content/pm/dex/IArtManager
instanceKlass org/robolectric/shadows/ShadowActivityThread$1
instanceKlass android/content/res/AssetManager$Builder
instanceKlass android/app/ResourcesManager$ApkKey
instanceKlass android/app/ResourcesManager$ApkAssetsSupplier
instanceKlass android/content/res/ResourcesKey
instanceKlass android/content/pm/split/SplitDependencyLoader
instanceKlass org/robolectric/shadows/ShadowLoadedApk$_LoadedApk_$$Reflector12
instanceKlass org/robolectric/shadows/ShadowLoadedApk$_LoadedApk_
instanceKlass android/os/SharedMemory
instanceKlass org/robolectric/shadows/ShadowActivityThread$_AppBindData_$$Reflector11
instanceKlass org/robolectric/shadows/ShadowActivityThread$_AppBindData_
instanceKlass kotlin/coroutines/ContinuationInterceptor$DefaultImpls
instanceKlass kotlinx/coroutines/internal/ContextScope
instanceKlass kotlinx/coroutines/CoroutineScope
instanceKlass kotlinx/coroutines/CoroutineScopeKt
instanceKlass kotlin/coroutines/CombinedContext
instanceKlass kotlinx/coroutines/Job$Key
instanceKlass kotlin/jvm/functions/Function2
instanceKlass kotlin/coroutines/EmptyCoroutineContext
instanceKlass kotlin/coroutines/CoroutineContext$DefaultImpls
instanceKlass kotlin/coroutines/CoroutineContext$Element$DefaultImpls
instanceKlass kotlinx/coroutines/Job$DefaultImpls
instanceKlass kotlinx/coroutines/DefaultExecutorKt
instanceKlass kotlinx/coroutines/Delay
instanceKlass kotlinx/coroutines/internal/LimitedDispatcherKt
instanceKlass java/util/concurrent/atomic/AtomicReferenceArray
instanceKlass kotlinx/coroutines/internal/LockFreeTaskQueueCore$Companion
instanceKlass kotlinx/coroutines/internal/LockFreeTaskQueueCore
instanceKlass java/util/concurrent/atomic/AtomicIntegerFieldUpdater$AtomicIntegerFieldUpdaterImpl$1
instanceKlass java/util/concurrent/atomic/AtomicIntegerFieldUpdater
instanceKlass kotlinx/coroutines/internal/ResizableAtomicArray
instanceKlass kotlinx/coroutines/internal/LockFreeTaskQueue
instanceKlass java/util/concurrent/atomic/AtomicLongFieldUpdater$CASUpdater$1
instanceKlass java/util/concurrent/atomic/AtomicLongFieldUpdater
instanceKlass kotlinx/coroutines/scheduling/CoroutineScheduler$Companion
instanceKlass kotlinx/coroutines/scheduling/CoroutineScheduler
instanceKlass kotlinx/coroutines/scheduling/SchedulerTimeSource
instanceKlass kotlinx/coroutines/scheduling/TasksKt
instanceKlass kotlin/jvm/functions/Function1
instanceKlass kotlin/Function
instanceKlass kotlin/coroutines/ContinuationInterceptor$Key
instanceKlass kotlin/coroutines/AbstractCoroutineContextKey
instanceKlass kotlin/coroutines/CoroutineContext$Key
instanceKlass kotlin/coroutines/ContinuationInterceptor
instanceKlass kotlinx/coroutines/Dispatchers
instanceKlass kotlinx/coroutines/internal/LockFreeLinkedListNode
instanceKlass kotlinx/coroutines/NonDisposableHandle
instanceKlass kotlinx/coroutines/ChildHandle
instanceKlass kotlinx/coroutines/DisposableHandle
instanceKlass kotlinx/coroutines/internal/SystemPropsKt__SystemProps_commonKt
instanceKlass kotlinx/coroutines/internal/SystemPropsKt__SystemPropsKt
instanceKlass kotlinx/coroutines/internal/SystemPropsKt
instanceKlass kotlin/coroutines/AbstractCoroutineContextElement
instanceKlass kotlinx/coroutines/ThreadContextElement
instanceKlass kotlinx/coroutines/DebugKt
instanceKlass kotlinx/coroutines/Empty
instanceKlass kotlinx/coroutines/Incomplete
instanceKlass kotlinx/coroutines/internal/Symbol
instanceKlass kotlinx/coroutines/JobSupportKt
instanceKlass java/util/concurrent/atomic/AtomicReferenceFieldUpdater$AtomicReferenceFieldUpdaterImpl$1
instanceKlass java/util/concurrent/atomic/AtomicReferenceFieldUpdater
instanceKlass kotlinx/coroutines/JobSupport
instanceKlass kotlinx/coroutines/ParentJob
instanceKlass kotlinx/coroutines/ChildJob
instanceKlass kotlinx/coroutines/CompletableJob
instanceKlass kotlinx/coroutines/Job
instanceKlass kotlin/coroutines/CoroutineContext$Element
instanceKlass kotlin/coroutines/CoroutineContext
instanceKlass kotlinx/coroutines/SupervisorKt
instanceKlass android/app/ApplicationPackageManager$ResourceName
instanceKlass android/content/pm/IDexModuleRegisterCallback
instanceKlass android/content/pm/IOnChecksumsReadyListener
instanceKlass android/os/PerformanceCollector
instanceKlass top/mcxiafeng/badger/BadgerApplication$Companion
instanceKlass coil3/SingletonImageLoader$Factory
instanceKlass org/robolectric/shadows/ClassNameResolver
instanceKlass android/os/storage/StorageManager$StorageVolumeCallback
instanceKlass android/os/ProxyFileDescriptorCallback
instanceKlass android/os/storage/DiskInfo
instanceKlass android/os/storage/VolumeRecord
instanceKlass android/content/pm/IPackageMoveObserver
instanceKlass android/content/res/ObbInfo
instanceKlass android/os/storage/OnObbStateChangeListener
instanceKlass android/os/storage/StorageEventListener
instanceKlass android/os/storage/StorageVolume
instanceKlass org/robolectric/shadows/ShadowStorageManager
instanceKlass android/os/IVoldTaskListener
instanceKlass android/os/storage/IStorageEventListener
instanceKlass android/os/storage/IObbActionListener
instanceKlass android/permission/IOnPermissionsChangeListener
instanceKlass org/robolectric/shadows/ShadowActivityThread$2
instanceKlass android/content/pm/ServiceInfo$1
instanceKlass android/content/pm/PackageParser$Service$1
instanceKlass android/content/IntentFilter$1
instanceKlass android/content/IntentFilter$AuthorityEntry
instanceKlass android/os/PatternMatcher
instanceKlass android/sysprop/CryptoProperties
instanceKlass android/sysprop/HdmiProperties
instanceKlass com/android/internal/os/RoSystemProperties
instanceKlass android/app/ActivityManager$TaskDescription
instanceKlass android/os/WorkSource
instanceKlass android/app/ActivityManager$OnUidImportanceListener
instanceKlass android/app/HomeVisibilityListener
instanceKlass android/app/PendingIntent
instanceKlass android/app/ActivityManager$RunningAppProcessInfo
instanceKlass android/content/pm/ConfigurationInfo
instanceKlass android/app/ActivityManager$MemoryInfo
instanceKlass android/app/IActivityManager
instanceKlass org/robolectric/shadows/ShadowActivityManager
instanceKlass android/app/IUidObserver
instanceKlass android/app/IProcessObserver
instanceKlass android/view/RemoteAnimationDefinition
instanceKlass android/app/IActivityTaskManager
instanceKlass org/robolectric/shadows/ShadowActivityTaskManager
instanceKlass android/app/ITaskStackListener
instanceKlass android/util/Singleton
instanceKlass android/content/pm/PackageParser$Activity$1
instanceKlass android/content/pm/ProviderInfo$1
instanceKlass android/content/pm/PackageParser$Provider$1
instanceKlass com/android/internal/util/GrowingArrayUtils
instanceKlass org/robolectric/res/android/StringPoolRef
instanceKlass org/robolectric/res/android/CppAssetManager2$FindEntryResult
instanceKlass org/robolectric/res/android/ResourceTypes$ResTable_ref
instanceKlass org/robolectric/res/android/ResourceUtils
instanceKlass android/app/PropertyInvalidatedCache$AutoCorker
instanceKlass android/app/PropertyInvalidatedCache$QueryHandler
instanceKlass android/content/pm/SuspendDialogInfo
instanceKlass android/content/pm/PackageManager$OnChecksumsReadyListener
instanceKlass android/content/pm/VerifierDeviceIdentity
instanceKlass android/content/pm/PackageInstaller
instanceKlass android/content/pm/InstallSourceInfo
instanceKlass android/content/pm/PackageManager$MoveCallback
instanceKlass android/content/pm/PackageManager$OnPermissionsChangedListener
instanceKlass android/content/pm/ModuleInfo
instanceKlass android/content/pm/dex/ArtManager
instanceKlass android/content/pm/ChangedPackages
instanceKlass android/os/storage/VolumeInfo
instanceKlass android/content/pm/KeySet
instanceKlass android/content/pm/PackageManager$DexModuleRegisterCallback
instanceKlass android/content/pm/IPackageStatsObserver
instanceKlass android/content/pm/PackageManager$Flags
instanceKlass android/content/pm/VersionedPackage
instanceKlass android/content/pm/PackageManager$Property
instanceKlass android/content/pm/SigningInfo
instanceKlass org/robolectric/shadows/ShadowPackageManager$PackageSetting
instanceKlass android/content/pm/PackageStats
instanceKlass android/content/pm/IPackageDeleteObserver
instanceKlass android/content/pm/IPackageDataObserver
instanceKlass android/content/pm/ResolveInfo
instanceKlass com/google/common/collect/Multimap
instanceKlass org/robolectric/shadows/ShadowPackageManager
instanceKlass android/content/pm/PermissionInfo$1
instanceKlass android/content/pm/PackageParser$Permission$1
instanceKlass android/content/pm/PackageParser$ParsePackageItemArgs
instanceKlass org/robolectric/shadows/ShadowLog$LogItem
instanceKlass android/util/Slog
instanceKlass android/content/pm/FeatureInfo$1
instanceKlass com/android/internal/util/XmlUtils
instanceKlass android/content/pm/ActivityInfo$1
instanceKlass android/content/pm/ConstrainDisplayApisConfig
instanceKlass android/content/pm/PackageInfo$1
instanceKlass org/robolectric/res/android/DynamicRefTable$1
instanceKlass org/robolectric/res/android/ResTable$bag_entry
instanceKlass org/robolectric/res/android/ResTable$bag_set
instanceKlass org/robolectric/res/android/AttributeResolution10
instanceKlass com/android/internal/R
instanceKlass com/android/internal/R$styleable
instanceKlass android/content/pm/PackageParser$Package$1
instanceKlass android/content/pm/PackageParser$DefaultSplitAssetLoader
instanceKlass org/robolectric/shadows/ShadowIoUtils
instanceKlass libcore/io/IoUtils
instanceKlass android/os/FileUtils$ProgressListener
instanceKlass org/robolectric/shadows/ShadowFileUtils
instanceKlass android/os/FileUtils
instanceKlass org/robolectric/res/android/ResourceTypes$ResXMLTree_attribute
instanceKlass org/robolectric/res/android/String8
instanceKlass org/robolectric/res/android/ResourceString
instanceKlass android/content/pm/PackageParser$SigningDetails$1
instanceKlass org/robolectric/shadows/ShadowXmlBlock$ShadowParser
instanceKlass org/robolectric/shadows/ShadowBaseXmlBlock
instanceKlass org/robolectric/res/android/ResXMLTree$XmlBuffer
instanceKlass org/robolectric/shadows/ShadowPackageParser$QHelper$1
instanceKlass org/robolectric/shadows/ShadowPackageParser$QHelper
instanceKlass android/content/pm/PackageParser$SplitNameComparator
instanceKlass android/content/pm/PackageParser$NewPermissionInfo
instanceKlass android/content/pm/Signature
instanceKlass android/content/pm/PackageParser$PackageLite
instanceKlass android/content/pm/FeatureInfo
instanceKlass android/content/pm/VerifierInfo
instanceKlass android/apex/ApexInfo
instanceKlass android/content/pm/PackageInfo
instanceKlass android/content/pm/PackageParser$Callback
instanceKlass android/content/pm/PackageParser$SigningDetails
instanceKlass android/content/pm/PackageParser$ApkLite
instanceKlass android/content/pm/PackageParser$CachedComponentArgs
instanceKlass android/content/pm/pkg/FrameworkPackageUserState
instanceKlass android/content/pm/parsing/result/ParseInput
instanceKlass android/content/pm/PackageParser$Component
instanceKlass android/content/pm/PackageParser$SplitAssetLoader
instanceKlass android/content/pm/PackageParser
instanceKlass org/robolectric/shadows/ShadowPackageParser
instanceKlass android/content/pm/PackageParser$Package
instanceKlass android/app/Application$OnProvideAssistDataListener
instanceKlass android/app/Application$ActivityLifecycleCallbacks
instanceKlass org/robolectric/shadows/ShadowResources$ResourcesReflector$$Reflector10
instanceKlass org/robolectric/shadows/ShadowResources$ResourcesReflector
instanceKlass java/util/DualPivotQuicksort
instanceKlass android/view/DisplayInfo$1
instanceKlass org/robolectric/shadows/ShadowDisplayManager
instanceKlass org/robolectric/shadows/ShadowDisplayManagerGlobal$DisplayManagerGlobalReflector$$Reflector9
instanceKlass org/robolectric/shadows/ShadowDisplayManagerGlobal$DisplayManagerGlobalReflector
instanceKlass android/view/Surface$1
instanceKlass android/graphics/ColorSpace
instanceKlass android/hardware/HardwareBuffer
instanceKlass android/graphics/BLASTBufferQueue
instanceKlass android/graphics/SurfaceTexture
instanceKlass org/robolectric/shadows/ShadowNativeSurface
instanceKlass org/robolectric/shadows/ShadowSurface
instanceKlass android/graphics/BaseCanvas
instanceKlass android/hardware/display/VirtualDisplayConfig$1
instanceKlass android/view/Display$Mode$1
instanceKlass android/hardware/display/BrightnessConfiguration$1
instanceKlass android/util/TypedXmlPullParser
instanceKlass android/hardware/display/BrightnessCorrection
instanceKlass android/util/TypedXmlSerializer
instanceKlass android/view/Surface
instanceKlass android/hardware/display/Curve
instanceKlass android/media/projection/IMediaProjection
instanceKlass android/hardware/display/VirtualDisplayConfig
instanceKlass android/view/Display$Mode
instanceKlass android/hardware/display/BrightnessInfo
instanceKlass android/hardware/graphics/common/DisplayDecorationSupport
instanceKlass android/content/pm/BaseParceledListSlice
instanceKlass android/hardware/display/BrightnessConfiguration
instanceKlass org/robolectric/shadows/ShadowDisplayManagerGlobal$DisplayManagerProxyDelegate
instanceKlass android/graphics/Point
instanceKlass android/hardware/display/WifiDisplayStatus
instanceKlass android/view/DisplayInfo
instanceKlass android/hardware/display/IDisplayManager
instanceKlass android/hardware/display/IDisplayManagerCallback
instanceKlass android/hardware/display/IVirtualDisplayCallback
instanceKlass android/app/PropertyInvalidatedCache
instanceKlass android/hardware/display/DisplayManagerGlobal
instanceKlass android/content/Intent$1
instanceKlass android/content/ClipData$Item
instanceKlass android/content/Intent$CommandOptionHandler
instanceKlass com/android/modules/utils/BasicShellCommandHandler
instanceKlass android/content/ClipData
instanceKlass org/xmlpull/v1/XmlSerializer
instanceKlass org/robolectric/shadows/ShadowIntent
instanceKlass android/system/Int64Ref
instanceKlass android/content/SyncStatusObserver
instanceKlass android/content/SyncInfo
instanceKlass android/content/SyncStatusInfo
instanceKlass android/content/IContentService
instanceKlass android/content/SyncRequest
instanceKlass android/content/ContentResolver$OpenResourceIdResult
instanceKlass android/content/ContentResolver$MimeTypeInfo
instanceKlass org/robolectric/fakes/BaseCursor
instanceKlass android/content/SyncAdapterType
instanceKlass android/database/ContentObserver
instanceKlass android/content/ContentProviderClient
instanceKlass android/content/ContentProviderResult
instanceKlass android/content/ContentValues
instanceKlass org/robolectric/shadows/ShadowContentResolver$Status
instanceKlass android/accounts/Account
instanceKlass org/robolectric/util/NamedStream
instanceKlass org/robolectric/shadows/ShadowContentResolver
instanceKlass android/content/ISyncStatusObserver
instanceKlass android/database/Cursor
instanceKlass android/os/RemoteCallback$OnResultListener
instanceKlass android/content/AttributionSourceState$1
instanceKlass android/content/AttributionSource$1
instanceKlass android/content/AttributionSource$ScopedParcelState
instanceKlass android/content/AttributionSourceState
instanceKlass android/ondevicepersonalization/OnDevicePersonalizationManager
instanceKlass android/ondevicepersonalization/OnDevicePersonalizationFrameworkInitializer
instanceKlass android/nearby/NearbyManager
instanceKlass android/nearby/NearbyFrameworkInitializer
instanceKlass android/net/connectivity/android/net/nsd/MDnsManager
instanceKlass android/net/EthernetManager
instanceKlass android/app/usage/NetworkStatsManager
instanceKlass android/net/IpSecManager
instanceKlass android/net/nsd/NsdManager
instanceKlass android/net/ConnectivityFrameworkInitializerTiramisu
instanceKlass android/safetycenter/SafetyCenterManager
instanceKlass android/safetycenter/SafetyCenterFrameworkInitializer
instanceKlass android/uwb/UwbManager
instanceKlass android/uwb/UwbFrameworkInitializer
instanceKlass android/adservices/common/AdServicesCommonManager
instanceKlass android/adservices/appsetid/AppSetIdManager
instanceKlass android/adservices/adid/AdIdManager
instanceKlass android/adservices/measurement/MeasurementManager
instanceKlass android/adservices/adselection/ReportImpressionCallback
instanceKlass android/adservices/adselection/AdSelectionCallback
instanceKlass android/adservices/adselection/AdSelectionManager
instanceKlass android/adservices/customaudience/ICustomAudienceCallback
instanceKlass android/adservices/customaudience/CustomAudienceManager
instanceKlass android/app/sdksandbox/SdkSandboxSystemServiceRegistry$ServiceMutator
instanceKlass android/app/sdksandbox/SdkSandboxSystemServiceRegistry
instanceKlass android/adservices/topics/TopicsManager
instanceKlass android/util/Log$1
instanceKlass android/util/Log$TerribleFailureHandler
instanceKlass android/util/Log
instanceKlass com/android/adservices/LogUtil
instanceKlass android/adservices/AdServicesFrameworkInitializer
instanceKlass android/app/sdksandbox/SdkSandboxManager
instanceKlass android/app/sdksandbox/SdkSandboxManagerFrameworkInitializer
instanceKlass android/scheduling/RebootReadinessManager
instanceKlass android/scheduling/SchedulingFrameworkInitializer
instanceKlass android/app/role/RoleManager
instanceKlass android/app/role/RoleFrameworkInitializer
instanceKlass android/media/MediaCommunicationManager
instanceKlass android/media/internal/utils/build/SdkLevel
instanceKlass android/media/MediaTranscodingManager
instanceKlass android/media/MediaFrameworkInitializer
instanceKlass android/media/session/MediaSessionManager
instanceKlass android/media/MediaFrameworkPlatformInitializer
instanceKlass android/content/rollback/RollbackManager
instanceKlass android/content/rollback/RollbackManagerFrameworkInitializer
instanceKlass android/app/StatsManager
instanceKlass android/os/StatsFrameworkInitializer
instanceKlass android/net/wifi/RttManager
instanceKlass android/net/wifi/rtt/WifiRttManager
instanceKlass android/net/wifi/WifiScanner
instanceKlass android/net/wifi/aware/WifiAwareManager
instanceKlass android/net/wifi/p2p/WifiP2pManager
instanceKlass android/net/wifi/WifiManager
instanceKlass android/net/wifi/WifiFrameworkInitializer
instanceKlass android/app/appsearch/AppSearchManager
instanceKlass android/app/appsearch/AppSearchManagerFrameworkInitializer
instanceKlass android/telephony/SmsManager
instanceKlass android/telephony/ims/ImsManager
instanceKlass android/telephony/euicc/EuiccCardManager
instanceKlass android/telephony/euicc/EuiccManager
instanceKlass android/telephony/CarrierConfigManager
instanceKlass android/telephony/SubscriptionManager
instanceKlass android/telephony/TelephonyManager
instanceKlass android/os/TelephonyServiceManager
instanceKlass org/robolectric/shadows/ShadowTelephonyFrameworkInitializer
instanceKlass android/telephony/TelephonyFrameworkInitializer
instanceKlass android/bluetooth/BluetoothManager
instanceKlass android/os/BluetoothServiceManager
instanceKlass org/robolectric/shadows/ShadowBluetoothFrameworkInitializer
instanceKlass android/bluetooth/BluetoothFrameworkInitializer
instanceKlass android/app/blob/BlobStoreManager
instanceKlass android/app/blob/BlobStoreManagerFrameworkInitializer
instanceKlass android/app/tare/EconomyManager
instanceKlass android/os/PowerExemptionManager
instanceKlass android/os/PowerWhitelistManager
instanceKlass android/os/DeviceIdleManager
instanceKlass android/app/job/JobScheduler
instanceKlass android/app/job/JobSchedulerFrameworkInitializer
instanceKlass android/net/connectivity/android/net/DnsResolverServiceManager
instanceKlass android/net/TestNetworkManager
instanceKlass android/net/ConnectivityDiagnosticsManager
instanceKlass android/net/ConnectivityManager
instanceKlass android/net/ConnectivityFrameworkInitializer
instanceKlass android/app/ambientcontext/AmbientContextManager
instanceKlass android/view/displayhash/DisplayHashManager
instanceKlass android/content/pm/verify/domain/DomainVerificationManager
instanceKlass android/app/GameManager
instanceKlass android/media/metrics/MediaMetricsManager
instanceKlass android/hardware/devicestate/DeviceStateManager
instanceKlass android/app/DreamManager
instanceKlass android/apphibernation/AppHibernationManager
instanceKlass android/content/integrity/AppIntegrityManager
instanceKlass android/security/attestationverification/AttestationVerificationManager
instanceKlass android/security/FileIntegrityManager
instanceKlass android/os/incremental/IncrementalManager
instanceKlass android/app/LocaleManager
instanceKlass android/hardware/lights/LightsManager
instanceKlass android/content/pm/DataLoaderManager
instanceKlass android/os/BatteryStatsManager
instanceKlass android/os/image/DynamicSystemManager
instanceKlass android/permission/PermissionCheckerManager
instanceKlass android/permission/PermissionControllerManager
instanceKlass android/permission/LegacyPermissionManager
instanceKlass android/permission/PermissionManager
instanceKlass android/app/time/TimeManager
instanceKlass android/app/timezonedetector/TimeZoneDetector
instanceKlass android/app/timedetector/TimeDetector
instanceKlass android/app/slice/SliceManager
instanceKlass android/content/pm/CrossProfileApps
instanceKlass android/app/timezone/RulesManager
instanceKlass android/app/VrManager
instanceKlass android/app/wallpapereffectsgeneration/WallpaperEffectsGenerationManager
instanceKlass android/app/contentsuggestions/ContentSuggestionsManager
instanceKlass android/app/prediction/AppPredictionManager
instanceKlass android/app/cloudsearch/CloudSearchManager
instanceKlass android/app/smartspace/SmartspaceManager
instanceKlass android/app/search/SearchUiManager
instanceKlass android/view/translation/UiTranslationManager
instanceKlass android/view/translation/TranslationManager
instanceKlass android/view/contentcapture/ContentCaptureManager
instanceKlass android/media/musicrecognition/MusicRecognitionManager
instanceKlass android/view/autofill/AutofillManager
instanceKlass android/os/BugreportManager
instanceKlass android/os/IncidentManager
instanceKlass android/hardware/location/ContextHubManager
instanceKlass android/os/health/SystemHealthManager
instanceKlass android/net/NetworkWatchlistManager
instanceKlass android/content/om/OverlayManager
instanceKlass android/content/pm/ShortcutManager
instanceKlass android/media/soundtrigger/SoundTriggerManager
instanceKlass android/os/HardwarePropertiesManager
instanceKlass android/hardware/radio/RadioManager
instanceKlass android/media/midi/MidiManager
instanceKlass android/media/projection/MediaProjectionManager
instanceKlass android/service/oemlock/OemLockManager
instanceKlass android/service/persistentdata/PersistentDataBlockManager
instanceKlass android/app/usage/UsageStatsManager
instanceKlass android/net/NetworkScoreManager
instanceKlass android/media/tv/tunerresourcemanager/TunerResourceManager
instanceKlass android/media/tv/TvInputManager
instanceKlass android/media/tv/interactive/TvInteractiveAppManager
instanceKlass android/hardware/biometrics/BiometricManager
instanceKlass android/hardware/iris/IrisManager
instanceKlass android/hardware/face/FaceManager
instanceKlass android/hardware/biometrics/BiometricFaceConstants
instanceKlass android/hardware/fingerprint/FingerprintManager
instanceKlass android/hardware/biometrics/BiometricFingerprintConstants
instanceKlass android/hardware/biometrics/BiometricAuthenticator
instanceKlass android/app/trust/TrustManager
instanceKlass android/hardware/ConsumerIrManager
instanceKlass android/companion/virtual/VirtualDeviceManager
instanceKlass android/companion/CompanionDeviceManager
instanceKlass android/print/PrintManager
instanceKlass android/content/RestrictionsManager
instanceKlass android/content/pm/LauncherApps
instanceKlass android/hardware/camera2/CameraManager
instanceKlass android/app/AppOpsManager
instanceKlass android/os/UserManager
instanceKlass android/view/WindowManager
instanceKlass android/net/wifi/nl80211/WifiNl80211Manager
instanceKlass android/net/lowpan/LowpanManager
instanceKlass android/os/Vibrator
instanceKlass android/os/VibratorManager
instanceKlass android/hardware/SerialManager
instanceKlass android/debug/AdbManager
instanceKlass android/hardware/usb/UsbManager
instanceKlass android/app/UiModeManager
instanceKlass android/telephony/MmsManager
instanceKlass android/telecom/TelecomManager
instanceKlass android/telephony/TelephonyRegistryManager
instanceKlass android/os/SystemConfigManager
instanceKlass android/os/SystemUpdateManager
instanceKlass android/app/usage/StorageStatsManager
instanceKlass android/os/storage/StorageManager
instanceKlass android/app/StatusBarManager
instanceKlass android/hardware/SensorPrivacyManager
instanceKlass android/hardware/SensorManager
instanceKlass android/app/SearchManager
instanceKlass android/content/DialogInterface$OnCancelListener
instanceKlass android/content/DialogInterface$OnDismissListener
instanceKlass android/os/RecoverySystem
instanceKlass android/os/PerformanceHintManager
instanceKlass android/os/PowerManager
instanceKlass android/app/people/PeopleManager
instanceKlass android/app/NotificationManager
instanceKlass android/net/NetworkPolicyManager
instanceKlass android/location/LocationManager
instanceKlass android/view/LayoutInflater
instanceKlass android/app/KeyguardManager
instanceKlass android/view/textservice/TextServicesManager
instanceKlass android/app/SystemServiceRegistry$29
instanceKlass android/view/inputmethod/InputMethodManager
instanceKlass android/hardware/display/ColorDisplayManager
instanceKlass android/hardware/display/DisplayManager
instanceKlass android/hardware/input/InputManager
instanceKlass android/transparency/BinaryTransparencyManager
instanceKlass android/os/DropBoxManager
instanceKlass android/nfc/NfcManager
instanceKlass android/os/BatteryManager
instanceKlass android/app/DownloadManager
instanceKlass android/app/admin/DevicePolicyManager
instanceKlass android/location/CountryDetector
instanceKlass android/net/vcn/VcnManager
instanceKlass android/net/VpnManager
instanceKlass android/net/TetheringManager
instanceKlass android/net/PacProxyManager
instanceKlass android/text/ClipboardManager
instanceKlass android/graphics/fonts/FontManager
instanceKlass android/view/textclassifier/TextClassificationManager
instanceKlass android/app/SystemServiceRegistry$StaticServiceFetcher
instanceKlass android/hardware/hdmi/HdmiControlManager
instanceKlass android/media/MediaRouter
instanceKlass android/media/AudioManager
instanceKlass android/app/AlarmManager
instanceKlass android/app/UriGrantsManager
instanceKlass android/app/ActivityTaskManager
instanceKlass android/app/ActivityManager
instanceKlass android/accounts/AccountManager
instanceKlass android/view/accessibility/CaptioningManager
instanceKlass android/app/SystemServiceRegistry$CachedServiceFetcher
instanceKlass android/view/accessibility/AccessibilityManager
instanceKlass android/app/SystemServiceRegistry$ContextAwareServiceProducerWithoutBinder
instanceKlass android/app/SystemServiceRegistry$ContextAwareServiceProducerWithBinder
instanceKlass android/app/SystemServiceRegistry$StaticServiceProducerWithoutBinder
instanceKlass android/app/SystemServiceRegistry$StaticServiceProducerWithBinder
instanceKlass org/robolectric/shadows/ShadowSystemServiceRegistry
instanceKlass android/app/SystemServiceRegistry$ServiceFetcher
instanceKlass android/app/SystemServiceRegistry
instanceKlass android/content/ContextParams$Builder
instanceKlass org/robolectric/res/android/LocaleDataTables
instanceKlass org/robolectric/res/android/LocaleData
instanceKlass org/robolectric/res/android/ResTable_config$LocaleParserState
instanceKlass android/sysprop/DeviceProperties
instanceKlass android/sysprop/TelephonyProperties
instanceKlass android/sysprop/SocProperties
instanceKlass org/robolectric/shadows/ShadowBuild
instanceKlass android/os/Build
instanceKlass android/os/Build$VERSION
instanceKlass com/android/internal/util/function/LongObjPredicate
instanceKlass android/content/res/ResourcesImpl$ThemeImpl
instanceKlass android/icu/text/PluralRules
instanceKlass android/graphics/ImageDecoder$ImageInfo
instanceKlass android/graphics/ImageDecoder
instanceKlass android/content/res/ResourcesImpl$LookupStack
instanceKlass org/robolectric/shadows/ShadowResourcesImpl
instanceKlass android/graphics/ImageDecoder$Source
instanceKlass android/util/Pools
instanceKlass android/util/Pools$SimplePool
instanceKlass android/util/Pools$Pool
instanceKlass org/robolectric/res/android/LoadedArsc$LoadedPackage$TypeSpecFunc
instanceKlass org/robolectric/res/android/CppAssetManager2$FilteredConfigGroup
instanceKlass org/robolectric/util/PerfStatsCollector$ThrowingRunnable
instanceKlass org/robolectric/res/android/CppAssetManager2$ConfiguredPackage
instanceKlass org/robolectric/res/android/CppAssetManager2$PackageGroup
instanceKlass org/robolectric/res/android/DynamicRefTable
instanceKlass org/robolectric/res/android/ByteBucketArray
instanceKlass org/robolectric/res/android/ResTable
instanceKlass java/util/function/ToIntFunction
instanceKlass android/util/MapCollections$ValuesCollection
instanceKlass com/android/internal/content/om/OverlayConfigParser
instanceKlass libcore/util/HexEncoding
instanceKlass org/conscrypt/EvpMdRef$SHA1
instanceKlass android/content/pm/PackagePartitions$DeferredCanonicalFile
instanceKlass org/robolectric/shadows/ShadowEnvironment$ShadowUserEnvironment
instanceKlass android/os/Environment$UserEnvironment
instanceKlass android/os/UserHandle$1
instanceKlass org/robolectric/shadows/ShadowEnvironment
instanceKlass android/os/Environment
instanceKlass android/content/pm/PackagePartitions
instanceKlass com/android/internal/content/om/OverlayScanner
instanceKlass org/robolectric/shadows/ShadowTrace
instanceKlass android/os/Trace
instanceKlass org/robolectric/shadows/ShadowOverlayConfig$OverlayConfigReflector$$Reflector8
instanceKlass org/robolectric/shadows/ShadowOverlayConfig$OverlayConfigReflector
instanceKlass android/os/ZygoteProcess$ZygoteState
instanceKlass android/net/LocalSocketAddress
instanceKlass android/os/ZygoteProcess
instanceKlass android/os/Process$ProcessStartResult
instanceKlass org/robolectric/shadows/ShadowProcess
instanceKlass android/os/Process
instanceKlass com/android/internal/content/om/OverlayConfig$PackageProvider$Package
instanceKlass android/content/pm/PackagePartitions$SystemPartition
instanceKlass com/android/internal/content/om/OverlayConfig$Configuration
instanceKlass com/android/internal/content/om/OverlayConfig$PackageProvider
instanceKlass com/android/internal/content/om/OverlayConfigParser$ParsedConfiguration
instanceKlass org/robolectric/shadows/ShadowOverlayConfig
instanceKlass com/android/internal/content/om/OverlayConfig
instanceKlass org/robolectric/shadows/ShadowBaseStringBlock
instanceKlass android/text/style/UpdateLayout
instanceKlass android/text/style/UpdateAppearance
instanceKlass android/text/ParcelableSpan
instanceKlass android/text/style/CharacterStyle
instanceKlass android/content/res/StringBlock
instanceKlass org/robolectric/res/android/LoadedArsc$TypeSpec
instanceKlass com/google/common/primitives/UnsignedBytes
instanceKlass org/robolectric/res/android/LoadedArsc$TypeSpecPtrBuilder
instanceKlass org/robolectric/res/android/LoadedArsc$LoadedPackage
instanceKlass org/robolectric/res/android/ResourceTypes$ResStringPool_ref
instanceKlass org/robolectric/res/android/ResourceTypes
instanceKlass org/robolectric/res/android/Chunk
instanceKlass org/robolectric/res/android/Chunk$Iterator
instanceKlass org/robolectric/res/android/CppAssetManager2$Theme
instanceKlass org/robolectric/res/android/ResXMLParser
instanceKlass org/robolectric/res/android/ResXMLTree
instanceKlass org/robolectric/res/android/ResTableTheme
instanceKlass org/robolectric/res/android/Registries
instanceKlass org/robolectric/res/android/ResStringPool
instanceKlass org/robolectric/res/android/LoadedArsc
instanceKlass org/robolectric/res/android/ResourceTypes$WithOffset
instanceKlass org/robolectric/res/android/ZipFileRO$ZipEntryRO
instanceKlass com/google/common/primitives/ShortsMethodsForWeb
instanceKlass org/robolectric/res/android/FileMap
instanceKlass org/robolectric/res/android/ZipArchiveHandle
instanceKlass org/robolectric/res/android/ZipFileRO
instanceKlass org/robolectric/res/android/Ref
instanceKlass org/robolectric/res/android/CppApkAssets
instanceKlass org/robolectric/res/android/Util
instanceKlass org/robolectric/res/android/ApkAssetsCache$Key
instanceKlass org/robolectric/res/android/ApkAssetsCache
instanceKlass org/robolectric/annotation/ClassName
instanceKlass android/content/om/OverlayableInfo
instanceKlass android/content/res/loader/AssetsProvider
instanceKlass org/robolectric/shadows/ShadowArscApkAssets9$_ApkAssets_$$Reflector7
instanceKlass org/robolectric/shadows/ShadowArscApkAssets9$_ApkAssets_
instanceKlass org/robolectric/shadows/ShadowApkAssets
instanceKlass org/robolectric/shadows/ShadowAssetManager$_AssetManager_$$Reflector6
instanceKlass org/robolectric/shadows/ShadowAssetManager$_AssetManager_
instanceKlass com/google/common/collect/Hashing
instanceKlass com/google/common/collect/CollectPreconditions
instanceKlass com/google/common/primitives/IntsMethodsForWeb
instanceKlass com/google/common/math/IntMath
instanceKlass com/google/common/collect/ImmutableMap$Builder
instanceKlass com/google/common/collect/Maps$EntryTransformer
instanceKlass com/google/common/base/Converter
instanceKlass com/google/common/collect/BiMap
instanceKlass com/google/common/collect/ImmutableMap
instanceKlass com/google/common/collect/UnmodifiableIterator
instanceKlass com/google/common/collect/SortedMapDifference
instanceKlass com/google/common/collect/MapDifference
instanceKlass com/google/common/collect/Maps
instanceKlass com/google/common/collect/Lists
instanceKlass org/objectweb/asm/TypePath
instanceKlass com/google/common/collect/Ordering
instanceKlass android/content/res/XmlBlock
instanceKlass android/content/res/XmlBlock$Parser
instanceKlass org/robolectric/res/android/ResourceTypes$Res_value
instanceKlass android/content/res/ApkAssets
instanceKlass org/robolectric/res/android/CppAssetManager2
instanceKlass org/robolectric/res/android/Asset
instanceKlass org/robolectric/res/android/ApkAssetsCookie
instanceKlass org/robolectric/shadows/ShadowAssetManager
instanceKlass org/robolectric/shadows/ResourceModeShadowPicker
instanceKlass android/content/res/AssetFileDescriptor
instanceKlass android/util/LongSparseArray
instanceKlass android/graphics/drawable/DrawableInflater
instanceKlass android/content/res/ThemedResourceCache
instanceKlass android/graphics/Movie
instanceKlass android/graphics/Typeface
instanceKlass android/content/res/loader/ResourcesLoader
instanceKlass android/content/res/ResourcesImpl
instanceKlass org/robolectric/annotation/HiddenApi
instanceKlass android/util/TypedValue
instanceKlass org/robolectric/shadows/ShadowResources$OnConfigurationChangeListener
instanceKlass org/robolectric/shadows/ShadowResources
instanceKlass java/time/Clock
instanceKlass java/time/InstantSource
instanceKlass android/os/SystemClock
instanceKlass android/content/pm/ApplicationInfo$1
instanceKlass android/util/ContainerHelpers
instanceKlass com/android/internal/util/Parcelling$BuiltIn$ForStringSet
instanceKlass com/android/internal/util/Parcelling$BuiltIn
instanceKlass com/android/internal/util/Parcelling$Cache
instanceKlass com/android/internal/util/Parcelling$BuiltIn$ForBoolean
instanceKlass com/android/internal/util/Parcelling
instanceKlass android/content/res/XmlResourceParser
instanceKlass android/content/res/CompatibilityInfo$2
instanceKlass android/content/res/CompatibilityInfo$Translator
instanceKlass android/content/pm/SharedLibraryInfo
instanceKlass android/util/Pair
instanceKlass android/os/StrictMode$VmPolicy
instanceKlass android/content/IIntentReceiver
instanceKlass android/os/StrictMode$ThreadPolicy
instanceKlass org/robolectric/shadows/ShadowLoadedApk
instanceKlass dalvik/system/BaseDexClassLoader$Reporter
instanceKlass org/robolectric/shadows/ShadowContextImpl
instanceKlass android/app/WallpaperManager
instanceKlass java/io/FilenameFilter
instanceKlass android/window/WindowProvider
instanceKlass org/robolectric/shadows/ShadowContextImpl$_ContextImpl_$$Reflector5
instanceKlass org/robolectric/shadows/ShadowContextImpl$_ContextImpl_
instanceKlass com/google/common/base/Suppliers$MemoizingSupplier
instanceKlass com/google/common/base/Suppliers$NonSerializableMemoizingSupplier
instanceKlass com/google/common/base/Function
instanceKlass com/google/common/base/Suppliers
instanceKlass androidx/test/runner/intent/IntentMonitorRegistry
instanceKlass androidx/test/runner/lifecycle/ApplicationLifecycleMonitorRegistry
instanceKlass androidx/test/runner/lifecycle/ActivityLifecycleMonitorRegistry
instanceKlass android/os/TestLooperManager
instanceKlass android/app/IAppTask
instanceKlass android/app/Instrumentation$ActivityMonitor
instanceKlass android/app/AppComponentFactory
instanceKlass org/robolectric/shadows/ShadowInstrumentation$_Instrumentation_$$Reflector4
instanceKlass android/app/IUiAutomationConnection
instanceKlass android/app/IInstrumentationWatcher
instanceKlass org/robolectric/util/reflector/WithType
instanceKlass org/robolectric/shadows/ShadowInstrumentation$_Instrumentation_
instanceKlass android/content/ComponentName$1
instanceKlass android/content/ComponentCallbacksController
instanceKlass android/os/PowerManager$WakeLock
instanceKlass org/robolectric/shadows/ShadowDialog
instanceKlass android/appwidget/AppWidgetManager
instanceKlass android/bluetooth/BluetoothAdapter
instanceKlass org/robolectric/shadows/Provider
instanceKlass android/widget/ListPopupWindow
instanceKlass com/android/internal/view/menu/ShowableListMenu
instanceKlass android/widget/PopupWindow
instanceKlass org/robolectric/shadows/ShadowPopupMenu
instanceKlass org/robolectric/shadows/ShadowContextWrapper
instanceKlass android/content/ContentCaptureOptions
instanceKlass android/app/IServiceConnection
instanceKlass android/view/DisplayAdjustments
instanceKlass android/content/IntentSender
instanceKlass android/content/res/Resources$Theme
instanceKlass android/content/res/AssetManager
instanceKlass android/content/pm/PackageManager
instanceKlass android/content/ContentResolver
instanceKlass android/content/res/TypedArray
instanceKlass android/util/AttributeSet
instanceKlass android/database/sqlite/SQLiteClosable
instanceKlass android/database/DatabaseErrorHandler
instanceKlass android/database/sqlite/SQLiteDatabase$CursorFactory
instanceKlass android/content/SharedPreferences
instanceKlass android/content/res/ComplexColor
instanceKlass android/graphics/drawable/Drawable
instanceKlass android/content/AutofillOptions
instanceKlass android/view/autofill/AutofillManager$AutofillClient
instanceKlass android/view/Display
instanceKlass android/content/ContextParams
instanceKlass android/app/ConfigurationController
instanceKlass android/app/ActivityThread$Profiler
instanceKlass android/app/ResourcesManager$UpdateHandler
instanceKlass org/robolectric/shadows/ShadowResourcesManager
instanceKlass android/content/res/Resources$UpdateCallbacks
instanceKlass android/content/res/loader/ResourcesLoader$UpdateCallbacks
instanceKlass android/app/ResourcesManager
instanceKlass android/app/ActivityThread$PurgeIdler
instanceKlass android/app/ActivityThread$GcIdler
instanceKlass android/app/servertransaction/ClientTransaction
instanceKlass android/app/servertransaction/TransactionExecutorHelper
instanceKlass com/android/internal/util/Preconditions
instanceKlass android/os/HandlerExecutor
instanceKlass org/robolectric/shadows/ShadowNativeAllocationRegistry
instanceKlass org/robolectric/shadows/ShadowNoopNativeAllocationRegistry
instanceKlass org/robolectric/shadows/GraphicsShadowPicker
instanceKlass libcore/util/NativeAllocationRegistry
instanceKlass android/os/Binder$NoImagePreloadHolder
instanceKlass dalvik/system/VMRuntime$HiddenApiUsageLogger
instanceKlass javax/annotation/Nullable
instanceKlass org/robolectric/shadows/ShadowVMRuntime
instanceKlass dalvik/system/VMRuntime
instanceKlass android/util/ArraySet
instanceKlass com/android/internal/util/ArrayUtils
instanceKlass android/util/IntArray
instanceKlass android/os/Binder$ProxyTransactListener
instanceKlass com/android/internal/util/FunctionalUtils$ThrowingSupplier
instanceKlass com/android/internal/util/FunctionalUtils$ThrowingRunnable
instanceKlass com/android/internal/os/BinderInternal$WorkSourceProvider
instanceKlass com/android/internal/os/BinderCallHeavyHitterWatcher$BinderCallHeavyHitterListener
instanceKlass com/android/internal/os/BinderInternal$Observer
instanceKlass android/os/TransactionTracker
instanceKlass android/os/ResultReceiver
instanceKlass android/os/ShellCallback
instanceKlass android/os/IBinder$DeathRecipient
instanceKlass org/robolectric/shadows/ShadowBinder
instanceKlass org/robolectric/shadows/ShadowActivityThread$_ActivityThread_$$Reflector3
instanceKlass org/robolectric/shadows/ShadowActivityThread$_ActivityThread_
instanceKlass android/graphics/Bitmap
instanceKlass android/app/ActivityThread$UpdateCompatibilityData
instanceKlass android/os/Debug$MemoryInfo
instanceKlass android/app/Activity$NonConfigurationInstances
instanceKlass android/app/ActivityThread$ProviderKey
instanceKlass android/window/SizeConfigurationBuckets
instanceKlass android/app/ActivityThread$ServiceArgsData
instanceKlass android/view/translation/UiTranslationSpec
instanceKlass android/view/translation/TranslationSpec
instanceKlass android/app/ActivityThread$DumpResourcesData
instanceKlass android/app/ProfilerInfo
instanceKlass android/util/MergedConfiguration
instanceKlass android/window/SplashScreen$SplashScreenManagerGlobal
instanceKlass android/app/PictureInPictureUiState
instanceKlass android/os/ParcelFileDescriptor
instanceKlass android/content/res/Resources
instanceKlass android/permission/IPermissionManager
instanceKlass android/app/ActivityThread$RequestAssistContextExtras
instanceKlass android/app/ActivityThread$BindServiceData
instanceKlass android/app/ActivityThread$CreateServiceData
instanceKlass android/app/OnActivityPausedListener
instanceKlass android/os/ICancellationSignal
instanceKlass android/app/ActivityThread$ProviderClientRecord
instanceKlass android/content/ContentProvider
instanceKlass android/content/ContentInterface
instanceKlass android/content/AttributionSource
instanceKlass android/app/ActivityThread$ProviderRefCount
instanceKlass android/app/ActivityThread$AppBindData
instanceKlass android/app/servertransaction/PendingTransactionActions$StopInfo
instanceKlass android/os/CancellationSignal
instanceKlass com/android/internal/app/IVoiceInteractor
instanceKlass android/app/ComponentOptions
instanceKlass android/app/ContentProviderHolder
instanceKlass android/content/IContentProvider
instanceKlass android/app/ActivityThread$DumpHeapData
instanceKlass android/app/ActivityThread$CreateBackupAgentData
instanceKlass android/view/SurfaceControl
instanceKlass android/window/SplashScreenView$SplashScreenViewParcelable
instanceKlass android/view/WindowCallbacks
instanceKlass com/android/internal/view/RootViewSurfaceTaker
instanceKlass android/app/ActivityThread$DumpComponentInfo
instanceKlass android/content/pm/IPackageManager
instanceKlass android/os/RemoteCallback
instanceKlass android/app/servertransaction/TransactionExecutor
instanceKlass android/app/servertransaction/PendingTransactionActions
instanceKlass android/app/ActivityThread$ActivityClientRecord
instanceKlass android/app/LoadedApk
instanceKlass android/content/res/CompatibilityInfo
instanceKlass org/robolectric/shadows/ShadowActivityThread
instanceKlass android/content/pm/PackageItemInfo
instanceKlass android/view/ViewTreeObserver$OnDrawListener
instanceKlass android/view/ViewParent
instanceKlass android/view/View
instanceKlass android/view/accessibility/AccessibilityEventSource
instanceKlass android/graphics/drawable/Drawable$Callback
instanceKlass android/os/Binder
instanceKlass android/view/contentcapture/IContentCaptureOptionsCallback
instanceKlass android/view/ViewManager
instanceKlass android/view/ViewGroup$LayoutParams
instanceKlass android/content/BroadcastReceiver$PendingResult
instanceKlass android/app/servertransaction/ClientTransactionItem
instanceKlass android/app/servertransaction/BaseClientRequest
instanceKlass android/app/servertransaction/ObjectPoolItem
instanceKlass android/app/ClientTransactionHandler
instanceKlass android/app/ActivityThreadInternal
instanceKlass java/util/concurrent/CountDownLatch
instanceKlass androidx/test/internal/runner/intent/IntentMonitorImpl
instanceKlass androidx/test/internal/runner/lifecycle/ApplicationLifecycleMonitorImpl
instanceKlass androidx/test/internal/runner/lifecycle/ActivityLifecycleMonitorImpl
instanceKlass com/google/common/util/concurrent/ListenableFuture
instanceKlass org/robolectric/shadows/ShadowApplication$Wrapper
instanceKlass org/robolectric/shadows/ShadowActivity$IntentForResult
instanceKlass org/robolectric/shadows/ShadowInstrumentation$TargetAndRequestCode
instanceKlass android/app/Instrumentation$ActivityResult
instanceKlass android/app/Fragment
instanceKlass android/content/ComponentName
instanceKlass android/content/IntentFilter
instanceKlass android/content/ServiceConnection
instanceKlass android/content/BroadcastReceiver
instanceKlass android/os/UserHandle
instanceKlass android/app/UiAutomation
instanceKlass org/robolectric/shadows/ShadowInstrumentation$ServiceConnectionDataWrapper
instanceKlass com/google/common/util/concurrent/AsyncFunction
instanceKlass org/robolectric/shadows/ShadowInstrumentation$ServiceCallbackScheduler
instanceKlass org/robolectric/shadows/ShadowInstrumentation
instanceKlass androidx/test/runner/intent/IntentMonitor
instanceKlass androidx/test/runner/lifecycle/ApplicationLifecycleMonitor
instanceKlass androidx/test/runner/lifecycle/ActivityLifecycleMonitor
instanceKlass android/content/Intent
instanceKlass android/view/contentcapture/ContentCaptureManager$ContentCaptureClient
instanceKlass android/view/Window$OnWindowDismissedCallback
instanceKlass android/view/View$OnCreateContextMenuListener
instanceKlass android/view/KeyEvent$Callback
instanceKlass android/view/Window$Callback
instanceKlass android/view/LayoutInflater$Factory2
instanceKlass android/view/LayoutInflater$Factory
instanceKlass android/view/InputEvent
instanceKlass android/app/IApplicationThread
instanceKlass android/net/Uri$1
instanceKlass android/net/Uri$NotCachedHolder
instanceKlass android/net/Uri$AbstractPart
instanceKlass android/net/Uri$Builder
instanceKlass android/net/Uri
instanceKlass java/util/WeakHashMap$HashIterator
instanceKlass org/robolectric/shadows/ShadowChoreographer
instanceKlass android/os/Handler$Callback
instanceKlass android/os/IMessenger
instanceKlass android/os/IInterface
instanceKlass org/robolectric/shadows/ShadowPausedLooper$HandlerExecutor
instanceKlass org/robolectric/shadows/ShadowSystemClock
instanceKlass org/robolectric/shadows/ShadowPausedMessageQueue$MessageQueueReflector$$Reflector2
instanceKlass org/robolectric/shadows/ShadowPausedMessageQueue$MessageQueueReflector
instanceKlass android/os/MessageQueue$OnFileDescriptorEventListener
instanceKlass android/os/MessageQueue$IdleHandler
instanceKlass com/google/common/base/Predicate
instanceKlass org/robolectric/shadows/ShadowPausedSystemClock$Listener
instanceKlass org/robolectric/res/android/NativeObjRegistry
instanceKlass org/robolectric/annotation/ReflectorObject
instanceKlass org/robolectric/annotation/RealObject
instanceKlass org/robolectric/shadows/ShadowPausedLooper$LooperReflector$$Reflector1
instanceKlass org/robolectric/util/reflector/Direct
instanceKlass org/robolectric/shadows/ShadowPausedLooper$LooperReflector
instanceKlass org/robolectric/shadows/ShadowPausedLooper$2
instanceKlass android/os/Looper$Observer
instanceKlass android/os/MessageQueue
instanceKlass android/os/Handler
instanceKlass org/robolectric/shadows/ShadowMessage
instanceKlass android/os/Message
instanceKlass org/robolectric/shadows/ShadowMessageQueue
instanceKlass org/robolectric/shadows/LooperShadowPicker$1
instanceKlass org/robolectric/shadows/LooperShadowPicker
instanceKlass android/os/Looper
instanceKlass org/robolectric/shadows/ShadowPausedLooper$ControlRunnable
instanceKlass java/util/Locale$1
instanceKlass org/robolectric/shadows/ShadowView
instanceKlass android/text/format/Time
instanceKlass android/icu/util/MeasureUnit
instanceKlass org/robolectric/shadows/ShadowDateUtils$DateUtilsReflector$$Reflector0
instanceKlass org/robolectric/util/reflector/UnsafeAccess$Danger11Plus
instanceKlass org/robolectric/util/reflector/UnsafeAccess$Danger
instanceKlass org/robolectric/util/reflector/UnsafeAccess
instanceKlass org/objectweb/asm/Handler
instanceKlass org/objectweb/asm/Edge
instanceKlass org/robolectric/util/reflector/Constructor
instanceKlass org/robolectric/util/reflector/Static
instanceKlass org/robolectric/util/reflector/Accessor
instanceKlass org/objectweb/asm/Label
instanceKlass org/objectweb/asm/Frame
instanceKlass org/objectweb/asm/ByteVector
instanceKlass org/objectweb/asm/Symbol
instanceKlass org/objectweb/asm/SymbolTable
instanceKlass org/objectweb/asm/commons/Method
instanceKlass org/objectweb/asm/MethodVisitor
instanceKlass org/objectweb/asm/FieldVisitor
instanceKlass org/objectweb/asm/ModuleVisitor
instanceKlass org/objectweb/asm/AnnotationVisitor
instanceKlass org/objectweb/asm/RecordComponentVisitor
instanceKlass android/text/format/DateUtils
instanceKlass org/robolectric/util/reflector/ForType
instanceKlass org/robolectric/util/reflector/Reflector
instanceKlass org/robolectric/shadows/ShadowDateUtils$DateUtilsReflector
instanceKlass org/robolectric/shadows/ShadowDateUtils
instanceKlass android/sysprop/DisplayProperties
instanceKlass android/icu/impl/locale/BaseLocale$Key
instanceKlass android/icu/impl/locale/LocaleObjectCache
instanceKlass android/icu/util/ULocale$Type
instanceKlass android/icu/util/ULocale$3
instanceKlass sun/util/locale/LocaleExtensions
instanceKlass java/util/Locale$LanguageRange
instanceKlass java/util/Locale$LocaleNameGetter
instanceKlass java/util/Locale$LocaleKey
instanceKlass android/icu/util/ULocale$JDKLocaleHelper
instanceKlass java/lang/invoke/MethodHandleImpl$CountingWrapper$1
instanceKlass android/icu/impl/CacheValue
instanceKlass android/icu/impl/locale/AsciiUtil
instanceKlass android/icu/impl/LocaleIDParser
instanceKlass android/icu/impl/locale/LocaleExtensions
instanceKlass android/icu/impl/locale/BaseLocale
instanceKlass android/icu/impl/CacheBase
instanceKlass android/text/TextUtils$1
instanceKlass android/icu/text/Edits$Iterator
instanceKlass android/text/TextDirectionHeuristic
instanceKlass android/text/TextUtils$EllipsizeCallback
instanceKlass android/util/Printer
instanceKlass android/graphics/Paint
instanceKlass org/robolectric/shadows/ShadowTextUtils
instanceKlass android/text/Spannable
instanceKlass android/text/Spanned
instanceKlass android/text/TextUtils
instanceKlass org/robolectric/util/ReflectionHelpers$InsideTraversal
instanceKlass com/google/common/base/CommonPattern
instanceKlass com/google/common/base/Platform$JdkPatternCompiler
instanceKlass com/google/common/base/PatternCompiler
instanceKlass com/google/common/base/Platform
instanceKlass com/google/common/base/Strings
instanceKlass org/robolectric/android/DeviceConfig
instanceKlass org/robolectric/res/android/ResTable_config
instanceKlass org/robolectric/res/Qualifiers
instanceKlass org/bouncycastle/internal/asn1/isara/IsaraObjectIdentifiers
instanceKlass org/bouncycastle/pqc/asn1/PQCObjectIdentifiers
instanceKlass org/bouncycastle/jcajce/provider/drbg/EntropyDaemon
instanceKlass org/bouncycastle/crypto/prng/EntropySourceProvider
instanceKlass org/bouncycastle/crypto/prng/EntropySource
instanceKlass org/bouncycastle/crypto/Digest
instanceKlass org/bouncycastle/jcajce/provider/drbg/DRBG
instanceKlass org/bouncycastle/asn1/x509/X509ObjectIdentifiers
instanceKlass org/bouncycastle/jcajce/provider/asymmetric/RSA
instanceKlass org/bouncycastle/internal/asn1/eac/EACObjectIdentifiers
instanceKlass org/bouncycastle/internal/asn1/cms/CMSObjectIdentifiers
instanceKlass org/bouncycastle/util/Properties$2
instanceKlass org/bouncycastle/util/Properties$1
instanceKlass org/bouncycastle/util/Properties
instanceKlass org/bouncycastle/internal/asn1/bsi/BSIObjectIdentifiers
instanceKlass org/bouncycastle/jcajce/provider/asymmetric/EC
instanceKlass org/bouncycastle/jcajce/provider/asymmetric/DH
instanceKlass org/bouncycastle/jcajce/provider/asymmetric/dsa/DSAUtil
instanceKlass org/bouncycastle/crypto/params/AsymmetricKeyParameter
instanceKlass org/bouncycastle/asn1/sec/SECObjectIdentifiers
instanceKlass org/bouncycastle/asn1/ASN1Choice
instanceKlass org/bouncycastle/internal/asn1/edec/EdECObjectIdentifiers
instanceKlass org/bouncycastle/jcajce/provider/asymmetric/compositesignatures/CompositeSignaturesConstants
instanceKlass org/bouncycastle/jcajce/provider/asymmetric/EXTERNAL
instanceKlass org/bouncycastle/jcajce/provider/asymmetric/EXTERNAL$ExternalKeyInfoConverter
instanceKlass org/bouncycastle/jcajce/provider/asymmetric/COMPOSITE
instanceKlass org/bouncycastle/jcajce/provider/asymmetric/COMPOSITE$CompositeKeyInfoConverter
instanceKlass org/bouncycastle/jcajce/provider/symmetric/Zuc
instanceKlass org/bouncycastle/jcajce/provider/symmetric/GOST3412_2015
instanceKlass org/bouncycastle/jcajce/provider/symmetric/DSTU7624
instanceKlass org/bouncycastle/jcajce/provider/symmetric/OpenSSLPBKDF
instanceKlass org/bouncycastle/jcajce/provider/symmetric/XSalsa20
instanceKlass org/bouncycastle/jcajce/provider/symmetric/XTEA
instanceKlass org/bouncycastle/jcajce/provider/symmetric/VMPCKSA3
instanceKlass org/bouncycastle/jcajce/provider/symmetric/VMPC
instanceKlass org/bouncycastle/jcajce/provider/symmetric/Threefish
instanceKlass org/bouncycastle/jcajce/provider/symmetric/Twofish
instanceKlass org/bouncycastle/jcajce/provider/symmetric/TEA
instanceKlass org/bouncycastle/jcajce/provider/symmetric/SM4
instanceKlass org/bouncycastle/jcajce/provider/symmetric/Skipjack
instanceKlass org/bouncycastle/jcajce/provider/symmetric/Shacal2
instanceKlass org/bouncycastle/internal/asn1/gnu/GNUObjectIdentifiers
instanceKlass org/bouncycastle/jcajce/provider/symmetric/Serpent
instanceKlass org/bouncycastle/internal/asn1/kisa/KISAObjectIdentifiers
instanceKlass org/bouncycastle/jcajce/provider/symmetric/SEED
instanceKlass org/bouncycastle/jcajce/provider/symmetric/Salsa20
instanceKlass org/bouncycastle/jcajce/provider/symmetric/Rijndael
instanceKlass org/bouncycastle/jcajce/provider/symmetric/RC6
instanceKlass org/bouncycastle/jcajce/provider/symmetric/RC5
instanceKlass org/bouncycastle/jcajce/provider/symmetric/RC2
instanceKlass org/bouncycastle/jcajce/provider/symmetric/Noekeon
instanceKlass org/bouncycastle/jcajce/provider/symmetric/IDEA
instanceKlass org/bouncycastle/jcajce/provider/symmetric/HC256
instanceKlass org/bouncycastle/jcajce/provider/symmetric/HC128
instanceKlass org/bouncycastle/jcajce/provider/symmetric/Grain128
instanceKlass org/bouncycastle/jcajce/provider/symmetric/Grainv1
instanceKlass org/bouncycastle/jcajce/provider/symmetric/GOST28147
instanceKlass org/bouncycastle/jcajce/provider/symmetric/DESede
instanceKlass org/bouncycastle/jcajce/provider/symmetric/DES
instanceKlass org/bouncycastle/jcajce/provider/symmetric/ChaCha
instanceKlass org/bouncycastle/jcajce/provider/symmetric/CAST6
instanceKlass org/bouncycastle/jcajce/provider/symmetric/CAST5
instanceKlass org/bouncycastle/internal/asn1/ntt/NTTObjectIdentifiers
instanceKlass org/bouncycastle/jcajce/provider/symmetric/Camellia
instanceKlass org/bouncycastle/jcajce/provider/symmetric/Blowfish
instanceKlass org/bouncycastle/internal/asn1/nsri/NSRIObjectIdentifiers
instanceKlass org/bouncycastle/jcajce/provider/symmetric/ARIA
instanceKlass org/bouncycastle/jcajce/provider/symmetric/ARC4
instanceKlass org/bouncycastle/asn1/bc/BCObjectIdentifiers
instanceKlass org/bouncycastle/jcajce/provider/symmetric/AES
instanceKlass org/bouncycastle/crypto/params/DHValidationParameters
instanceKlass org/bouncycastle/crypto/params/DHParameters
instanceKlass org/bouncycastle/asn1/x9/X9ObjectIdentifiers
instanceKlass org/bouncycastle/crypto/CryptoServicesRegistrar$Property
instanceKlass org/bouncycastle/util/encoders/HexEncoder
instanceKlass org/bouncycastle/util/encoders/Encoder
instanceKlass org/bouncycastle/util/encoders/Hex
instanceKlass org/bouncycastle/crypto/params/DSAValidationParameters
instanceKlass org/bouncycastle/crypto/params/DSAParameters
instanceKlass org/bouncycastle/crypto/CipherParameters
instanceKlass org/bouncycastle/crypto/CryptoServicesRegistrar$1
instanceKlass org/bouncycastle/crypto/CryptoServicesRegistrar$ThreadLocalSecureRandomProvider
instanceKlass org/bouncycastle/crypto/CryptoServicesConstraints
instanceKlass org/bouncycastle/crypto/SecureRandomProvider
instanceKlass org/bouncycastle/crypto/CryptoServicesRegistrar
instanceKlass org/bouncycastle/jcajce/provider/symmetric/Poly1305
instanceKlass org/bouncycastle/jcajce/provider/symmetric/SipHash128
instanceKlass org/bouncycastle/jcajce/provider/symmetric/SipHash
instanceKlass org/bouncycastle/jcajce/provider/symmetric/SCRYPT
instanceKlass org/bouncycastle/jcajce/provider/symmetric/TLSKDF
instanceKlass org/bouncycastle/jcajce/provider/symmetric/PBEPKCS12
instanceKlass org/bouncycastle/jcajce/provider/symmetric/PBEPBKDF2
instanceKlass org/bouncycastle/jcajce/provider/symmetric/PBEPBKDF1
instanceKlass org/bouncycastle/jcajce/provider/digest/Blake3
instanceKlass org/bouncycastle/jcajce/provider/digest/Haraka
instanceKlass org/bouncycastle/asn1/ua/UAObjectIdentifiers
instanceKlass org/bouncycastle/jcajce/provider/digest/DSTU7564
instanceKlass org/bouncycastle/jcajce/provider/digest/Blake2s
instanceKlass org/bouncycastle/internal/asn1/misc/MiscObjectIdentifiers
instanceKlass org/bouncycastle/jcajce/provider/digest/Blake2b
instanceKlass org/bouncycastle/internal/asn1/iso/ISOIECObjectIdentifiers
instanceKlass org/bouncycastle/jcajce/provider/digest/Whirlpool
instanceKlass org/bouncycastle/jcajce/provider/digest/Tiger
instanceKlass org/bouncycastle/asn1/gm/GMObjectIdentifiers
instanceKlass org/bouncycastle/jcajce/provider/digest/SM3
instanceKlass org/bouncycastle/jcajce/provider/digest/Skein
instanceKlass org/bouncycastle/jcajce/provider/digest/SHA3
instanceKlass org/bouncycastle/jcajce/provider/digest/SHA512
instanceKlass org/bouncycastle/jcajce/provider/digest/SHA384
instanceKlass org/bouncycastle/jcajce/provider/digest/SHA256
instanceKlass org/bouncycastle/asn1/nist/NISTObjectIdentifiers
instanceKlass org/bouncycastle/jcajce/provider/digest/SHA224
instanceKlass org/bouncycastle/jcajce/provider/digest/RIPEMD320
instanceKlass org/bouncycastle/jcajce/provider/digest/RIPEMD256
instanceKlass org/bouncycastle/jcajce/provider/digest/RIPEMD160
instanceKlass org/bouncycastle/asn1/teletrust/TeleTrusTObjectIdentifiers
instanceKlass org/bouncycastle/jcajce/provider/digest/RIPEMD128
instanceKlass org/bouncycastle/internal/asn1/oiw/OIWObjectIdentifiers
instanceKlass org/bouncycastle/jcajce/provider/digest/SHA1
instanceKlass org/bouncycastle/internal/asn1/iana/IANAObjectIdentifiers
instanceKlass org/bouncycastle/jcajce/provider/digest/MD5
instanceKlass org/bouncycastle/jcajce/provider/digest/MD4
instanceKlass org/bouncycastle/asn1/ASN1ObjectIdentifier$OidHandle
instanceKlass org/bouncycastle/asn1/pkcs/PKCSObjectIdentifiers
instanceKlass org/bouncycastle/jcajce/provider/digest/MD2
instanceKlass org/bouncycastle/jcajce/provider/digest/Keccak
instanceKlass org/bouncycastle/internal/asn1/rosstandart/RosstandartObjectIdentifiers
instanceKlass org/bouncycastle/util/Arrays
instanceKlass org/bouncycastle/asn1/OIDTokenizer
instanceKlass org/bouncycastle/asn1/ASN1Tag
instanceKlass org/bouncycastle/asn1/ASN1Type
instanceKlass org/bouncycastle/asn1/ASN1Object
instanceKlass org/bouncycastle/util/Encodable
instanceKlass org/bouncycastle/asn1/ASN1Encodable
instanceKlass org/bouncycastle/asn1/cryptopro/CryptoProObjectIdentifiers
instanceKlass org/bouncycastle/jcajce/provider/digest/GOST3411
instanceKlass org/bouncycastle/jcajce/provider/util/AlgorithmProvider
instanceKlass org/bouncycastle/jce/provider/BouncyCastleProvider$1
instanceKlass org/bouncycastle/jce/provider/BouncyCastleProvider$JcaCryptoService
instanceKlass java/security/cert/PKIXCertPathChecker
instanceKlass java/security/cert/CertPathChecker
instanceKlass org/bouncycastle/jcajce/provider/symmetric/util/ClassUtil
instanceKlass org/bouncycastle/util/Strings$1
instanceKlass org/bouncycastle/util/StringList
instanceKlass org/bouncycastle/util/Iterable
instanceKlass org/bouncycastle/util/Strings
instanceKlass javax/crypto/spec/DHParameterSpec
instanceKlass org/bouncycastle/jce/provider/BouncyCastleProviderConfiguration
instanceKlass org/bouncycastle/jcajce/provider/util/AsymmetricKeyInfoConverter
instanceKlass org/bouncycastle/crypto/CryptoServiceProperties
instanceKlass org/bouncycastle/jcajce/provider/config/ProviderConfiguration
instanceKlass javax/net/ssl/HttpsURLConnection$DefaultHostnameVerifier
instanceKlass org/conscrypt/OkHostnameVerifier
instanceKlass java/util/IdentityHashMap$IdentityHashMapIterator
instanceKlass org/robolectric/android/internal/AndroidTestEnvironment$1
instanceKlass javax/net/ssl/TrustManagerFactorySpi
instanceKlass java/io/DeleteOnExitHook$1
instanceKlass java/io/DeleteOnExitHook
instanceKlass org/conscrypt/NativeLibraryLoader$LoadResult
instanceKlass org/conscrypt/NativeRef
instanceKlass org/conscrypt/CryptoUpcalls
instanceKlass org/conscrypt/NativeLibraryLoader$1
instanceKlass org/conscrypt/NativeLibraryUtil
instanceKlass java/io/FileOutputStream$1
instanceKlass org/conscrypt/NativeLibraryLoader
instanceKlass org/conscrypt/HostProperties
instanceKlass org/conscrypt/NativeCryptoJni
instanceKlass org/conscrypt/NativeCrypto
instanceKlass jdk/internal/math/FDBigInteger
instanceKlass javax/net/SocketFactory
instanceKlass org/conscrypt/ConscryptHostnameVerifier
instanceKlass javax/net/ssl/SSLSession
instanceKlass org/conscrypt/SSLParametersImpl$PSKCallbacks
instanceKlass org/conscrypt/NativeCrypto$SSLHandshakeCallbacks
instanceKlass javax/net/ssl/SSLEngine
instanceKlass org/conscrypt/SSLParametersImpl$AliasChooser
instanceKlass org/conscrypt/Platform
instanceKlass org/robolectric/shadows/ShadowLog
instanceKlass org/robolectric/shadows/ShadowLooper
instanceKlass org/robolectric/shadows/ShadowDisplayManagerGlobal
instanceKlass java/lang/invoke/DirectMethodHandle$1
instanceKlass android/os/SystemProperties$Handle
instanceKlass org/robolectric/shadows/ShadowSystemProperties
instanceKlass android/os/SystemProperties
instanceKlass android/content/res/Configuration$1
instanceKlass android/os/LocaleList$1
instanceKlass android/icu/util/ULocale
instanceKlass org/robolectric/annotation/Resetter
instanceKlass org/robolectric/annotation/Implements$DefaultShadowPicker
instanceKlass org/robolectric/shadow/api/ShadowPicker
instanceKlass org/robolectric/annotation/Implements
instanceKlass org/robolectric/shadows/ShadowLocaleList
instanceKlass android/graphics/Rect$1
instanceKlass android/graphics/Insets
instanceKlass android/app/WindowConfiguration$1
instanceKlass android/graphics/Rect
instanceKlass android/app/WindowConfiguration
instanceKlass org/xmlpull/v1/XmlPullParser
instanceKlass android/os/LocaleList
instanceKlass android/util/DisplayMetrics
instanceKlass android/content/res/Configuration
instanceKlass org/robolectric/android/Bootstrap
instanceKlass androidx/test/platform/app/InstrumentationRegistry
instanceKlass android/os/Bundle$1
instanceKlass org/robolectric/interceptors/AndroidInterceptors
instanceKlass libcore/util/EmptyArray
instanceKlass android/util/MapCollections
instanceKlass sun/invoke/util/ValueConversions$Handles
instanceKlass java/lang/invoke/ClassSpecializer$Factory$1Var
instanceKlass sun/invoke/util/ValueConversions$1
instanceKlass java/lang/invoke/MethodHandleImpl$Makers$2
instanceKlass java/lang/invoke/MethodHandleImpl$Makers$1
instanceKlass java/lang/invoke/MethodHandleImpl$Makers
instanceKlass java/util/AbstractList$SubList$1
instanceKlass java/lang/invoke/MethodHandle$1
instanceKlass android/util/SizeF
instanceKlass android/util/Size
instanceKlass android/util/proto/ProtoStream
instanceKlass android/util/SparseArray
instanceKlass android/os/Parcel
instanceKlass android/util/ArrayMap
instanceKlass android/os/Parcelable$Creator
instanceKlass android/os/IBinder
instanceKlass com/android/internal/util/XmlUtils$WriteMapCallback
instanceKlass android/os/BaseBundle
instanceKlass android/os/Parcelable
instanceKlass org/robolectric/config/ConfigurationRegistry
instanceKlass com/google/common/base/Preconditions
instanceKlass org/robolectric/DefaultTestLifecycle
instanceKlass org/robolectric/DefaultTestLifecycle
instanceKlass org/robolectric/TestLifecycle
instanceKlass org/robolectric/AndroidMetadata
instanceKlass java/util/stream/Nodes$ArrayNode
instanceKlass org/koin/core/module/Module
instanceKlass top/mcxiafeng/badger/data/queue/OperationHistoryDao
instanceKlass androidx/room/RoomDatabase
instanceKlass org/koin/core/parameter/ParametersHolder
instanceKlass org/koin/core/scope/Scope
instanceKlass top/mcxiafeng/badger/data/queue/OperationHistoryEntity
instanceKlass org/koin/core/KoinApplication
instanceKlass top/mcxiafeng/badger/data/queue/OperationHistoryDaoTest
instanceKlass org/robolectric/shadow/api/Shadow
instanceKlass sun/invoke/util/VerifyAccess$1
instanceKlass org/robolectric/internal/bytecode/InvokeDynamicSupport
instanceKlass org/robolectric/internal/bytecode/RobolectricInternals
instanceKlass org/robolectric/internal/bytecode/ShadowWrangler$ShadowMetadata
instanceKlass org/robolectric/internal/bytecode/ShadowInfo
instanceKlass org/robolectric/internal/bytecode/ShadowWrangler$1
instanceKlass org/robolectric/internal/bytecode/ShadowWrangler
instanceKlass org/robolectric/annotation/Implementation
instanceKlass org/robolectric/android/AndroidSdkShadowMatcher
instanceKlass sun/invoke/util/ValueConversions$WrapperCache
instanceKlass java/lang/invoke/SwitchPoint
instanceKlass org/robolectric/internal/bytecode/ShadowInvalidator
instanceKlass org/robolectric/internal/bytecode/ShadowMap$Builder
instanceKlass com/google/common/collect/Sets
instanceKlass sun/nio/fs/WindowsSecurityDescriptor
instanceKlass java/nio/file/Files$1
instanceKlass sun/nio/fs/WindowsFileSystem$2
instanceKlass java/nio/file/PathMatcher
instanceKlass sun/nio/fs/WindowsPath$1
instanceKlass sun/nio/fs/Globs
instanceKlass java/nio/file/TempFileHelper
instanceKlass java/nio/file/FileVisitor
instanceKlass com/google/common/base/Supplier
instanceKlass org/robolectric/util/TempDirectory
instanceKlass org/robolectric/RuntimeEnvironment
instanceKlass org/robolectric/pluginapi/TestEnvironmentLifecyclePlugin
instanceKlass android/content/ComponentCallbacks2
instanceKlass android/content/ComponentCallbacks
instanceKlass android/content/Context
instanceKlass android/app/Instrumentation
instanceKlass org/robolectric/util/Scheduler
instanceKlass org/bouncycastle/jcajce/provider/config/ConfigurableProvider
instanceKlass java/security/spec/DSAParameterSpec
instanceKlass java/security/interfaces/DSAParams
instanceKlass java/security/interfaces/DSAPrivateKey
instanceKlass java/security/Timestamp
instanceKlass sun/security/timestamp/TimestampToken
instanceKlass sun/security/pkcs/ESSCertId
instanceKlass sun/security/pkcs/SigningCertificateInfo
instanceKlass sun/security/x509/AccessDescription
instanceKlass sun/security/x509/DNSName
instanceKlass sun/security/x509/URIName
instanceKlass sun/security/x509/GeneralName
instanceKlass sun/security/x509/DistributionPoint
instanceKlass sun/security/x509/CertificatePolicyId
instanceKlass sun/security/x509/PolicyInformation
instanceKlass sun/security/pkcs/PKCS9Attributes
instanceKlass java/security/interfaces/DSAPublicKey
instanceKlass java/security/interfaces/DSAKey
instanceKlass java/security/spec/DSAPublicKeySpec
instanceKlass java/security/AlgorithmParametersSpi
instanceKlass java/security/AlgorithmParameters
instanceKlass javax/net/ssl/HostnameVerifier
instanceKlass sun/security/util/ManifestEntryVerifier$SunProviderHolder
instanceKlass java/util/Base64$Encoder
instanceKlass java/util/Base64$Decoder
instanceKlass java/util/Base64
instanceKlass javax/crypto/SecretKey
instanceKlass sun/security/util/Length
instanceKlass sun/security/util/KeyUtil
instanceKlass java/security/interfaces/XECKey
instanceKlass java/security/interfaces/ECKey
instanceKlass sun/security/util/JarConstraintsParameters
instanceKlass sun/security/util/ConstraintsParameters
instanceKlass java/security/cert/CertPath
instanceKlass java/math/MutableBigInteger
instanceKlass sun/security/rsa/RSAPadding
instanceKlass sun/security/rsa/RSACore
instanceKlass java/security/interfaces/RSAPrivateCrtKey
instanceKlass sun/security/pkcs/PKCS8Key
instanceKlass java/security/interfaces/RSAPrivateKey
instanceKlass java/security/PrivateKey
instanceKlass javax/security/auth/Destroyable
instanceKlass sun/security/jca/ServiceId
instanceKlass java/security/Signature$1
instanceKlass jdk/internal/access/JavaSecuritySignatureAccess
instanceKlass java/security/SignatureSpi
instanceKlass jdk/internal/icu/util/CodePointTrie$Data
instanceKlass jdk/internal/icu/util/CodePointTrie$1
instanceKlass jdk/internal/icu/util/CodePointMap
instanceKlass jdk/internal/icu/util/VersionInfo
instanceKlass jdk/internal/icu/impl/ICUBinary$1
instanceKlass jdk/internal/icu/impl/ICUBinary
instanceKlass jdk/internal/icu/impl/NormalizerImpl$IsAcceptable
instanceKlass jdk/internal/icu/impl/ICUBinary$Authenticate
instanceKlass jdk/internal/icu/impl/NormalizerImpl
instanceKlass jdk/internal/icu/impl/Norm2AllModes$Norm2AllModesSingleton
instanceKlass jdk/internal/icu/impl/Norm2AllModes$NFKCSingleton
instanceKlass jdk/internal/icu/impl/Norm2AllModes
instanceKlass jdk/internal/icu/text/Normalizer2
instanceKlass jdk/internal/icu/text/NormalizerBase$ModeImpl
instanceKlass jdk/internal/icu/text/NormalizerBase$NFKDModeImpl
instanceKlass jdk/internal/icu/text/NormalizerBase$1
instanceKlass jdk/internal/icu/text/NormalizerBase$Mode
instanceKlass jdk/internal/icu/text/NormalizerBase
instanceKlass java/text/Normalizer
instanceKlass sun/security/pkcs/PKCS9Attribute
instanceKlass sun/security/x509/AVAKeyword
instanceKlass sun/security/util/SignatureUtil
instanceKlass java/time/Instant
instanceKlass java/time/zone/ZoneOffsetTransition
instanceKlass java/time/LocalTime
instanceKlass java/time/temporal/ValueRange
instanceKlass java/time/Duration
instanceKlass java/time/temporal/TemporalAmount
instanceKlass java/time/temporal/TemporalUnit
instanceKlass java/time/temporal/TemporalField
instanceKlass java/time/LocalDate
instanceKlass java/time/chrono/ChronoLocalDate
instanceKlass java/time/ZonedDateTime
instanceKlass java/time/chrono/ChronoZonedDateTime
instanceKlass java/time/LocalDateTime
instanceKlass java/time/chrono/ChronoLocalDateTime
instanceKlass java/time/temporal/Temporal
instanceKlass java/time/zone/ZoneOffsetTransitionRule
instanceKlass java/time/zone/ZoneRules
instanceKlass java/time/temporal/TemporalAdjuster
instanceKlass java/time/temporal/TemporalAccessor
instanceKlass java/time/ZoneId
instanceKlass sun/security/util/DisabledAlgorithmConstraints$Constraints$Holder
instanceKlass sun/security/util/DisabledAlgorithmConstraints$1
instanceKlass sun/security/util/DisabledAlgorithmConstraints$Constraint
instanceKlass sun/security/util/DisabledAlgorithmConstraints$Constraints
instanceKlass sun/security/util/AbstractAlgorithmConstraints$1
instanceKlass sun/security/util/AlgorithmDecomposer
instanceKlass sun/security/util/DisabledAlgorithmConstraints$JarHolder
instanceKlass java/util/regex/ASCII
instanceKlass sun/security/util/AbstractAlgorithmConstraints
instanceKlass java/security/AlgorithmConstraints
instanceKlass sun/security/pkcs/SignerInfo
instanceKlass jdk/internal/event/EventHelper
instanceKlass sun/security/jca/JCAUtil
instanceKlass sun/security/util/MemoryCache$CacheEntry
instanceKlass sun/security/x509/X509AttributeName
instanceKlass sun/security/x509/GeneralNames
instanceKlass sun/security/x509/KeyIdentifier
instanceKlass sun/security/x509/OIDMap$OIDInfo
instanceKlass sun/security/x509/PKIXExtensions
instanceKlass sun/security/x509/OIDMap
instanceKlass sun/security/x509/Extension
instanceKlass java/security/cert/Extension
instanceKlass sun/security/x509/CertificateExtensions
instanceKlass sun/security/rsa/RSAUtil
instanceKlass sun/security/util/IOUtils
instanceKlass java/security/interfaces/RSAPublicKey
instanceKlass java/security/interfaces/RSAKey
instanceKlass java/security/spec/PSSParameterSpec
instanceKlass java/security/spec/RSAPrivateKeySpec
instanceKlass java/security/spec/RSAPublicKeySpec
instanceKlass java/security/KeyFactorySpi
instanceKlass sun/security/jca/ProviderList$ServiceList$1
instanceKlass java/security/KeyFactory
instanceKlass java/security/spec/EncodedKeySpec$1
instanceKlass jdk/internal/access/JavaSecuritySpecAccess
instanceKlass java/security/spec/EncodedKeySpec
instanceKlass java/security/spec/KeySpec
instanceKlass sun/security/util/BitArray
instanceKlass sun/security/x509/X509Key
instanceKlass java/security/PublicKey
instanceKlass java/security/Key
instanceKlass sun/security/x509/CertificateX509Key
instanceKlass sun/security/x509/CertificateValidity
instanceKlass sun/security/x509/AVA
instanceKlass sun/security/x509/RDN
instanceKlass javax/security/auth/x500/X500Principal
instanceKlass sun/security/x509/X500Name$1
instanceKlass sun/security/x509/X500Name
instanceKlass sun/security/x509/GeneralNameInterface
instanceKlass sun/security/x509/CertificateAlgorithmId
instanceKlass sun/security/x509/SerialNumber
instanceKlass sun/security/x509/CertificateSerialNumber
instanceKlass sun/security/x509/CertificateVersion
instanceKlass sun/security/x509/X509CertInfo
instanceKlass sun/security/x509/CertAttrSet
instanceKlass sun/security/util/Cache$EqualByteArray
instanceKlass java/security/cert/X509Extension
instanceKlass sun/security/util/Cache
instanceKlass java/security/cert/CertificateFactorySpi
instanceKlass java/security/cert/CertificateFactory
instanceKlass sun/security/x509/AlgorithmId
instanceKlass sun/security/util/DerValue
instanceKlass sun/security/pkcs/ContentInfo
instanceKlass sun/security/util/DerInputStream
instanceKlass sun/security/pkcs/PKCS7
instanceKlass sun/security/util/ManifestDigester$Section
instanceKlass sun/security/util/ManifestDigester$Entry
instanceKlass sun/security/util/ManifestDigester$Position
instanceKlass sun/security/util/ManifestDigester
instanceKlass sun/security/util/ManifestEntryVerifier
instanceKlass java/security/CodeSigner
instanceKlass java/util/jar/JarVerifier
instanceKlass java/util/concurrent/FutureTask$WaitNode
instanceKlass java/util/concurrent/FutureTask
instanceKlass java/util/concurrent/RunnableFuture
instanceKlass java/util/concurrent/Future
instanceKlass org/robolectric/Shadows
instanceKlass org/robolectric/android/internal/AndroidTestEnvironment
instanceKlass org/robolectric/annotation/internal/Instrument
instanceKlass org/objectweb/asm/Context
instanceKlass org/objectweb/asm/Attribute
instanceKlass org/robolectric/annotation/internal/DoNotInstrument
instanceKlass org/objectweb/asm/ClassReader
instanceKlass org/robolectric/internal/bytecode/InstrumentedInterface
instanceKlass org/robolectric/internal/bytecode/ShadowedObject
instanceKlass org/robolectric/internal/bytecode/ClassDetails
instanceKlass java/net/URLClassLoader$2
instanceKlass java/util/concurrent/Executors$DelegatedExecutorService
instanceKlass java/io/RandomAccessFile$1
instanceKlass org/robolectric/internal/dependency/MavenJarArtifact
instanceKlass sun/nio/ch/FileKey
instanceKlass sun/nio/ch/FileLockTable
instanceKlass java/nio/channels/FileLock
instanceKlass org/robolectric/internal/dependency/DependencyJar
instanceKlass org/robolectric/internal/bytecode/ClassNodeProvider
instanceKlass org/robolectric/android/internal/AndroidTestEnvironment
instanceKlass org/robolectric/internal/TestEnvironment
instanceKlass org/robolectric/internal/AndroidSandbox$TestEnvironmentSpec
instanceKlass javax/inject/Qualifier
instanceKlass org/robolectric/internal/SandboxManager$SandboxKey
instanceKlass java/util/Collections$UnmodifiableMap$UnmodifiableEntrySet$UnmodifiableEntry
instanceKlass java/util/Collections$UnmodifiableMap$UnmodifiableEntrySet$1
instanceKlass org/robolectric/internal/bytecode/TypeMapper
instanceKlass java/util/HashMap$HashMapSpliterator
instanceKlass org/robolectric/internal/bytecode/SandboxConfig
instanceKlass com/google/common/base/NullnessCasts
instanceKlass com/google/common/base/Splitter$5
instanceKlass com/google/common/base/AbstractIterator
instanceKlass com/google/common/base/Splitter$1
instanceKlass com/google/common/base/CharMatcher
instanceKlass com/google/common/base/Predicate
instanceKlass com/google/common/base/Splitter$Strategy
instanceKlass com/google/common/base/Splitter
instanceKlass org/robolectric/internal/bytecode/InstrumentationConfiguration$Builder
instanceKlass com/google/common/collect/Lists
instanceKlass org/robolectric/manifest/ActivityData
instanceKlass org/robolectric/manifest/IntentFilterData
instanceKlass org/robolectric/manifest/PackageItemData
instanceKlass org/robolectric/manifest/MetaData
instanceKlass org/w3c/dom/Comment
instanceKlass com/sun/org/apache/xerces/internal/dom/CharacterDataImpl$1
instanceKlass org/w3c/dom/Text
instanceKlass org/w3c/dom/CharacterData
instanceKlass org/w3c/dom/Attr
instanceKlass com/sun/org/apache/xerces/internal/dom/NamedNodeMapImpl
instanceKlass org/w3c/dom/NamedNodeMap
instanceKlass com/sun/org/apache/xerces/internal/dom/DeepNodeListImpl
instanceKlass com/sun/org/apache/xerces/internal/impl/Constants$ArrayEnumeration
instanceKlass com/sun/org/apache/xerces/internal/impl/Constants
instanceKlass com/sun/org/apache/xerces/internal/dom/DeferredDocumentImpl$RefCount
instanceKlass com/sun/org/apache/xerces/internal/dom/NodeListCache
instanceKlass org/w3c/dom/TypeInfo
instanceKlass org/w3c/dom/ElementTraversal
instanceKlass org/w3c/dom/Element
instanceKlass org/w3c/dom/DocumentType
instanceKlass com/sun/org/apache/xerces/internal/dom/NodeImpl
instanceKlass org/w3c/dom/events/EventTarget
instanceKlass org/w3c/dom/NodeList
instanceKlass org/w3c/dom/Document
instanceKlass org/w3c/dom/ranges/DocumentRange
instanceKlass org/w3c/dom/events/DocumentEvent
instanceKlass org/w3c/dom/traversal/DocumentTraversal
instanceKlass com/sun/org/apache/xerces/internal/dom/DeferredNode
instanceKlass org/w3c/dom/Node
instanceKlass com/sun/org/apache/xerces/internal/util/XMLSymbols
instanceKlass com/sun/org/apache/xerces/internal/util/XMLChar
instanceKlass com/sun/xml/internal/stream/Entity
instanceKlass com/sun/xml/internal/stream/util/BufferAllocator
instanceKlass com/sun/xml/internal/stream/util/ThreadLocalBufferAllocator
instanceKlass com/sun/org/apache/xerces/internal/impl/XMLEntityManager$EncodingInfo
instanceKlass com/sun/org/apache/xerces/internal/utils/XMLLimitAnalyzer
instanceKlass com/sun/org/apache/xerces/internal/xni/parser/XMLInputSource
instanceKlass org/xml/sax/InputSource
instanceKlass sun/nio/fs/WindowsUriSupport
instanceKlass com/sun/org/apache/xerces/internal/util/FeatureState
instanceKlass com/sun/org/apache/xerces/internal/util/PropertyState
instanceKlass com/sun/org/apache/xerces/internal/impl/msg/XMLMessageFormatter
instanceKlass com/sun/org/apache/xerces/internal/util/MessageFormatter
instanceKlass com/sun/org/apache/xerces/internal/impl/XMLVersionDetector
instanceKlass com/sun/org/apache/xerces/internal/impl/validation/ValidationManager
instanceKlass com/sun/org/apache/xerces/internal/impl/dv/dtd/NMTOKENDatatypeValidator
instanceKlass com/sun/org/apache/xerces/internal/impl/dv/dtd/NOTATIONDatatypeValidator
instanceKlass com/sun/org/apache/xerces/internal/impl/dv/dtd/ENTITYDatatypeValidator
instanceKlass com/sun/org/apache/xerces/internal/impl/dv/dtd/ListDatatypeValidator
instanceKlass com/sun/org/apache/xerces/internal/impl/dv/dtd/IDREFDatatypeValidator
instanceKlass com/sun/org/apache/xerces/internal/impl/dv/dtd/IDDatatypeValidator
instanceKlass com/sun/org/apache/xerces/internal/impl/dv/dtd/StringDatatypeValidator
instanceKlass com/sun/org/apache/xerces/internal/impl/dv/DatatypeValidator
instanceKlass com/sun/org/apache/xerces/internal/impl/dv/DTDDVFactory
instanceKlass com/sun/org/apache/xerces/internal/impl/dtd/DTDGrammarBucket
instanceKlass com/sun/org/apache/xerces/internal/impl/dtd/XMLAttributeDecl
instanceKlass com/sun/org/apache/xerces/internal/impl/dtd/XMLSimpleType
instanceKlass com/sun/org/apache/xerces/internal/impl/dtd/XMLElementDecl
instanceKlass com/sun/org/apache/xerces/internal/impl/validation/ValidationState
instanceKlass com/sun/org/apache/xerces/internal/impl/dv/ValidationContext
instanceKlass com/sun/org/apache/xerces/internal/impl/dtd/XMLDTDValidator
instanceKlass com/sun/org/apache/xerces/internal/impl/RevalidationHandler
instanceKlass com/sun/org/apache/xerces/internal/impl/dtd/XMLDTDValidatorFilter
instanceKlass com/sun/org/apache/xerces/internal/xni/parser/XMLDocumentFilter
instanceKlass com/sun/org/apache/xerces/internal/impl/dtd/XMLEntityDecl
instanceKlass com/sun/org/apache/xerces/internal/impl/dtd/XMLDTDProcessor
instanceKlass com/sun/org/apache/xerces/internal/xni/parser/XMLDTDContentModelFilter
instanceKlass com/sun/org/apache/xerces/internal/xni/parser/XMLDTDFilter
instanceKlass com/sun/org/apache/xerces/internal/xni/parser/XMLDTDScanner
instanceKlass com/sun/org/apache/xerces/internal/xni/parser/XMLDTDContentModelSource
instanceKlass com/sun/org/apache/xerces/internal/xni/parser/XMLDTDSource
instanceKlass com/sun/org/apache/xerces/internal/xni/grammars/XMLDTDDescription
instanceKlass com/sun/org/apache/xerces/internal/xni/grammars/XMLGrammarDescription
instanceKlass com/sun/org/apache/xerces/internal/impl/XMLDocumentScannerImpl$TrailingMiscDriver
instanceKlass com/sun/org/apache/xerces/internal/impl/XMLDocumentScannerImpl$PrologDriver
instanceKlass com/sun/org/apache/xerces/internal/impl/XMLDocumentScannerImpl$XMLDeclDriver
instanceKlass com/sun/org/apache/xerces/internal/util/NamespaceSupport
instanceKlass com/sun/org/apache/xerces/internal/xni/NamespaceContext
instanceKlass com/sun/org/apache/xerces/internal/util/XMLAttributesImpl$Attribute
instanceKlass com/sun/org/apache/xerces/internal/util/XMLAttributesImpl
instanceKlass com/sun/org/apache/xerces/internal/xni/XMLAttributes
instanceKlass com/sun/org/apache/xerces/internal/impl/XMLDocumentFragmentScannerImpl$FragmentContentDriver
instanceKlass com/sun/org/apache/xerces/internal/impl/XMLDocumentFragmentScannerImpl$Driver
instanceKlass com/sun/org/apache/xerces/internal/impl/XMLDocumentFragmentScannerImpl$ElementStack2
instanceKlass com/sun/org/apache/xerces/internal/xni/QName
instanceKlass com/sun/org/apache/xerces/internal/impl/XMLDocumentFragmentScannerImpl$ElementStack
instanceKlass com/sun/org/apache/xerces/internal/xni/XMLString
instanceKlass com/sun/org/apache/xerces/internal/impl/XMLScanner
instanceKlass com/sun/xml/internal/stream/XMLBufferListener
instanceKlass com/sun/org/apache/xerces/internal/impl/XMLEntityHandler
instanceKlass com/sun/org/apache/xerces/internal/xni/parser/XMLDocumentScanner
instanceKlass com/sun/org/apache/xerces/internal/xni/parser/XMLDocumentSource
instanceKlass com/sun/org/apache/xerces/internal/impl/XMLErrorReporter
instanceKlass com/sun/org/apache/xerces/internal/impl/XMLEntityScanner
instanceKlass com/sun/org/apache/xerces/internal/xni/XMLLocator
instanceKlass com/sun/xml/internal/stream/XMLEntityStorage
instanceKlass com/sun/org/apache/xerces/internal/util/AugmentationsImpl$AugmentationsItemsContainer
instanceKlass com/sun/org/apache/xerces/internal/util/AugmentationsImpl
instanceKlass com/sun/org/apache/xerces/internal/xni/Augmentations
instanceKlass com/sun/org/apache/xerces/internal/util/XMLResourceIdentifierImpl
instanceKlass com/sun/org/apache/xerces/internal/xni/XMLResourceIdentifier
instanceKlass com/sun/org/apache/xerces/internal/impl/XMLEntityManager
instanceKlass com/sun/org/apache/xerces/internal/xni/parser/XMLEntityResolver
instanceKlass com/sun/org/apache/xerces/internal/xni/parser/XMLComponent
instanceKlass com/sun/org/apache/xerces/internal/util/SymbolTable$Entry
instanceKlass com/sun/org/apache/xerces/internal/util/SymbolTable
instanceKlass jdk/xml/internal/JdkConstants
instanceKlass javax/xml/parsers/SAXParserFactory
instanceKlass jdk/xml/internal/JdkXmlUtils
instanceKlass com/sun/org/apache/xerces/internal/util/ParserConfigurationSettings
instanceKlass com/sun/org/apache/xerces/internal/parsers/XML11Configurable
instanceKlass com/sun/org/apache/xerces/internal/xni/parser/XMLPullParserConfiguration
instanceKlass com/sun/org/apache/xerces/internal/xni/parser/XMLParserConfiguration
instanceKlass com/sun/org/apache/xerces/internal/xni/parser/XMLComponentManager
instanceKlass com/sun/org/apache/xerces/internal/parsers/XMLParser
instanceKlass com/sun/org/apache/xerces/internal/xni/XMLDTDContentModelHandler
instanceKlass com/sun/org/apache/xerces/internal/xni/XMLDTDHandler
instanceKlass com/sun/org/apache/xerces/internal/xni/XMLDocumentHandler
instanceKlass javax/xml/parsers/DocumentBuilder
instanceKlass com/sun/org/apache/xerces/internal/jaxp/JAXPConstants
instanceKlass com/sun/org/apache/xerces/internal/utils/XMLSecurityPropertyManager
instanceKlass com/sun/org/apache/xerces/internal/utils/XMLSecurityManager
instanceKlass javax/xml/parsers/FactoryFinder$1
instanceKlass java/lang/invoke/LambdaFormEditor$1
instanceKlass jdk/xml/internal/SecuritySupport
instanceKlass javax/xml/parsers/FactoryFinder
instanceKlass javax/xml/parsers/DocumentBuilderFactory
instanceKlass sun/nio/ch/FileChannelImpl$Closer
instanceKlass sun/nio/ch/NativeThreadSet
instanceKlass java/nio/file/attribute/FileAttribute
instanceKlass java/nio/channels/SeekableByteChannel
instanceKlass sun/nio/fs/WindowsChannelFactory$Flags
instanceKlass sun/nio/fs/WindowsChannelFactory$1
instanceKlass sun/nio/fs/WindowsChannelFactory
instanceKlass sun/nio/fs/ExtendedFileSystemProvider
instanceKlass org/robolectric/manifest/AndroidManifest
instanceKlass org/robolectric/internal/ManifestIdentifier
instanceKlass org/robolectric/res/Fs
instanceKlass org/robolectric/internal/DefaultManifestFactory
instanceKlass sun/net/DefaultProgressMeteringPolicy
instanceKlass sun/net/ProgressMeteringPolicy
instanceKlass sun/net/ProgressMonitor
instanceKlass org/robolectric/plugins/HierarchicalConfigurationStrategy$ConfigurationImpl
instanceKlass org/robolectric/annotation/GetInstallerPackageNameMode
instanceKlass org/robolectric/plugins/HierarchicalConfigurationStrategy$GetConfig
instanceKlass org/robolectric/plugins/HierarchicalConfigurationStrategy$Counter
instanceKlass org/robolectric/config/AndroidConfigurer
instanceKlass org/robolectric/annotation/TextLayoutMode
instanceKlass org/robolectric/annotation/SQLiteMode
instanceKlass org/robolectric/annotation/ResourcesMode
instanceKlass org/robolectric/annotation/LooperMode
instanceKlass org/robolectric/annotation/experimental/LazyApplication
instanceKlass org/robolectric/annotation/GraphicsMode
instanceKlass org/robolectric/util/OsUtil
instanceKlass org/robolectric/annotation/ConscryptMode
instanceKlass org/robolectric/plugins/PackagePropertiesLoader
instanceKlass org/robolectric/plugins/GetInstallerPackageNameModeConfigurer
instanceKlass org/robolectric/plugins/config/SingleValueConfigurer
instanceKlass org/robolectric/plugins/ConfigConfigurer
instanceKlass java/lang/reflect/AnnotatedArrayType
instanceKlass sun/reflect/generics/reflectiveObjects/GenericArrayTypeImpl
instanceKlass sun/reflect/generics/tree/ArrayTypeSignature
instanceKlass sun/reflect/generics/tree/Wildcard
instanceKlass sun/reflect/generics/tree/BottomSignature
instanceKlass org/robolectric/pluginapi/config/Configurer
instanceKlass org/robolectric/pluginapi/config/ConfigurationStrategy$Configuration
instanceKlass org/robolectric/plugins/HierarchicalConfigurationStrategy
instanceKlass org/robolectric/pluginapi/config/ConfigurationStrategy
instanceKlass javax/inject/Named
instanceKlass javax/annotation/meta/TypeQualifier
instanceKlass javax/annotation/Nonnull
instanceKlass org/robolectric/plugins/DefaultSdkPicker
instanceKlass jdk/internal/misc/ScopedMemoryAccess$Scope
instanceKlass org/robolectric/pluginapi/SdkPicker
instanceKlass org/robolectric/util/Util
instanceKlass com/google/common/util/concurrent/AsyncCallable
instanceKlass org/robolectric/internal/dependency/MavenArtifactFetcher
instanceKlass com/google/common/base/CommonPattern
instanceKlass com/google/common/base/Platform$JdkPatternCompiler
instanceKlass com/google/common/base/PatternCompiler
instanceKlass com/google/common/base/Platform
instanceKlass com/google/common/base/Strings
instanceKlass java/util/concurrent/Executors$DefaultThreadFactory
instanceKlass org/robolectric/MavenRoboSettings
instanceKlass java/lang/Byte$ByteCache
instanceKlass java/lang/Short$ShortCache
instanceKlass org/robolectric/util/ReflectionHelpers
instanceKlass org/robolectric/util/ReflectionHelpers$ClassParameter
instanceKlass org/robolectric/internal/dependency/MavenDependencyResolver
instanceKlass org/robolectric/plugins/LegacyDependencyResolver$MaybeAClassLoader
instanceKlass org/robolectric/plugins/LegacyDependencyResolver$DefinitelyNotAClassLoader
instanceKlass org/robolectric/plugins/LegacyDependencyResolver
instanceKlass org/robolectric/internal/dependency/DependencyResolver
instanceKlass javax/annotation/Priority
instanceKlass org/robolectric/plugins/DefaultSdkProvider
instanceKlass org/robolectric/pluginapi/SdkProvider
instanceKlass org/robolectric/shadow/api/Shadow
instanceKlass org/robolectric/internal/bytecode/RobolectricInternals
instanceKlass org/robolectric/pluginapi/Sdk
instanceKlass org/robolectric/internal/bytecode/InstrumentationConfiguration
instanceKlass org/robolectric/plugins/SdkCollection
instanceKlass org/robolectric/internal/SandboxManager$SandboxBuilder
instanceKlass org/robolectric/internal/SandboxManager
instanceKlass org/robolectric/annotation/Config$Implementation
instanceKlass org/robolectric/annotation/Config$Builder
instanceKlass org/robolectric/RobolectricTestRunner$DeprecatedTestRunnerDefaultConfigProvider
instanceKlass org/robolectric/pluginapi/config/GlobalConfigProvider
instanceKlass org/robolectric/util/inject/Injector$ArrayProvider
instanceKlass org/robolectric/pluginapi/perf/PerfStatsReporter
instanceKlass org/robolectric/sandbox/AlwaysTrueShadowMatcher
instanceKlass org/robolectric/internal/bytecode/ClassHandler
instanceKlass org/robolectric/util/inject/Injector$ScopeBuilderProvider
instanceKlass org/robolectric/internal/bytecode/ClassHandlerBuilder
instanceKlass com/google/common/collect/AbstractMapBasedMultimap$WrappedCollection$WrappedIterator
instanceKlass com/google/common/collect/Maps$EntryTransformer
instanceKlass com/google/common/base/Converter
instanceKlass com/google/common/collect/BiMap
instanceKlass com/google/common/collect/SortedMapDifference
instanceKlass com/google/common/collect/MapDifference
instanceKlass com/google/common/collect/Maps
instanceKlass com/google/common/collect/AbstractMapEntry
instanceKlass com/google/common/collect/CompactHashMap$Itr
instanceKlass com/google/common/collect/AbstractMapBasedMultimap$AsMap$AsMapIterator
instanceKlass com/google/common/collect/Hashing
instanceKlass com/google/common/collect/CompactHashing
instanceKlass org/robolectric/util/Logger
instanceKlass com/google/common/primitives/IntsMethodsForWeb
instanceKlass com/google/common/collect/Platform
instanceKlass com/google/common/collect/ImmutableMap$Builder
instanceKlass com/google/common/collect/ImmutableMap
instanceKlass com/google/common/collect/Multiset
instanceKlass com/google/common/collect/AbstractMultimap
instanceKlass org/robolectric/internal/bytecode/ShadowMap
instanceKlass com/google/common/collect/ObjectArrays
instanceKlass org/robolectric/util/inject/Supercedes
instanceKlass org/robolectric/util/inject/Supersedes
instanceKlass org/robolectric/Shadows
instanceKlass sun/net/www/protocol/jar/JarFileFactory
instanceKlass sun/net/www/protocol/jar/URLJarFile$URLJarFileCloseController
instanceKlass org/robolectric/util/inject/Injector$ListProvider
instanceKlass java/lang/reflect/AnnotatedParameterizedType
instanceKlass sun/reflect/generics/tree/TypeVariableSignature
instanceKlass org/robolectric/internal/ShadowProvider
instanceKlass sun/reflect/generics/tree/VoidDescriptor
instanceKlass org/robolectric/internal/bytecode/ShadowProviders
instanceKlass org/robolectric/internal/bytecode/MethodRef
instanceKlass org/robolectric/util/Function
instanceKlass org/robolectric/internal/bytecode/Interceptor
instanceKlass org/robolectric/interceptors/AndroidInterceptors
instanceKlass org/robolectric/internal/bytecode/Interceptors
instanceKlass org/robolectric/internal/bytecode/ShadowDecorator
instanceKlass org/objectweb/asm/Handle
instanceKlass org/robolectric/internal/bytecode/InvokeDynamicSupport
instanceKlass org/robolectric/internal/bytecode/ProxyMaker$MethodMapper
instanceKlass jdk/internal/vm/annotation/ForceInline
instanceKlass sun/misc/Unsafe
instanceKlass org/robolectric/internal/bytecode/ProxyMaker$Factory
instanceKlass org/robolectric/internal/bytecode/ClassValueMap
instanceKlass org/robolectric/internal/bytecode/ProxyMaker
instanceKlass org/robolectric/internal/bytecode/ShadowImpl
instanceKlass org/robolectric/internal/IShadow
instanceKlass org/objectweb/asm/Type
instanceKlass sun/reflect/annotation/TypeAnnotation$LocationInfo$Location
instanceKlass sun/reflect/annotation/TypeAnnotation$LocationInfo
instanceKlass sun/reflect/annotation/AnnotatedTypeFactory$AnnotatedTypeBaseImpl
instanceKlass sun/reflect/annotation/AnnotatedTypeFactory
instanceKlass java/lang/reflect/AnnotatedType
instanceKlass sun/reflect/annotation/TypeAnnotation
instanceKlass sun/reflect/annotation/TypeAnnotationParser
instanceKlass javax/inject/Inject
instanceKlass org/objectweb/asm/ClassVisitor
instanceKlass org/objectweb/asm/commons/Remapper
instanceKlass org/objectweb/asm/tree/AbstractInsnNode
instanceKlass org/robolectric/internal/bytecode/ClassInstrumentor$Decorator
instanceKlass org/robolectric/util/inject/Injector$MemoizingProvider
instanceKlass java/util/Collections$ReverseComparator2
instanceKlass java/util/Collections$ReverseComparator
instanceKlass org/robolectric/pluginapi/perf/Metric
instanceKlass org/robolectric/util/PerfStatsCollector$MetricKey
instanceKlass org/robolectric/util/PerfStatsCollector$Event
instanceKlass org/robolectric/util/PerfStatsCollector$ThrowingSupplier
instanceKlass org/robolectric/util/Clock
instanceKlass org/robolectric/util/PerfStatsCollector
instanceKlass org/robolectric/util/inject/AutoFactory
instanceKlass org/robolectric/internal/bytecode/ClassInstrumentor
instanceKlass org/koin/core/module/Module
instanceKlass top/mcxiafeng/badger/data/queue/OperationHistoryDao
instanceKlass androidx/room/RoomDatabase
instanceKlass org/koin/core/parameter/ParametersHolder
instanceKlass org/koin/core/scope/Scope
instanceKlass top/mcxiafeng/badger/data/queue/OperationHistoryEntity
instanceKlass kotlin/Unit
instanceKlass org/koin/core/KoinApplication
instanceKlass org/robolectric/util/inject/Injector$Key
instanceKlass javax/inject/Provider
instanceKlass org/robolectric/util/inject/Injector
instanceKlass org/robolectric/util/inject/PluginFinder$ServiceFinderAdapter
instanceKlass org/robolectric/util/inject/PluginFinder
instanceKlass org/robolectric/util/inject/Injector$Builder
instanceKlass org/robolectric/sandbox/ShadowMatcher
instanceKlass org/robolectric/internal/ManifestFactory
instanceKlass org/robolectric/internal/bytecode/Sandbox
instanceKlass org/robolectric/pluginapi/UsesSdk
instanceKlass org/robolectric/internal/bytecode/ResourceProvider
instanceKlass android/content/Context
instanceKlass android/content/ComponentCallbacks2
instanceKlass android/content/ComponentCallbacks
instanceKlass org/robolectric/annotation/Config
instanceKlass top/mcxiafeng/badger/data/queue/OperationHistoryDaoTest
instanceKlass kotlin/ranges/RangesKt__RangesKt
instanceKlass kotlin/collections/ArraysKt__ArraysJVMKt
instanceKlass kotlin/collections/SetsKt__SetsJVMKt
instanceKlass com/google/gson/internal/TroubleshootingGuide
instanceKlass com/google/gson/internal/LinkedTreeMap$Node
instanceKlass com/google/gson/internal/LinkedTreeMap$1
instanceKlass com/google/gson/internal/bind/TypeAdapters$42
instanceKlass com/google/gson/internal/bind/TypeAdapters$29
instanceKlass com/google/gson/internal/bind/TypeAdapters$33
instanceKlass java/util/Currency
instanceKlass com/google/gson/internal/bind/TypeAdapters$34
instanceKlass java/util/concurrent/atomic/AtomicIntegerArray
instanceKlass com/google/gson/internal/bind/TypeAdapters$32
instanceKlass java/util/BitSet
instanceKlass com/google/gson/internal/bind/TypeAdapters$31
instanceKlass com/google/gson/stream/JsonWriter
instanceKlass com/google/gson/TypeAdapterFactory
instanceKlass com/google/gson/TypeAdapter
instanceKlass com/google/gson/internal/bind/TypeAdapters
instanceKlass com/google/gson/JsonElement
instanceKlass com/google/gson/internal/Streams
instanceKlass com/google/gson/internal/JsonReaderInternalAccess
instanceKlass com/google/gson/stream/JsonReader
instanceKlass com/google/gson/JsonParser
instanceKlass com/google/common/base/ExtraObjectsMethodsForWeb
instanceKlass kotlin/collections/MapsKt__MapWithDefaultKt
instanceKlass kotlin/TuplesKt
instanceKlass kotlin/Pair
instanceKlass kotlin/collections/CollectionsKt__CollectionsJVMKt
instanceKlass com/google/common/truth/LongSubject$TolerantLongComparison
instanceKlass com/google/common/truth/Subject$ComparisonResult
instanceKlass com/google/common/truth/IntegerSubject$TolerantIntegerComparison
instanceKlass com/google/common/base/Function
instanceKlass com/google/common/truth/LazyMessage
instanceKlass com/google/common/collect/Iterables
instanceKlass com/google/common/collect/CollectPreconditions
instanceKlass com/google/common/collect/ImmutableCollection$Builder
instanceKlass com/google/common/collect/ListMultimap
instanceKlass com/google/common/collect/Multimap
instanceKlass com/google/common/truth/SubjectUtils
instanceKlass com/google/common/truth/FailureMetadata$Step
instanceKlass com/google/common/truth/Ordered
instanceKlass com/google/common/truth/IterableSubject$PairwiseChecker
instanceKlass com/google/common/base/Preconditions
instanceKlass com/google/common/collect/UnmodifiableIterator
instanceKlass com/google/common/truth/ErrorWithFacts
instanceKlass com/google/common/truth/FailureMetadata
instanceKlass com/google/common/truth/Subject
instanceKlass com/google/common/truth/StandardSubjectBuilder
instanceKlass com/google/common/truth/FailureStrategy
instanceKlass com/google/common/truth/Truth
instanceKlass top/mcxiafeng/badger/data/QAuxvFriendEntry
instanceKlass android/util/Log
instanceKlass java/lang/invoke/MethodHandles$1
instanceKlass kotlin/text/CharsKt__CharJVMKt
instanceKlass kotlin/text/StringsKt__AppendableKt
instanceKlass top/mcxiafeng/badger/data/QAuxvFriendImporter
instanceKlass org/junit/rules/MethodRule
instanceKlass org/junit/runners/BlockJUnit4ClassRunner$RuleCollector
instanceKlass org/junit/internal/runners/model/ReflectiveCallable
instanceKlass java/util/regex/IntHashSet
instanceKlass java/util/regex/Matcher
instanceKlass java/util/regex/MatchResult
instanceKlass org/junit/runners/ParentRunner$4
instanceKlass org/junit/runners/RuleContainer$1
instanceKlass org/junit/runners/RuleContainer
instanceKlass org/junit/rules/TestRule
instanceKlass org/junit/runners/ParentRunner$ClassRuleCollector
instanceKlass org/junit/runner/notification/RunNotifier$SafeNotifier
instanceKlass org/junit/internal/runners/model/EachTestNotifier
instanceKlass org/gradle/api/NonNullApi
instanceKlass org/junit/runner/notification/RunListener$ThreadSafe
instanceKlass org/junit/runner/notification/RunNotifier
instanceKlass org/junit/runner/OrderWith
instanceKlass java/util/Formattable
instanceKlass java/util/Formatter$FixedString
instanceKlass java/util/Formatter$Flags
instanceKlass java/util/Formatter$FormatSpecifier
instanceKlass java/util/Formatter$FormatString
instanceKlass java/util/Formatter$Conversion
instanceKlass java/util/Formatter
instanceKlass java/util/regex/Pattern$BitClass
instanceKlass org/junit/runner/Description
instanceKlass org/junit/After
instanceKlass org/junit/Assert
instanceKlass kotlin/annotation/MustBeDocumented
instanceKlass kotlin/collections/AbstractList$Companion
instanceKlass kotlin/collections/AbstractCollection
instanceKlass kotlin/jvm/internal/Intrinsics
instanceKlass kotlin/enums/EnumEntriesKt
instanceKlass kotlin/enums/EnumEntries
instanceKlass kotlin/jvm/internal/markers/KMappedMarker
instanceKlass org/junit/validator/ValidateWith
instanceKlass org/junit/internal/runners/rules/RuleMemberValidator$MethodMustBeARule
instanceKlass org/junit/internal/runners/rules/RuleMemberValidator$MethodMustBeATestRule
instanceKlass org/junit/internal/runners/rules/RuleMemberValidator$FieldMustBeARule
instanceKlass org/junit/internal/runners/rules/RuleMemberValidator$MemberMustBeNonStaticOrAlsoClassRule
instanceKlass org/junit/Rule
instanceKlass org/junit/internal/runners/rules/RuleMemberValidator$FieldMustBeATestRule
instanceKlass org/junit/internal/runners/rules/RuleMemberValidator$MemberMustBePublic
instanceKlass org/junit/internal/runners/rules/RuleMemberValidator$MemberMustBeStatic
instanceKlass org/junit/internal/runners/rules/RuleMemberValidator$DeclaringClassMustBePublic
instanceKlass org/junit/ClassRule
instanceKlass org/junit/internal/runners/rules/RuleMemberValidator$Builder
instanceKlass org/junit/internal/runners/rules/RuleMemberValidator$RuleValidator
instanceKlass org/junit/internal/runners/rules/RuleMemberValidator
instanceKlass org/junit/AfterClass
instanceKlass org/junit/internal/Checks
instanceKlass org/junit/runners/ParentRunner$1
instanceKlass java/lang/annotation/Documented
instanceKlass java/lang/Deprecated
instanceKlass jdk/internal/vm/annotation/IntrinsicCandidate
instanceKlass org/junit/BeforeClass
instanceKlass org/junit/Before
instanceKlass org/junit/Test
instanceKlass org/junit/FixMethodOrder
instanceKlass org/junit/internal/MethodSorter$2
instanceKlass org/junit/internal/MethodSorter$1
instanceKlass org/junit/internal/MethodSorter
instanceKlass org/junit/runners/model/TestClass$MethodComparator
instanceKlass org/junit/runners/model/TestClass$FieldComparator
instanceKlass org/junit/runners/model/FrameworkMember
instanceKlass org/junit/runners/model/TestClass
instanceKlass org/junit/runners/model/Annotatable
instanceKlass org/junit/validator/PublicClassValidator
instanceKlass org/junit/validator/AnnotationValidatorFactory
instanceKlass org/junit/validator/AnnotationsValidator$AnnotatableValidator
instanceKlass org/junit/validator/AnnotationsValidator
instanceKlass org/junit/validator/TestClassValidator
instanceKlass org/junit/runners/model/RunnerScheduler
instanceKlass org/hamcrest/SelfDescribing
instanceKlass org/junit/runners/model/MemberValueConsumer
instanceKlass org/junit/runners/model/Statement
instanceKlass junit/framework/Assert
instanceKlass junit/framework/Test
instanceKlass org/junit/runner/RunWith
instanceKlass java/lang/Class$AnnotationData
instanceKlass kotlin/annotation/Target
instanceKlass kotlin/annotation/Retention
instanceKlass kotlin/Metadata
instanceKlass org/junit/Ignore
instanceKlass org/junit/runner/manipulation/Orderable
instanceKlass org/junit/runner/manipulation/Sortable
instanceKlass org/junit/runner/manipulation/Filterable
instanceKlass org/junit/runners/model/RunnerBuilder
instanceKlass org/junit/runner/Request
instanceKlass top/mcxiafeng/badger/data/QAuxvFriendImporterTest
instanceKlass org/junit/runner/Runner
instanceKlass org/junit/runner/Describable
instanceKlass org/gradle/api/internal/tasks/testing/junit/JUnitTestClassExecutor
instanceKlass java/util/regex/Pattern$TreeInfo
instanceKlass java/util/regex/CharPredicates
instanceKlass java/util/regex/Pattern$BmpCharPredicate
instanceKlass java/util/regex/Pattern$CharPredicate
instanceKlass java/util/regex/Pattern$Node
instanceKlass java/util/regex/Pattern
instanceKlass org/gradle/api/internal/tasks/testing/failure/DefaultThrowableToTestFailureMapper
instanceKlass org/gradle/api/internal/tasks/testing/failure/ThrowableToTestFailureMapper
instanceKlass org/gradle/api/internal/tasks/testing/failure/TestFailureMapper
instanceKlass org/gradle/api/internal/tasks/testing/worker/TestWorker$2
instanceKlass org/gradle/internal/actor/internal/DefaultActorFactory$BlockingActor
instanceKlass org/gradle/api/internal/tasks/testing/junit/TestClassExecutionEventGenerator
instanceKlass org/gradle/api/internal/tasks/testing/junit/TestClassExecutionListener
instanceKlass org/gradle/internal/serialize/DefaultSerializerRegistry$TypeInfo
instanceKlass org/apache/commons/lang/StringUtils
instanceKlass org/gradle/api/internal/tasks/testing/redirector/TestOutputRedirector$Forwarder
instanceKlass org/gradle/api/internal/tasks/testing/redirector/TestOutputRedirector
instanceKlass org/gradle/api/internal/tasks/testing/redirector/DefaultStandardOutputRedirector$WriteAction
instanceKlass org/gradle/api/internal/tasks/testing/redirector/StandardOutputRedirector$OutputListener
instanceKlass org/gradle/api/internal/tasks/testing/redirector/DefaultStandardOutputRedirector
instanceKlass org/gradle/api/internal/tasks/testing/processors/CaptureTestOutputTestResultProcessor
instanceKlass org/gradle/internal/remote/internal/hub/DefaultMethodArgsSerializer$ArraySerializer
instanceKlass org/gradle/api/internal/tasks/testing/results/AttachParentTestResultProcessor
instanceKlass java/util/AbstractMap$SimpleImmutableEntry
instanceKlass org/gradle/api/internal/tasks/testing/worker/TestWorker$1
instanceKlass java/util/concurrent/ConcurrentSkipListMap$Iter
instanceKlass org/gradle/internal/remote/internal/hub/queue/MultiEndPointQueue$1
instanceKlass org/gradle/internal/remote/internal/hub/DefaultMethodArgsSerializer$EmptyArraySerializer
instanceKlass org/gradle/internal/remote/internal/hub/MethodInvocationSerializer$MethodDetails
instanceKlass java/nio/channels/spi/AbstractSelector$1
instanceKlass org/gradle/internal/remote/internal/hub/MessageHub$ConnectionReceive
instanceKlass org/gradle/internal/remote/internal/hub/MessageHub$ConnectionDispatch
instanceKlass org/gradle/internal/remote/internal/hub/ConnectionState
instanceKlass org/gradle/internal/serialize/kryo/TypeSafeSerializer$2
instanceKlass org/gradle/internal/remote/internal/hub/MethodInvocationSerializer$MethodInvocationWriter
instanceKlass org/gradle/internal/remote/internal/hub/InterHubMessageSerializer$MessageWriter
instanceKlass org/gradle/internal/serialize/AbstractEncoder
instanceKlass org/gradle/internal/serialize/PositionAwareEncoder
instanceKlass org/gradle/internal/serialize/kryo/TypeSafeSerializer$1
instanceKlass org/gradle/internal/remote/internal/hub/MethodInvocationSerializer$MethodInvocationReader
instanceKlass org/gradle/internal/remote/internal/hub/InterHubMessageSerializer$MessageReader
instanceKlass org/gradle/internal/remote/internal/inet/SocketInetAddress$Serializer
instanceKlass org/gradle/internal/remote/internal/inet/SocketInetAddress
instanceKlass org/gradle/internal/io/BufferCaster
instanceKlass java/lang/invoke/ConstantBootstraps
instanceKlass java/nio/channels/SelectionKey
instanceKlass java/nio/BufferMismatch
instanceKlass sun/nio/ch/IOStatus
instanceKlass sun/nio/ch/Util$BufferCache
instanceKlass sun/security/provider/AbstractDrbg$NonceProvider
instanceKlass sun/nio/fs/BasicFileAttributesHolder
instanceKlass sun/nio/fs/WindowsDirectoryStream$WindowsDirectoryIterator
instanceKlass sun/nio/fs/WindowsDirectoryStream
instanceKlass java/nio/file/DirectoryStream
instanceKlass java/nio/file/Files$AcceptAllFilter
instanceKlass java/nio/file/DirectoryStream$Filter
instanceKlass java/net/NetworkInterface$1
instanceKlass java/net/DefaultInterface
instanceKlass java/net/InterfaceAddress
instanceKlass java/net/NetworkInterface
instanceKlass sun/security/provider/SeedGenerator$1
instanceKlass sun/security/provider/SeedGenerator
instanceKlass sun/security/provider/AbstractDrbg$SeederHolder
instanceKlass java/security/DrbgParameters$NextBytes
instanceKlass com/sun/security/sasl/Provider$1
instanceKlass sun/security/pkcs11/SunPKCS11$Descriptor
instanceKlass javax/security/auth/callback/CallbackHandler
instanceKlass javax/security/auth/Subject
instanceKlass sun/security/smartcardio/SunPCSC$1
instanceKlass java/security/spec/ECFieldF2m
instanceKlass sun/security/util/ObjectIdentifier
instanceKlass sun/security/util/ByteArrayTagOrder
instanceKlass sun/security/util/ByteArrayLexOrder
instanceKlass sun/security/util/DerEncoder
instanceKlass java/security/spec/ECParameterSpec
instanceKlass java/security/spec/AlgorithmParameterSpec
instanceKlass java/security/spec/ECPoint
instanceKlass java/security/spec/EllipticCurve
instanceKlass java/security/spec/ECFieldFp
instanceKlass java/security/spec/ECField
instanceKlass sun/security/util/CurveDB
instanceKlass sun/security/ec/SunEC$1
instanceKlass sun/security/jgss/SunProvider$1
instanceKlass org/jcp/xml/dsig/internal/dom/XMLDSigRI$2
instanceKlass org/jcp/xml/dsig/internal/dom/XMLDSigRI$1
instanceKlass sun/security/mscapi/SunMSCAPI$2
instanceKlass sun/security/mscapi/SunMSCAPI$1
instanceKlass com/sun/security/sasl/gsskerb/JdkSASL$1
instanceKlass sun/security/jca/ProviderConfig$ProviderLoader
instanceKlass sun/security/jca/ProviderConfig$3
instanceKlass sun/security/rsa/SunRsaSignEntries
instanceKlass sun/nio/ch/UnixDomainSocketsUtil
instanceKlass sun/nio/ch/UnixDomainSockets
instanceKlass sun/nio/ch/PipeImpl$Initializer$LoopbackConnector
instanceKlass sun/nio/ch/PipeImpl$Initializer
instanceKlass sun/security/provider/EntropySource
instanceKlass sun/security/provider/AbstractDrbg
instanceKlass java/security/DrbgParameters$Instantiation
instanceKlass java/security/DrbgParameters
instanceKlass sun/security/provider/MoreDrbgParameters
instanceKlass java/security/SecureRandomSpi
instanceKlass java/security/SecureRandomParameters
instanceKlass java/util/AbstractList$Itr
instanceKlass java/nio/channels/Pipe
instanceKlass sun/nio/ch/WEPoll
instanceKlass sun/nio/ch/Util$2
instanceKlass sun/nio/ch/Util
instanceKlass java/nio/channels/Selector
instanceKlass java/nio/DirectByteBuffer$Deallocator
instanceKlass org/gradle/internal/serialize/FlushableEncoder
instanceKlass org/gradle/internal/remote/internal/KryoBackedMessageSerializer
instanceKlass org/gradle/internal/serialize/Encoder
instanceKlass org/gradle/internal/remote/internal/inet/SocketConnection
instanceKlass org/gradle/internal/remote/internal/hub/MethodInvocationSerializer
instanceKlass org/gradle/internal/serialize/kryo/TypeSafeSerializer
instanceKlass java/util/concurrent/ForkJoinPool$WorkQueue
instanceKlass java/util/concurrent/ForkJoinPool$DefaultCommonPoolForkJoinWorkerThreadFactory
instanceKlass org/gradle/internal/serialize/ObjectReader
instanceKlass java/util/concurrent/ForkJoinPool$1
instanceKlass java/util/concurrent/ForkJoinPool$DefaultForkJoinWorkerThreadFactory
instanceKlass java/util/concurrent/ForkJoinPool$ForkJoinWorkerThreadFactory
instanceKlass org/gradle/internal/serialize/ObjectWriter
instanceKlass org/gradle/internal/remote/internal/hub/InterHubMessageSerializer
instanceKlass org/gradle/internal/remote/internal/hub/JavaSerializationBackedMethodArgsSerializer
instanceKlass org/gradle/internal/remote/internal/hub/DefaultMethodArgsSerializer
instanceKlass org/gradle/internal/concurrent/AbstractManagedExecutor$1
instanceKlass org/gradle/internal/remote/internal/hub/MessageHub$Handler
instanceKlass org/gradle/internal/remote/internal/hub/queue/EndPointQueue
instanceKlass org/gradle/internal/remote/internal/hub/MessageHubBackedObjectConnection$DispatchWrapper
instanceKlass org/gradle/api/tasks/testing/TestFailureDetails
instanceKlass org/gradle/api/internal/tasks/testing/worker/TestEventSerializer$DefaultTestFailureSerializer
instanceKlass org/gradle/api/tasks/testing/TestFailure
instanceKlass org/gradle/api/internal/tasks/testing/worker/TestEventSerializer$DefaultTestOutputEventSerializer
instanceKlass org/gradle/api/internal/tasks/testing/DefaultTestOutputEvent
instanceKlass org/gradle/api/tasks/testing/TestOutputEvent
instanceKlass org/gradle/api/internal/tasks/testing/worker/TestEventSerializer$TestCompleteEventSerializer
instanceKlass org/gradle/api/internal/tasks/testing/TestCompleteEvent
instanceKlass org/gradle/api/internal/tasks/testing/worker/TestEventSerializer$NullableSerializer
instanceKlass org/gradle/api/internal/tasks/testing/worker/TestEventSerializer$TestStartEventSerializer
instanceKlass org/gradle/api/internal/tasks/testing/TestStartEvent
instanceKlass org/gradle/api/internal/tasks/testing/worker/TestEventSerializer$DefaultTestDescriptorSerializer
instanceKlass org/gradle/api/internal/tasks/testing/worker/TestEventSerializer$DefaultTestMethodDescriptorSerializer
instanceKlass org/gradle/api/internal/tasks/testing/worker/TestEventSerializer$DefaultTestClassDescriptorSerializer
instanceKlass org/gradle/api/internal/tasks/testing/worker/TestEventSerializer$WorkerTestSuiteDescriptorSerializer
instanceKlass org/gradle/api/internal/tasks/testing/worker/TestEventSerializer$DefaultTestSuiteDescriptorSerializer
instanceKlass org/gradle/api/internal/tasks/testing/worker/TestEventSerializer$DefaultParameterizedTestDescriptorSerializer
instanceKlass org/gradle/api/internal/tasks/testing/worker/TestEventSerializer$DefaultNestedTestSuiteDescriptorSerializer
instanceKlass org/gradle/api/internal/tasks/testing/worker/TestEventSerializer$IdSerializer
instanceKlass org/gradle/api/internal/tasks/testing/worker/TestEventSerializer$DefaultTestClassRunInfoSerializer
instanceKlass org/gradle/api/internal/tasks/testing/DefaultTestClassRunInfo
instanceKlass org/gradle/api/internal/tasks/testing/worker/TestEventSerializer
instanceKlass org/gradle/internal/dispatch/ContextClassLoaderDispatch
instanceKlass org/gradle/internal/dispatch/ContextClassLoaderProxy
instanceKlass org/gradle/api/internal/tasks/testing/AbstractTestDescriptor
instanceKlass org/gradle/internal/id/CompositeIdGenerator$CompositeId
instanceKlass org/gradle/api/internal/tasks/testing/TestDescriptorInternal
instanceKlass org/gradle/api/tasks/testing/TestDescriptor
instanceKlass org/gradle/api/internal/tasks/testing/redirector/StandardOutputRedirector
instanceKlass org/gradle/api/internal/tasks/testing/SuiteTestClassProcessor
instanceKlass org/junit/runner/notification/RunListener
instanceKlass org/gradle/api/internal/tasks/testing/junit/AbstractJUnitTestClassProcessor
instanceKlass org/gradle/internal/actor/Actor
instanceKlass org/gradle/internal/actor/internal/DefaultActorFactory
instanceKlass org/gradle/internal/id/LongIdGenerator
instanceKlass org/gradle/internal/id/CompositeIdGenerator
instanceKlass java/lang/reflect/WildcardType
instanceKlass sun/reflect/generics/reflectiveObjects/LazyReflectiveObjectGenerator
instanceKlass java/lang/reflect/TypeVariable
instanceKlass sun/reflect/generics/tree/ClassSignature
instanceKlass sun/reflect/generics/reflectiveObjects/ParameterizedTypeImpl
instanceKlass sun/reflect/generics/tree/MethodTypeSignature
instanceKlass sun/reflect/generics/tree/Signature
instanceKlass sun/reflect/generics/tree/FormalTypeParameter
instanceKlass sun/reflect/generics/repository/AbstractRepository
instanceKlass org/gradle/api/internal/tasks/testing/worker/TestWorker$TestFrameworkServiceRegistry
instanceKlass org/gradle/process/internal/worker/child/ActionExecutionWorker$1
instanceKlass org/gradle/process/internal/worker/child/SystemApplicationClassLoaderWorker$ContextImpl
instanceKlass org/gradle/process/internal/worker/child/ActionExecutionWorker
instanceKlass org/gradle/internal/logging/source/PrintStreamLoggingSystem$PrintStreamDestination
instanceKlass java/util/logging/ErrorManager
instanceKlass org/gradle/internal/logging/source/JavaUtilLoggingSystem$SnapshotImpl
instanceKlass org/gradle/internal/logging/config/LoggingSystemAdapter$SnapshotImpl
instanceKlass org/gradle/internal/logging/sink/OutputEventRenderer$SnapshotImpl
instanceKlass org/gradle/internal/SystemProperties
instanceKlass org/gradle/internal/logging/events/StyledTextOutputEvent$Span
instanceKlass org/gradle/internal/logging/events/operations/StyledTextBuildOperationProgressDetails$Span
instanceKlass org/gradle/internal/operations/logging/StyledTextBuildOperationProgressDetails$Span
instanceKlass org/gradle/internal/concurrent/ThreadSafe
instanceKlass org/gradle/internal/remote/internal/hub/protocol/ChannelIdentifier
instanceKlass org/gradle/internal/remote/internal/hub/MessageHub$ChannelDispatch
instanceKlass org/gradle/internal/dispatch/MethodInvocation
instanceKlass org/gradle/process/internal/worker/child/WorkerLoggingProtocol
instanceKlass org/gradle/internal/logging/serializer/LogLevelChangeEventSerializer
instanceKlass org/gradle/internal/logging/serializer/SpanSerializer
instanceKlass org/gradle/internal/serialize/AbstractCollectionSerializer
instanceKlass org/gradle/internal/logging/serializer/StyledTextOutputEventSerializer
instanceKlass java/util/concurrent/atomic/Striped64$1
instanceKlass jdk/internal/util/random/RandomSupport
instanceKlass java/util/Random
instanceKlass java/util/random/RandomGenerator
instanceKlass org/gradle/internal/serialize/DefaultSerializerRegistry$InstanceBasedSerializerFactory
instanceKlass org/gradle/internal/logging/serializer/LogEventSerializer
instanceKlass org/gradle/internal/serialize/AbstractSerializer
instanceKlass org/gradle/internal/serialize/BaseSerializerFactory
instanceKlass org/gradle/internal/serialize/DefaultSerializerRegistry$HierarchySerializerMatcher
instanceKlass org/gradle/internal/serialize/DefaultSerializerRegistry$StrictSerializerMatcher
instanceKlass org/gradle/internal/serialize/DefaultSerializerRegistry$SerializerClassMatcherStrategy
instanceKlass org/gradle/internal/serialize/DefaultSerializerRegistry$1
instanceKlass org/gradle/internal/serialize/DefaultSerializerRegistry$SerializerFactory
instanceKlass org/gradle/internal/serialize/DefaultSerializerRegistry
instanceKlass org/gradle/internal/serialize/SerializerRegistry
instanceKlass org/gradle/process/internal/worker/WorkerLoggingSerializer
instanceKlass org/gradle/internal/remote/internal/hub/MessageHubBackedObjectConnection$2
instanceKlass org/gradle/internal/concurrent/ExecutorPolicy$CatchAndRecordFailures
instanceKlass java/util/concurrent/SynchronousQueue$TransferStack$SNode
instanceKlass java/util/concurrent/SynchronousQueue$Transferer
instanceKlass java/util/concurrent/ThreadPoolExecutor$AbortPolicy
instanceKlass java/util/concurrent/RejectedExecutionHandler
instanceKlass java/util/concurrent/Executors
instanceKlass org/gradle/internal/concurrent/ThreadFactoryImpl
instanceKlass java/util/concurrent/AbstractExecutorService
instanceKlass org/gradle/internal/remote/internal/hub/ConnectionSet
instanceKlass org/gradle/internal/remote/internal/hub/protocol/Routable
instanceKlass org/gradle/internal/remote/internal/hub/queue/MultiEndPointQueue
instanceKlass org/gradle/internal/remote/internal/hub/queue/QueueInitializer
instanceKlass org/gradle/internal/remote/internal/hub/protocol/InterHubMessage
instanceKlass org/gradle/internal/remote/internal/hub/queue/MultiChannelQueue
instanceKlass org/gradle/internal/remote/internal/hub/MessageHub$Discard
instanceKlass org/gradle/internal/remote/internal/hub/StreamFailureHandler
instanceKlass org/gradle/internal/dispatch/BoundedDispatch
instanceKlass org/gradle/internal/dispatch/StreamCompletion
instanceKlass org/gradle/internal/remote/internal/hub/RejectedMessageListener
instanceKlass org/gradle/internal/remote/internal/hub/MessageHub
instanceKlass org/gradle/internal/remote/internal/hub/MessageHubBackedObjectConnection$1
instanceKlass org/gradle/internal/remote/internal/RemoteConnection
instanceKlass org/gradle/internal/remote/internal/Connection
instanceKlass org/gradle/internal/dispatch/Receive
instanceKlass org/gradle/internal/remote/internal/MessageSerializer
instanceKlass org/gradle/internal/remote/internal/inet/SocketConnectCompletion
instanceKlass org/gradle/internal/remote/internal/inet/SocketBlockingUtil
instanceKlass sun/nio/ch/NativeThread
instanceKlass sun/net/NetHooks
instanceKlass java/nio/channels/spi/AbstractInterruptibleChannel$1
instanceKlass sun/nio/ch/Interruptible
instanceKlass java/net/InetSocketAddress$InetSocketAddressHolder
instanceKlass sun/net/NetProperties$1
instanceKlass sun/net/NetProperties
instanceKlass java/net/SocketImpl
instanceKlass java/net/SocketOptions
instanceKlass java/net/Socket
instanceKlass jdk/net/ExtendedSocketOptions$PlatformSocketOptions$1
instanceKlass jdk/net/ExtendedSocketOptions$PlatformSocketOptions
instanceKlass jdk/net/ExtendedSocketOptions$ExtSocketOption
instanceKlass java/net/SocketOption
instanceKlass jdk/net/ExtendedSocketOptions
instanceKlass sun/net/ext/ExtendedSocketOptions
instanceKlass java/net/Inet6Address$Inet6AddressHolder
instanceKlass sun/nio/ch/Net$1
instanceKlass java/net/ProtocolFamily
instanceKlass sun/nio/ch/Net
instanceKlass sun/nio/ch/IOUtil
instanceKlass sun/nio/ch/NativeDispatcher
instanceKlass sun/nio/ch/SelChImpl
instanceKlass sun/nio/ch/DefaultSelectorProvider
instanceKlass java/nio/channels/spi/SelectorProvider$Holder
instanceKlass java/nio/channels/spi/SelectorProvider
instanceKlass java/nio/channels/spi/AbstractInterruptibleChannel
instanceKlass java/nio/channels/InterruptibleChannel
instanceKlass java/nio/channels/NetworkChannel
instanceKlass java/nio/channels/GatheringByteChannel
instanceKlass java/nio/channels/ScatteringByteChannel
instanceKlass java/nio/channels/ByteChannel
instanceKlass java/nio/channels/WritableByteChannel
instanceKlass java/nio/channels/ReadableByteChannel
instanceKlass java/nio/channels/Channel
instanceKlass org/gradle/internal/serialize/StatefulSerializer
instanceKlass org/gradle/internal/remote/internal/hub/MethodArgsSerializer
instanceKlass org/gradle/internal/classloader/ClassLoaderHierarchy
instanceKlass org/gradle/internal/classloader/DelegatingClassLoader
instanceKlass org/gradle/internal/remote/internal/hub/MessageHubBackedObjectConnection
instanceKlass org/gradle/internal/remote/ObjectConnection
instanceKlass org/gradle/internal/remote/ObjectConnectionBuilder
instanceKlass org/gradle/internal/remote/internal/hub/MessageHubBackedClient
instanceKlass java/net/SocketAddress
instanceKlass org/gradle/internal/remote/internal/ConnectCompletion
instanceKlass org/gradle/internal/remote/internal/inet/TcpOutgoingConnector
instanceKlass org/gradle/process/internal/worker/child/SystemApplicationClassLoaderWorker$PrintUnrecoverableErrorToFileHandler
instanceKlass java/text/DontCareFieldPosition$1
instanceKlass java/text/Format$FieldDelegate
instanceKlass java/text/DigitList
instanceKlass java/text/FieldPosition
instanceKlass java/lang/StringUTF16$CharsSpliterator
instanceKlass java/util/stream/Sink$ChainedInt
instanceKlass java/util/OptionalInt
instanceKlass java/util/stream/Sink$OfInt
instanceKlass java/util/function/IntConsumer
instanceKlass java/util/function/IntPredicate
instanceKlass java/util/stream/IntStream
instanceKlass java/lang/StringLatin1$CharsSpliterator
instanceKlass java/text/DecimalFormatSymbols
instanceKlass sun/util/resources/Bundles$2
instanceKlass sun/util/resources/LocaleData$LocaleDataResourceBundleProvider
instanceKlass java/util/spi/ResourceBundleProvider
instanceKlass java/text/DateFormatSymbols
instanceKlass sun/util/calendar/CalendarUtils
instanceKlass sun/util/calendar/CalendarDate
instanceKlass sun/util/resources/Bundles$CacheKeyReference
instanceKlass java/util/ResourceBundle$ResourceBundleProviderHelper
instanceKlass sun/util/resources/Bundles$CacheKey
instanceKlass java/util/ResourceBundle$1
instanceKlass jdk/internal/access/JavaUtilResourceBundleAccess
instanceKlass sun/util/resources/Bundles
instanceKlass sun/util/resources/LocaleData$LocaleDataStrategy
instanceKlass sun/util/resources/Bundles$Strategy
instanceKlass sun/util/resources/LocaleData$1
instanceKlass sun/util/resources/LocaleData
instanceKlass sun/util/locale/provider/LocaleResources
instanceKlass java/util/ResourceBundle
instanceKlass java/util/ResourceBundle$Control
instanceKlass sun/util/locale/provider/CalendarDataUtility$CalendarWeekParameterGetter
instanceKlass sun/util/locale/provider/LocaleServiceProviderPool$LocalizedObjectGetter
instanceKlass sun/util/locale/provider/LocaleServiceProviderPool
instanceKlass java/util/Locale$Builder
instanceKlass sun/util/locale/provider/CalendarDataUtility
instanceKlass sun/util/calendar/CalendarSystem$GregorianHolder
instanceKlass sun/util/calendar/CalendarSystem
instanceKlass java/util/Calendar$Builder
instanceKlass java/util/StringTokenizer
instanceKlass sun/util/locale/provider/AvailableLanguageTags
instanceKlass sun/util/resources/cldr/provider/CLDRLocaleDataMetaInfo
instanceKlass jdk/internal/module/ModulePatcher$PatchedModuleReader
instanceKlass sun/util/locale/LocaleObjectCache
instanceKlass sun/util/locale/BaseLocale$Key
instanceKlass sun/util/locale/InternalLocaleBuilder$CaseInsensitiveChar
instanceKlass sun/util/locale/InternalLocaleBuilder
instanceKlass sun/util/locale/StringTokenIterator
instanceKlass sun/util/locale/ParseStatus
instanceKlass sun/util/locale/LanguageTag
instanceKlass sun/util/cldr/CLDRBaseLocaleDataMetaInfo
instanceKlass sun/util/locale/provider/LocaleDataMetaInfo
instanceKlass sun/util/locale/provider/ResourceBundleBasedAdapter
instanceKlass sun/util/locale/provider/LocaleProviderAdapter$1
instanceKlass java/util/Collections$UnmodifiableCollection$1
instanceKlass sun/util/locale/provider/LocaleProviderAdapter
instanceKlass java/util/spi/LocaleServiceProvider
instanceKlass sun/util/calendar/ZoneInfoFile$ZoneOffsetTransitionRule
instanceKlass sun/util/calendar/ZoneInfoFile$1
instanceKlass sun/util/calendar/ZoneInfoFile
instanceKlass java/util/TimeZone
instanceKlass java/util/Calendar
instanceKlass java/text/AttributedCharacterIterator$Attribute
instanceKlass java/text/Format
instanceKlass org/gradle/process/internal/worker/child/DefaultWorkerDirectoryProvider
instanceKlass org/gradle/process/internal/worker/child/SystemApplicationClassLoaderWorker$WorkerServices$1
instanceKlass org/gradle/process/internal/worker/child/WorkerLogEventListener
instanceKlass org/gradle/process/internal/worker/child/WorkerDirectoryProvider
instanceKlass org/gradle/process/internal/health/memory/JvmMemoryInfo
instanceKlass org/gradle/internal/event/ScopedListenerManager
instanceKlass org/gradle/internal/event/ListenerManager
instanceKlass org/gradle/process/internal/health/memory/OsMemoryInfo
instanceKlass org/gradle/process/internal/health/memory/MemoryManager
instanceKlass org/gradle/process/internal/worker/child/SystemApplicationClassLoaderWorker$WorkerServices
instanceKlass org/gradle/internal/remote/internal/inet/InetAddressFactory
instanceKlass org/gradle/internal/concurrent/ManagedScheduledExecutor
instanceKlass java/util/concurrent/ScheduledExecutorService
instanceKlass org/gradle/internal/concurrent/ManagedThreadPoolExecutor
instanceKlass org/gradle/internal/concurrent/ManagedExecutor
instanceKlass java/util/concurrent/ExecutorService
instanceKlass java/util/concurrent/Executor
instanceKlass org/gradle/internal/concurrent/AsyncStoppable
instanceKlass org/gradle/internal/concurrent/ExecutorPolicy
instanceKlass org/gradle/internal/concurrent/DefaultExecutorFactory
instanceKlass org/gradle/internal/concurrent/ExecutorFactory
instanceKlass org/gradle/internal/service/DefaultServiceRegistry$CompositeServiceProvider
instanceKlass org/gradle/internal/service/DefaultServiceRegistry$ParentServices
instanceKlass org/gradle/internal/id/UUIDGenerator
instanceKlass org/gradle/internal/remote/internal/OutgoingConnector
instanceKlass org/gradle/internal/remote/MessagingServer
instanceKlass org/gradle/internal/remote/MessagingClient
instanceKlass org/gradle/internal/remote/internal/IncomingConnector
instanceKlass org/gradle/internal/remote/services/MessagingServices
instanceKlass org/gradle/process/internal/worker/child/SystemApplicationClassLoaderWorker$2
instanceKlass org/gradle/api/internal/file/temp/DefaultTemporaryFileProvider
instanceKlass java/lang/Class$EnclosingMethodInfo
instanceKlass net/rubygrapefruit/platform/WindowsRegistry
instanceKlass net/rubygrapefruit/platform/file/FileSystems
instanceKlass net/rubygrapefruit/platform/memory/Memory
instanceKlass net/rubygrapefruit/platform/SystemInfo
instanceKlass org/gradle/internal/jvm/Jvm
instanceKlass org/gradle/internal/jvm/JavaInfo
instanceKlass net/rubygrapefruit/platform/Native
instanceKlass org/gradle/internal/file/StatStatistics
instanceKlass org/gradle/internal/file/StatStatistics$Collector
instanceKlass org/gradle/internal/nativeintegration/filesystem/services/GenericFileSystem
instanceKlass org/gradle/internal/service/InjectUtil
instanceKlass java/lang/invoke/MethodHandleImpl$ArrayAccessor
instanceKlass java/lang/invoke/MethodHandleImpl$2
instanceKlass java/lang/invoke/MethodHandleImpl$LoopClauses
instanceKlass java/lang/invoke/MethodHandleImpl$CasesHolder
instanceKlass org/gradle/internal/service/DefaultServiceRegistry$1
instanceKlass org/gradle/internal/file/FileCanonicalizer
instanceKlass net/rubygrapefruit/platform/file/PosixFiles
instanceKlass net/rubygrapefruit/platform/file/Files
instanceKlass org/gradle/internal/os/OperatingSystem
instanceKlass org/gradle/internal/nativeintegration/filesystem/services/GenericFileSystem$Factory
instanceKlass org/gradle/api/internal/file/temp/TemporaryFileProvider
instanceKlass org/gradle/internal/nativeintegration/services/NativeServices$FileEventFunctionsProvider
instanceKlass org/gradle/internal/nativeintegration/services/NativeServices$NativeFeatures$1$2
instanceKlass org/gradle/internal/nativeintegration/services/NativeServices$1
instanceKlass org/gradle/internal/nativeintegration/filesystem/FileSystem
instanceKlass org/gradle/internal/file/FileSystem
instanceKlass org/gradle/internal/file/Stat
instanceKlass org/gradle/internal/file/Chmod
instanceKlass org/gradle/internal/file/FileModeMutator
instanceKlass org/gradle/internal/file/FileModeAccessor
instanceKlass org/gradle/internal/nativeintegration/filesystem/Symlink
instanceKlass org/gradle/internal/nativeintegration/filesystem/services/FileSystemServices
instanceKlass java/lang/ProcessEnvironment$CheckedEntry
instanceKlass java/lang/ProcessEnvironment$CheckedEntrySet$1
instanceKlass java/lang/ProcessEnvironment$EntryComparator
instanceKlass java/lang/ProcessEnvironment$NameComparator
instanceKlass org/gradle/internal/nativeintegration/jansi/DefaultJansiRuntimeResolver
instanceKlass org/gradle/internal/nativeintegration/jansi/JansiRuntimeResolver
instanceKlass org/gradle/internal/nativeintegration/jansi/JansiLibraryFactory
instanceKlass org/gradle/internal/nativeintegration/jansi/JansiStorageLocator
instanceKlass org/gradle/internal/nativeintegration/jansi/JansiBootPathConfigurer
instanceKlass org/gradle/internal/file/FileMetadataAccessor
instanceKlass org/gradle/internal/nativeintegration/NativeCapabilities
instanceKlass net/rubygrapefruit/platform/ProcessLauncher
instanceKlass net/rubygrapefruit/platform/NativeIntegration
instanceKlass org/gradle/internal/nativeintegration/ProcessEnvironment
instanceKlass org/gradle/internal/nativeintegration/network/HostnameLookup
instanceKlass org/gradle/initialization/GradleUserHomeDirProvider
instanceKlass org/gradle/internal/nativeintegration/console/ConsoleDetector
instanceKlass org/gradle/internal/nativeintegration/services/NativeServices
instanceKlass org/gradle/internal/logging/services/DefaultLoggingManager$StartableLoggingSystem
instanceKlass org/gradle/internal/logging/services/DefaultLoggingManager$StartableLoggingRouter
instanceKlass org/gradle/internal/logging/services/DefaultLoggingManager
instanceKlass java/util/logging/Logger$SystemLoggerHelper$1
instanceKlass java/util/logging/Logger$SystemLoggerHelper
instanceKlass java/util/logging/LogManager$4
instanceKlass jdk/internal/logger/BootstrapLogger$BootstrapExecutors
instanceKlass jdk/internal/logger/LoggerFinderLoader
instanceKlass java/util/stream/Stream$Builder
instanceKlass java/util/stream/Streams$AbstractStreamBuilderImpl
instanceKlass java/util/stream/FindOps$FindOp
instanceKlass java/util/stream/FindOps$FindSink
instanceKlass java/util/stream/FindOps
instanceKlass java/util/ArrayList$ArrayListSpliterator
instanceKlass java/util/Hashtable$Enumerator
instanceKlass java/util/Collections$SynchronizedCollection
instanceKlass java/util/Properties$EntrySet
instanceKlass java/util/Collections$3
instanceKlass java/util/logging/LogManager$LoggerContext$1
instanceKlass java/util/logging/LogManager$VisitedLoggers
instanceKlass java/util/logging/LogManager$2
instanceKlass java/util/logging/LogManager$LoggingProviderAccess
instanceKlass java/lang/Shutdown$Lock
instanceKlass java/lang/Shutdown
instanceKlass java/lang/ApplicationShutdownHooks$1
instanceKlass java/lang/ApplicationShutdownHooks
instanceKlass java/util/Collections$SynchronizedMap
instanceKlass java/util/logging/LogManager$LogNode
instanceKlass java/util/logging/LogManager$LoggerContext
instanceKlass java/util/logging/LogManager$1
instanceKlass java/util/logging/LogManager
instanceKlass java/util/logging/Logger$ConfigurationData
instanceKlass java/util/logging/Logger$LoggerBundle
instanceKlass java/util/logging/Handler
instanceKlass java/util/logging/Logger
instanceKlass java/util/logging/Level
instanceKlass org/gradle/internal/logging/source/JavaUtilLoggingSystem
instanceKlass org/gradle/internal/logging/slf4j/Slf4jLoggingConfigurer
instanceKlass org/gradle/internal/logging/config/LoggingSystemAdapter
instanceKlass org/gradle/internal/logging/LoggingManagerInternal
instanceKlass org/gradle/internal/logging/StandardOutputCapture
instanceKlass org/gradle/api/logging/LoggingManager
instanceKlass org/gradle/internal/logging/services/DefaultLoggingManagerFactory
instanceKlass org/gradle/internal/logging/source/StdErrLoggingSystem
instanceKlass org/gradle/internal/logging/source/PrintStreamLoggingSystem$SnapshotImpl
instanceKlass org/gradle/internal/logging/source/PrintStreamLoggingSystem$OutputEventDestination
instanceKlass org/gradle/internal/logging/source/PrintStreamLoggingSystem$1
instanceKlass org/gradle/internal/logging/events/operations/StyledTextBuildOperationProgressDetails
instanceKlass org/gradle/internal/operations/logging/StyledTextBuildOperationProgressDetails
instanceKlass org/gradle/internal/io/TextStream
instanceKlass org/gradle/internal/logging/source/PrintStreamLoggingSystem
instanceKlass org/gradle/internal/logging/source/StdOutLoggingSystem
instanceKlass org/gradle/internal/service/AnnotatedServiceLifecycleHandler
instanceKlass java/lang/reflect/ParameterizedType
instanceKlass org/gradle/internal/service/DefaultServiceRegistry$ClassInspector$ClassDetails
instanceKlass org/gradle/util/internal/CollectionUtils
instanceKlass org/gradle/internal/service/DefaultServiceRegistry$SingletonService$1
instanceKlass java/util/concurrent/ConcurrentLinkedQueue$Node
instanceKlass org/gradle/internal/service/PrivateService
instanceKlass org/gradle/internal/reflect/JavaMethod
instanceKlass org/gradle/internal/service/AbstractServiceMethod
instanceKlass org/gradle/util/internal/ArrayUtils
instanceKlass java/lang/annotation/Target
instanceKlass sun/reflect/annotation/AnnotationInvocationHandler
instanceKlass sun/reflect/annotation/AnnotationParser$1
instanceKlass java/lang/annotation/Inherited
instanceKlass java/lang/annotation/Retention
instanceKlass sun/reflect/annotation/ExceptionProxy
instanceKlass sun/reflect/annotation/AnnotationType$1
instanceKlass sun/reflect/annotation/AnnotationType
instanceKlass java/lang/reflect/GenericArrayType
instanceKlass sun/reflect/generics/visitor/Reifier
instanceKlass sun/reflect/generics/visitor/TypeTreeVisitor
instanceKlass sun/reflect/generics/factory/CoreReflectionFactory
instanceKlass sun/reflect/generics/factory/GenericsFactory
instanceKlass sun/reflect/generics/scope/AbstractScope
instanceKlass sun/reflect/generics/scope/Scope
instanceKlass sun/reflect/generics/tree/ClassTypeSignature
instanceKlass sun/reflect/generics/tree/SimpleClassTypeSignature
instanceKlass sun/reflect/generics/tree/FieldTypeSignature
instanceKlass sun/reflect/generics/tree/BaseType
instanceKlass sun/reflect/generics/tree/TypeSignature
instanceKlass sun/reflect/generics/tree/ReturnType
instanceKlass sun/reflect/generics/tree/TypeArgument
instanceKlass sun/reflect/generics/tree/TypeTree
instanceKlass sun/reflect/generics/tree/Tree
instanceKlass sun/reflect/generics/parser/SignatureParser
instanceKlass org/gradle/internal/service/Provides
instanceKlass org/gradle/internal/logging/services/TextStreamOutputEventListener
instanceKlass org/gradle/internal/service/TypeStringFormatter
instanceKlass org/gradle/internal/service/RelevantMethods$RelevantMethodsBuilder
instanceKlass org/gradle/internal/Cast
instanceKlass org/gradle/internal/service/ServiceMethod
instanceKlass org/gradle/internal/service/MethodHandleBasedServiceMethodFactory
instanceKlass org/gradle/internal/service/DefaultServiceMethodFactory
instanceKlass org/gradle/internal/service/ServiceMethodFactory
instanceKlass org/gradle/internal/service/RelevantMethods
instanceKlass org/gradle/internal/service/DefaultServiceAccessToken
instanceKlass org/gradle/internal/service/DefaultServiceRegistry$ClassInspector
instanceKlass org/gradle/internal/service/ServiceAccess$1
instanceKlass org/gradle/internal/service/ServiceAccessToken
instanceKlass org/gradle/internal/service/ServiceAccessScope
instanceKlass org/gradle/internal/service/ServiceAccess
instanceKlass org/gradle/internal/service/DefaultServiceRegistry$ThisAsService
instanceKlass org/gradle/internal/concurrent/CompositeStoppable$1
instanceKlass org/gradle/internal/concurrent/CompositeStoppable
instanceKlass org/gradle/internal/service/AnnotatedServiceLifecycleHandler$Registration
instanceKlass org/gradle/internal/service/DefaultServiceRegistry$OwnServices
instanceKlass org/gradle/internal/service/ServiceRegistration
instanceKlass org/gradle/internal/service/ServiceProvider$Visitor
instanceKlass org/gradle/internal/InternalTransformer
instanceKlass org/gradle/internal/service/DefaultServiceRegistry$ManagedObjectServiceProvider
instanceKlass org/gradle/internal/service/Service
instanceKlass org/gradle/internal/service/ServiceProvider
instanceKlass org/gradle/internal/logging/sink/OutputEventListenerManager$1
instanceKlass org/gradle/internal/logging/sink/OutputEventListenerManager
instanceKlass org/gradle/internal/service/DefaultServiceRegistry
instanceKlass org/gradle/internal/service/ContainsServices
instanceKlass org/gradle/internal/service/CloseableServiceRegistry
instanceKlass org/gradle/internal/service/ServiceRegistryBuilder
instanceKlass org/gradle/internal/logging/services/LoggingServiceRegistry$1
instanceKlass org/gradle/internal/logging/LoggingManagerFactory
instanceKlass org/gradle/internal/logging/config/LoggingConfigurer
instanceKlass org/gradle/internal/logging/config/LoggingSourceSystem
instanceKlass org/gradle/internal/logging/text/StyledTextOutputFactory
instanceKlass org/gradle/internal/logging/services/LoggingServiceRegistry
instanceKlass org/gradle/process/internal/worker/messaging/WorkerConfig
instanceKlass java/util/Date
instanceKlass java/util/concurrent/ForkJoinPool$ManagedBlocker
instanceKlass java/util/concurrent/locks/AbstractQueuedSynchronizer$Node
instanceKlass java/io/ObjectStreamClass$ExceptionInfo
instanceKlass java/util/function/Predicate
instanceKlass java/util/concurrent/ArrayBlockingQueue$Itrs
instanceKlass java/io/SerialCallbackContext
instanceKlass jdk/internal/reflect/UnsafeFieldAccessorFactory
instanceKlass org/gradle/api/internal/tasks/testing/filter/TestFilterSpec
instanceKlass org/gradle/internal/actor/ActorFactory
instanceKlass org/gradle/internal/id/IdGenerator
instanceKlass org/gradle/api/internal/tasks/testing/junit/JUnitSpec
instanceKlass org/gradle/api/internal/tasks/testing/junit/JUnitTestClassProcessorFactory
instanceKlass java/io/ObjectInputStream$GetField
instanceKlass java/io/ObjectStreamClass$ClassDataSlot
instanceKlass java/lang/constant/DynamicConstantDesc
instanceKlass java/lang/constant/DirectMethodHandleDesc$1
instanceKlass java/lang/constant/DirectMethodHandleDescImpl$1
instanceKlass java/lang/constant/DirectMethodHandleDescImpl
instanceKlass java/lang/constant/DirectMethodHandleDesc
instanceKlass java/lang/constant/MethodHandleDesc$1
instanceKlass java/lang/constant/MethodHandleDesc
instanceKlass java/lang/constant/MethodTypeDescImpl
instanceKlass java/lang/constant/MethodTypeDesc
instanceKlass java/lang/constant/ReferenceClassDescImpl
instanceKlass java/lang/constant/ConstantUtils
instanceKlass java/lang/constant/ClassDesc
instanceKlass java/lang/constant/ConstantDescs
instanceKlass java/lang/invoke/VarHandle$2
instanceKlass java/lang/invoke/VarHandle$TypesAndInvokers
instanceKlass java/lang/invoke/VarHandle$AccessDescriptor
instanceKlass java/lang/invoke/VarHandleByteArrayBase
instanceKlass sun/security/provider/ByteArrayAccess$BE
instanceKlass sun/security/provider/ByteArrayAccess
instanceKlass sun/security/util/MessageDigestSpi2
instanceKlass sun/security/jca/GetInstance$Instance
instanceKlass sun/security/util/SecurityProviderConstants
instanceKlass java/security/Provider$UString
instanceKlass java/security/Provider$Service
instanceKlass sun/security/provider/NativePRNG$NonBlocking
instanceKlass sun/security/provider/NativePRNG$Blocking
instanceKlass sun/security/provider/NativePRNG
instanceKlass sun/security/provider/SunEntries$1
instanceKlass sun/security/provider/SunEntries
instanceKlass sun/security/util/SecurityConstants
instanceKlass sun/security/jca/ProviderList$2
instanceKlass jdk/internal/math/FloatingDecimal$ASCIIToBinaryBuffer
instanceKlass jdk/internal/math/FloatingDecimal$PreparedASCIIToBinaryBuffer
instanceKlass jdk/internal/math/FloatingDecimal$ASCIIToBinaryConverter
instanceKlass jdk/internal/math/FloatingDecimal$BinaryToASCIIBuffer
instanceKlass jdk/internal/math/FloatingDecimal$ExceptionalBinaryToASCIIBuffer
instanceKlass jdk/internal/math/FloatingDecimal$BinaryToASCIIConverter
instanceKlass jdk/internal/math/FloatingDecimal
instanceKlass java/security/Provider$EngineDescription
instanceKlass java/security/Provider$ServiceKey
instanceKlass sun/security/jca/ProviderConfig
instanceKlass sun/security/jca/ProviderList
instanceKlass sun/security/jca/Providers
instanceKlass sun/security/jca/GetInstance
instanceKlass java/security/MessageDigestSpi
instanceKlass java/io/ObjectStreamClass$5
instanceKlass java/io/ObjectStreamClass$4
instanceKlass java/util/TimSort
instanceKlass java/io/ObjectStreamClass$3
instanceKlass java/io/ObjectStreamClass$MemberSignature
instanceKlass java/io/ObjectStreamClass$1
instanceKlass java/lang/Long$LongCache
instanceKlass java/io/ObjectStreamClass$FieldReflector
instanceKlass java/io/ObjectStreamClass$FieldReflectorKey
instanceKlass java/util/stream/ReduceOps$AccumulatingSink
instanceKlass java/util/stream/TerminalSink
instanceKlass java/util/stream/ReduceOps$Box
instanceKlass java/util/stream/ReduceOps$ReduceOp
instanceKlass java/util/stream/TerminalOp
instanceKlass java/util/stream/ReduceOps
instanceKlass java/util/function/BiConsumer
instanceKlass java/util/stream/Collectors$CollectorImpl
instanceKlass java/util/stream/Collector
instanceKlass java/util/stream/Collectors
instanceKlass org/gradle/api/internal/tasks/testing/TestClassRunInfo
instanceKlass java/io/ObjectOutput
instanceKlass jdk/internal/reflect/ClassDefiner$1
instanceKlass jdk/internal/reflect/ClassDefiner
instanceKlass jdk/internal/reflect/MethodAccessorGenerator$1
instanceKlass jdk/internal/reflect/Label$PatchInfo
instanceKlass jdk/internal/reflect/Label
instanceKlass jdk/internal/reflect/UTF8
instanceKlass jdk/internal/reflect/ClassFileAssembler
instanceKlass jdk/internal/reflect/ByteVectorImpl
instanceKlass jdk/internal/reflect/ByteVector
instanceKlass jdk/internal/reflect/ByteVectorFactory
instanceKlass jdk/internal/reflect/AccessorGenerator
instanceKlass jdk/internal/reflect/ClassFileConstants
instanceKlass org/gradle/api/internal/tasks/testing/TestResultProcessor
instanceKlass org/gradle/api/internal/tasks/testing/TestClassProcessor
instanceKlass org/gradle/api/internal/tasks/testing/WorkerTestClassProcessorFactory
instanceKlass java/io/ObjectStreamClass$2
instanceKlass java/io/Externalizable
instanceKlass java/io/ClassCache
instanceKlass java/io/ObjectStreamClass$Caches
instanceKlass jdk/internal/event/Event
instanceKlass sun/reflect/misc/ReflectUtil
instanceKlass org/gradle/api/internal/tasks/testing/worker/TestWorker
instanceKlass org/gradle/internal/concurrent/Stoppable
instanceKlass org/gradle/api/internal/tasks/testing/worker/RemoteTestClassProcessor
instanceKlass java/io/ObjectStreamClass
instanceKlass java/io/Bits
instanceKlass sun/util/logging/PlatformLogger
instanceKlass sun/util/logging/PlatformLogger$ConfigurableBridge$LoggerConfiguration
instanceKlass jdk/internal/logger/BootstrapLogger$RedirectedLoggers
instanceKlass jdk/internal/access/JavaObjectInputFilterAccess
instanceKlass java/io/ObjectInputFilter$Config$BuiltinFilterFactory
instanceKlass java/util/function/BinaryOperator
instanceKlass java/io/ObjectInputFilter
instanceKlass jdk/internal/logger/LazyLoggers$LazyLoggerAccessor
instanceKlass jdk/internal/logger/LazyLoggers$LoggerAccessor
instanceKlass jdk/internal/logger/AbstractLoggerWrapper
instanceKlass java/util/ServiceLoader$ProviderImpl
instanceKlass java/util/ServiceLoader$Provider
instanceKlass java/util/ServiceLoader$1
instanceKlass sun/util/logging/internal/LoggingProviderImpl$LogManagerAccess
instanceKlass java/util/concurrent/CopyOnWriteArrayList$COWIterator
instanceKlass java/util/LinkedList$Node
instanceKlass java/io/Reader
instanceKlass java/util/TreeMap$PrivateEntryIterator
instanceKlass java/util/TreeMap$Entry
instanceKlass java/util/ServiceLoader$3
instanceKlass java/util/ServiceLoader$2
instanceKlass java/util/ServiceLoader$LazyClassPathLookupIterator
instanceKlass java/util/Spliterators$1Adapter
instanceKlass java/util/ServiceLoader$ModuleServicesLookupIterator
instanceKlass java/util/ServiceLoader
instanceKlass jdk/internal/logger/BootstrapLogger$DetectBackend$1
instanceKlass jdk/internal/logger/BootstrapLogger$DetectBackend
instanceKlass jdk/internal/logger/BootstrapLogger
instanceKlass sun/util/logging/PlatformLogger$ConfigurableBridge
instanceKlass sun/util/logging/PlatformLogger$Bridge
instanceKlass java/lang/System$Logger
instanceKlass jdk/internal/logger/DefaultLoggerFinder$1
instanceKlass java/lang/System$LoggerFinder
instanceKlass jdk/internal/logger/LazyLoggers$LazyLoggerFactories
instanceKlass jdk/internal/logger/LazyLoggers$1
instanceKlass jdk/internal/logger/LazyLoggers
instanceKlass java/util/concurrent/atomic/AtomicBoolean
instanceKlass java/io/ObjectInputFilter$Config
instanceKlass java/io/ObjectInputStream$ValidationList
instanceKlass java/io/ObjectInputStream$HandleTable$HandleList
instanceKlass java/io/ObjectInputStream$HandleTable
instanceKlass jdk/internal/access/JavaObjectInputStreamReadString
instanceKlass jdk/internal/access/JavaObjectInputStreamAccess
instanceKlass org/gradle/internal/remote/internal/inet/MultiChoiceAddress
instanceKlass org/gradle/internal/remote/internal/inet/InetEndpoint
instanceKlass java/net/InetAddress$PlatformNameService
instanceKlass java/net/InetAddress$NameService
instanceKlass java/net/Inet6AddressImpl
instanceKlass java/net/InetAddressImpl
instanceKlass java/net/InetAddressImplFactory
instanceKlass java/util/concurrent/ConcurrentSkipListMap$Node
instanceKlass java/util/concurrent/ConcurrentSkipListMap$Index
instanceKlass java/util/concurrent/ConcurrentNavigableMap
instanceKlass java/util/NavigableMap
instanceKlass java/util/SortedMap
instanceKlass java/util/NavigableSet
instanceKlass java/util/SortedSet
instanceKlass java/net/InetAddress$InetAddressHolder
instanceKlass java/net/InetAddress$1
instanceKlass jdk/internal/access/JavaNetInetAddressAccess
instanceKlass java/net/InetAddress
instanceKlass java/util/UUID
instanceKlass org/gradle/internal/remote/internal/inet/MultiChoiceAddressSerializer
instanceKlass org/gradle/internal/serialize/AbstractDecoder
instanceKlass org/gradle/internal/logging/events/operations/LogEventBuildOperationProgressDetails
instanceKlass org/gradle/internal/operations/logging/LogEventBuildOperationProgressDetails
instanceKlass org/gradle/internal/logging/slf4j/BuildOperationAwareLogger
instanceKlass org/gradle/internal/logging/sink/OutputEventRenderer$2
instanceKlass org/gradle/internal/dispatch/ReflectionDispatch
instanceKlass org/gradle/internal/logging/sink/OutputEventRenderer$1
instanceKlass org/gradle/internal/logging/sink/OutputEventRenderer$LazyListener
instanceKlass org/gradle/internal/logging/events/OutputEventListener$1
instanceKlass java/lang/reflect/Proxy$ProxyBuilder$1
instanceKlass jdk/internal/org/objectweb/asm/Edge
instanceKlass java/lang/reflect/ProxyGenerator$PrimitiveTypeInfo
instanceKlass java/util/StringJoiner
instanceKlass java/lang/reflect/ProxyGenerator$ProxyMethod
instanceKlass jdk/internal/module/Checks
instanceKlass java/lang/module/ModuleDescriptor$Builder
instanceKlass java/util/LinkedHashMap$LinkedHashIterator
instanceKlass java/lang/PublicMethods
instanceKlass java/util/Collections$1
instanceKlass java/lang/reflect/Proxy$ProxyBuilder
instanceKlass java/lang/reflect/Proxy
instanceKlass org/gradle/internal/dispatch/ProxyDispatchAdapter$DispatchingInvocationHandler
instanceKlass java/lang/reflect/InvocationHandler
instanceKlass org/gradle/internal/dispatch/ProxyDispatchAdapter
instanceKlass org/gradle/internal/logging/events/operations/ProgressStartBuildOperationProgressDetails
instanceKlass org/gradle/internal/operations/logging/ProgressStartBuildOperationProgressDetails
instanceKlass org/gradle/internal/logging/sink/OutputEventTransformer
instanceKlass org/gradle/internal/exceptions/NonGradleCauseExceptionsHolder
instanceKlass org/gradle/internal/exceptions/MultiCauseException
instanceKlass org/gradle/internal/exceptions/ResolutionProvider
instanceKlass org/gradle/internal/event/AbstractBroadcastDispatch
instanceKlass org/gradle/internal/event/ListenerBroadcast
instanceKlass org/gradle/internal/dispatch/Dispatch
instanceKlass org/gradle/internal/logging/config/LoggingSystem$Snapshot
instanceKlass org/gradle/internal/logging/console/ColorMap
instanceKlass org/gradle/internal/logging/events/InteractiveEvent
instanceKlass org/gradle/internal/logging/events/OutputEvent
instanceKlass org/gradle/internal/logging/text/StyledTextOutput
instanceKlass org/gradle/api/logging/StandardOutputListener
instanceKlass org/gradle/internal/logging/format/LogHeaderFormatter
instanceKlass org/gradle/internal/Factory
instanceKlass org/gradle/internal/nativeintegration/console/ConsoleMetaData
instanceKlass org/gradle/internal/logging/sink/OutputEventRenderer
instanceKlass org/gradle/internal/logging/config/LoggingRouter
instanceKlass org/gradle/internal/logging/LoggingOutputInternal
instanceKlass org/gradle/api/logging/LoggingOutput
instanceKlass org/gradle/internal/logging/config/LoggingSystem
instanceKlass org/gradle/internal/logging/console/UserInputReceiver$Normalizer
instanceKlass org/gradle/internal/logging/console/DefaultUserInputReceiver
instanceKlass org/gradle/internal/logging/slf4j/OutputEventListenerBackedLoggerContext$NoOpLogger
instanceKlass org/gradle/api/logging/Logger
instanceKlass java/lang/invoke/VarForm
instanceKlass java/lang/invoke/VarHandleGuards
instanceKlass jdk/internal/util/Preconditions$1
instanceKlass java/lang/invoke/VarHandle$1
instanceKlass java/lang/ClassValue$Version
instanceKlass java/lang/ClassValue$Identity
instanceKlass java/lang/ClassValue
instanceKlass java/lang/invoke/VarHandles
instanceKlass java/util/concurrent/atomic/AtomicReference
instanceKlass org/gradle/internal/time/TimeSource$1
instanceKlass org/gradle/internal/time/TimeSource
instanceKlass org/gradle/internal/time/MonotonicClock
instanceKlass org/gradle/internal/time/Clock
instanceKlass org/gradle/internal/time/CountdownTimer
instanceKlass org/gradle/internal/time/Timer
instanceKlass org/gradle/internal/time/Time
instanceKlass org/gradle/internal/logging/console/GlobalUserInputReceiver
instanceKlass org/gradle/internal/logging/slf4j/OutputEventListenerBackedLoggerContext
instanceKlass org/slf4j/impl/StaticLoggerBinder
instanceKlass org/slf4j/spi/LoggerFactoryBinder
instanceKlass java/net/URLClassLoader$3$1
instanceKlass java/net/URLClassLoader$3
instanceKlass jdk/internal/loader/URLClassPath$1
instanceKlass java/lang/CompoundEnumeration
instanceKlass jdk/internal/loader/BuiltinClassLoader$1
instanceKlass java/util/Collections$EmptyEnumeration
instanceKlass java/util/Collections$EmptyIterator
instanceKlass jdk/internal/jimage/ImageLocation
instanceKlass jdk/internal/jimage/decompressor/Decompressor
instanceKlass jdk/internal/jimage/ImageStringsReader
instanceKlass jdk/internal/jimage/ImageStrings
instanceKlass jdk/internal/jimage/ImageHeader
instanceKlass jdk/internal/jimage/NativeImageBuffer$1
instanceKlass jdk/internal/jimage/NativeImageBuffer
instanceKlass jdk/internal/jimage/BasicImageReader$1
instanceKlass jdk/internal/jimage/BasicImageReader
instanceKlass jdk/internal/jimage/ImageReader
instanceKlass jdk/internal/jimage/ImageReaderFactory$1
instanceKlass java/nio/file/Paths
instanceKlass jdk/internal/jimage/ImageReaderFactory
instanceKlass jdk/internal/module/SystemModuleFinders$SystemImage
instanceKlass jdk/internal/module/SystemModuleFinders$SystemModuleReader
instanceKlass java/lang/module/ModuleReader
instanceKlass jdk/internal/loader/BuiltinClassLoader$5
instanceKlass jdk/internal/loader/BuiltinClassLoader$2
instanceKlass jdk/internal/module/Resources
instanceKlass org/slf4j/helpers/Util
instanceKlass org/slf4j/helpers/NOPLoggerFactory
instanceKlass java/util/concurrent/LinkedBlockingQueue$Node
instanceKlass java/util/concurrent/locks/AbstractQueuedSynchronizer$ConditionObject
instanceKlass java/util/concurrent/locks/Condition
instanceKlass java/util/concurrent/BlockingQueue
instanceKlass org/slf4j/Logger
instanceKlass org/slf4j/helpers/SubstituteLoggerFactory
instanceKlass org/slf4j/event/LoggingEvent
instanceKlass org/slf4j/ILoggerFactory
instanceKlass org/slf4j/LoggerFactory
instanceKlass java/io/ObjectStreamConstants
instanceKlass java/io/ObjectInput
instanceKlass org/gradle/process/internal/worker/messaging/WorkerConfigSerializer
instanceKlass org/gradle/internal/serialize/Serializer
instanceKlass org/gradle/process/internal/worker/WorkerProcessContext
instanceKlass org/gradle/api/Action
instanceKlass org/gradle/internal/remote/Address
instanceKlass org/gradle/internal/serialize/Decoder
instanceKlass org/gradle/internal/logging/events/OutputEventListener
instanceKlass org/gradle/process/internal/health/memory/JvmMemoryStatusListener
instanceKlass org/gradle/internal/service/ServiceRegistry
instanceKlass org/gradle/internal/service/ServiceLookup
instanceKlass org/gradle/internal/service/ServiceRegistrationProvider
instanceKlass org/gradle/process/internal/worker/child/SystemApplicationClassLoaderWorker
instanceKlass java/util/concurrent/Callable
instanceKlass java/io/FilePermissionCollection$1
instanceKlass java/security/Security$2
instanceKlass jdk/internal/access/JavaSecurityPropertiesAccess
instanceKlass java/util/concurrent/ConcurrentHashMap$MapEntry
instanceKlass java/io/FileInputStream$1
instanceKlass java/util/Properties$LineReader
instanceKlass java/security/Security$1
instanceKlass java/security/Security
instanceKlass sun/security/util/SecurityProperties
instanceKlass sun/security/util/FilePermCompat
instanceKlass java/io/FilePermission$1
instanceKlass jdk/internal/access/JavaIOFilePermissionAccess
instanceKlass sun/net/www/MessageHeader
instanceKlass java/net/URLConnection
instanceKlass java/util/jar/Attributes$Name
instanceKlass java/util/jar/Attributes
instanceKlass sun/security/action/GetIntegerAction
instanceKlass sun/security/util/SignatureFileVerifier
instanceKlass java/net/URLClassLoader$1
instanceKlass java/util/ComparableTimSort
instanceKlass java/util/Arrays$LegacyMergeSort
instanceKlass worker/org/gradle/internal/classloader/FilteringClassLoader$Trie$Builder
instanceKlass worker/org/gradle/internal/classloader/FilteringClassLoader$Trie
instanceKlass worker/org/gradle/internal/classloader/FilteringClassLoader$TrieSet
instanceKlass jdk/internal/loader/BootLoader$PackageHelper
instanceKlass java/util/stream/Sink$ChainedReference
instanceKlass java/util/stream/StreamSpliterators
instanceKlass java/util/stream/AbstractSpinedBuffer
instanceKlass java/util/stream/Node$Builder
instanceKlass java/util/stream/Sink
instanceKlass java/util/function/Consumer
instanceKlass java/util/stream/Node$OfDouble
instanceKlass java/util/stream/Node$OfLong
instanceKlass java/util/stream/Node$OfInt
instanceKlass java/util/stream/Node$OfPrimitive
instanceKlass java/util/stream/Nodes$EmptyNode
instanceKlass java/util/stream/Node
instanceKlass java/util/stream/Nodes
instanceKlass java/util/function/IntFunction
instanceKlass java/util/Spliterators$ArraySpliterator
instanceKlass java/util/Spliterator$OfDouble
instanceKlass java/util/Spliterator$OfLong
instanceKlass java/util/Spliterator$OfInt
instanceKlass java/util/Spliterator$OfPrimitive
instanceKlass java/util/Spliterators$EmptySpliterator
instanceKlass java/util/Spliterators
instanceKlass java/util/stream/Streams$2
instanceKlass java/util/stream/Streams
instanceKlass java/util/stream/StreamSpliterators$AbstractWrappingSpliterator
instanceKlass java/util/stream/Streams$ConcatSpliterator
instanceKlass sun/reflect/annotation/AnnotationParser
instanceKlass java/lang/Class$3
instanceKlass java/util/EnumMap$1
instanceKlass java/util/stream/StreamOpFlag$MaskBuilder
instanceKlass java/util/stream/Stream
instanceKlass java/util/stream/BaseStream
instanceKlass java/util/stream/PipelineHelper
instanceKlass java/util/stream/StreamSupport
instanceKlass java/util/Spliterator
instanceKlass worker/org/gradle/internal/classloader/ClassLoaderUtils$Java9PackagesFetcher
instanceKlass worker/org/gradle/internal/classloader/ClassLoaderUtils$AbstractClassLoaderLookuper
instanceKlass worker/org/gradle/api/internal/jvm/JavaVersionParser
instanceKlass worker/org/gradle/internal/classloader/ClassLoaderUtils$ClassLoaderPackagesFetcher
instanceKlass worker/org/gradle/internal/classloader/ClassLoaderUtils$ClassDefiner
instanceKlass worker/org/gradle/internal/classloader/ClassLoaderUtils
instanceKlass worker/org/gradle/internal/classloader/ClassLoaderSpec
instanceKlass java/lang/PublicMethods$Key
instanceKlass java/lang/PublicMethods$MethodList
instanceKlass worker/org/gradle/internal/classloader/ClassLoaderHierarchy
instanceKlass worker/org/gradle/process/internal/worker/GradleWorkerMain
instanceKlass sun/security/util/Debug
instanceKlass java/security/SecureClassLoader$DebugHolder
instanceKlass java/security/PermissionCollection
instanceKlass java/security/SecureClassLoader$1
instanceKlass java/security/SecureClassLoader$CodeSourceKey
instanceKlass java/util/zip/Checksum$1
instanceKlass java/util/zip/CRC32
instanceKlass java/util/zip/Checksum
instanceKlass sun/nio/ByteBuffered
instanceKlass java/util/zip/ZipFile$InflaterCleanupAction
instanceKlass java/util/zip/Inflater$InflaterZStreamRef
instanceKlass java/util/zip/Inflater
instanceKlass java/lang/Package$VersionInfo
instanceKlass java/lang/NamedPackage
instanceKlass jdk/internal/loader/Resource
instanceKlass java/util/zip/ZipEntry
instanceKlass jdk/internal/util/jar/JarIndex
instanceKlass java/nio/Bits$1
instanceKlass jdk/internal/misc/VM$BufferPool
instanceKlass java/nio/Bits
instanceKlass sun/nio/ch/DirectBuffer
instanceKlass jdk/internal/perf/PerfCounter$CoreCounters
instanceKlass jdk/internal/perf/Perf
instanceKlass jdk/internal/perf/Perf$GetPerfAction
instanceKlass jdk/internal/perf/PerfCounter
instanceKlass java/nio/file/attribute/FileTime
instanceKlass java/util/zip/ZipUtils
instanceKlass java/util/zip/ZipFile$Source$End
instanceKlass java/io/RandomAccessFile$2
instanceKlass jdk/internal/access/JavaIORandomAccessFileAccess
instanceKlass java/io/RandomAccessFile
instanceKlass java/io/DataInput
instanceKlass java/io/DataOutput
instanceKlass sun/nio/fs/WindowsNativeDispatcher$CompletionStatus
instanceKlass sun/nio/fs/WindowsNativeDispatcher$AclInformation
instanceKlass sun/nio/fs/WindowsNativeDispatcher$Account
instanceKlass sun/nio/fs/WindowsNativeDispatcher$DiskFreeSpace
instanceKlass sun/nio/fs/WindowsNativeDispatcher$VolumeInformation
instanceKlass sun/nio/fs/WindowsNativeDispatcher$FirstStream
instanceKlass sun/nio/fs/WindowsNativeDispatcher$FirstFile
instanceKlass java/util/Enumeration
instanceKlass java/util/concurrent/ConcurrentHashMap$Traverser
instanceKlass java/util/concurrent/ConcurrentHashMap$CollectionView
instanceKlass jdk/internal/loader/NativeLibraries$NativeLibraryImpl
instanceKlass jdk/internal/loader/NativeLibrary
instanceKlass java/util/ArrayDeque$DeqIterator
instanceKlass jdk/internal/loader/NativeLibraries$1
instanceKlass jdk/internal/loader/NativeLibraries$LibraryPaths
instanceKlass sun/nio/fs/WindowsNativeDispatcher
instanceKlass sun/nio/fs/NativeBuffer$Deallocator
instanceKlass sun/nio/fs/NativeBuffer
instanceKlass java/lang/ThreadLocal$ThreadLocalMap
instanceKlass sun/nio/fs/NativeBuffers
instanceKlass sun/nio/fs/WindowsFileAttributes
instanceKlass java/nio/file/attribute/DosFileAttributes
instanceKlass sun/nio/fs/AbstractBasicFileAttributeView
instanceKlass sun/nio/fs/DynamicFileAttributeView
instanceKlass sun/nio/fs/WindowsFileAttributeViews
instanceKlass sun/nio/fs/Util
instanceKlass java/nio/file/attribute/BasicFileAttributeView
instanceKlass java/nio/file/attribute/FileAttributeView
instanceKlass java/nio/file/attribute/AttributeView
instanceKlass java/nio/file/Files
instanceKlass java/nio/file/CopyOption
instanceKlass java/nio/file/attribute/BasicFileAttributes
instanceKlass sun/nio/fs/WindowsPath
instanceKlass java/nio/file/Path
instanceKlass java/nio/file/Watchable
instanceKlass java/net/URI$Parser
instanceKlass sun/nio/fs/WindowsPathParser$Result
instanceKlass sun/nio/fs/WindowsPathParser
instanceKlass java/util/Collections$UnmodifiableCollection
instanceKlass java/util/Arrays$ArrayItr
instanceKlass java/nio/file/FileSystem
instanceKlass java/nio/file/OpenOption
instanceKlass java/nio/file/spi/FileSystemProvider
instanceKlass sun/nio/fs/DefaultFileSystemProvider
instanceKlass java/nio/file/FileSystems$DefaultFileSystemHolder$1
instanceKlass java/nio/file/FileSystems$DefaultFileSystemHolder
instanceKlass java/nio/file/FileSystems
instanceKlass java/util/zip/ZipFile$Source$Key
instanceKlass java/util/zip/ZipFile$Source
instanceKlass java/util/zip/ZipCoder
instanceKlass java/util/zip/ZipFile$CleanableResource
instanceKlass java/lang/Runtime$Version
instanceKlass java/util/jar/JavaUtilJarAccessImpl
instanceKlass jdk/internal/access/JavaUtilJarAccess
instanceKlass jdk/internal/loader/FileURLMapper
instanceKlass jdk/internal/loader/URLClassPath$JarLoader$1
instanceKlass java/util/zip/ZipFile$1
instanceKlass jdk/internal/access/JavaUtilZipFileAccess
instanceKlass java/util/zip/ZipFile
instanceKlass java/util/zip/ZipConstants
instanceKlass jdk/internal/loader/URLClassPath$Loader
instanceKlass jdk/internal/loader/URLClassPath$3
instanceKlass java/security/PrivilegedExceptionAction
instanceKlass sun/net/util/URLUtil
instanceKlass sun/launcher/LauncherHelper
instanceKlass jdk/internal/vm/PostVMInitHook$1
instanceKlass java/nio/charset/CoderResult
instanceKlass java/lang/Readable
instanceKlass sun/nio/cs/GBK$EncodeHolder
instanceKlass sun/nio/cs/ArrayEncoder
instanceKlass jdk/internal/util/EnvUtils
instanceKlass jdk/internal/vm/PostVMInitHook$2
instanceKlass sun/util/locale/LocaleUtils
instanceKlass sun/util/locale/BaseLocale
instanceKlass java/util/Locale
instanceKlass jdk/internal/vm/PostVMInitHook
instanceKlass java/lang/invoke/StringConcatFactory$3
instanceKlass java/lang/invoke/StringConcatFactory$2
instanceKlass java/lang/invoke/StringConcatFactory$1
instanceKlass java/lang/invoke/StringConcatFactory
instanceKlass java/util/function/BiFunction
instanceKlass java/lang/WeakPairMap$Pair$Lookup
instanceKlass java/lang/WeakPairMap$Pair
instanceKlass java/lang/WeakPairMap
instanceKlass java/lang/Module$ReflectionData
instanceKlass java/lang/ref/Cleaner$Cleanable
instanceKlass jdk/internal/ref/CleanerImpl
instanceKlass java/lang/ref/Cleaner$1
instanceKlass java/lang/ref/Cleaner
instanceKlass jdk/internal/ref/CleanerFactory$1
instanceKlass java/util/concurrent/ThreadFactory
instanceKlass jdk/internal/ref/CleanerFactory
instanceKlass jdk/internal/org/objectweb/asm/FieldVisitor
instanceKlass java/util/ArrayList$Itr
instanceKlass java/lang/invoke/InvokerBytecodeGenerator$ClassData
instanceKlass jdk/internal/org/objectweb/asm/Frame
instanceKlass java/lang/invoke/LambdaFormBuffer
instanceKlass java/lang/invoke/LambdaFormEditor$TransformKey
instanceKlass java/lang/invoke/LambdaFormEditor
instanceKlass sun/invoke/util/Wrapper$1
instanceKlass java/lang/invoke/DelegatingMethodHandle$Holder
instanceKlass java/lang/invoke/DirectMethodHandle$2
instanceKlass sun/invoke/empty/Empty
instanceKlass sun/invoke/util/VerifyType
instanceKlass java/lang/invoke/ClassSpecializer$Factory
instanceKlass java/lang/invoke/ClassSpecializer$SpeciesData
instanceKlass java/lang/invoke/ClassSpecializer$1
instanceKlass java/lang/invoke/ClassSpecializer
instanceKlass java/lang/invoke/InnerClassLambdaMetafactory$1
instanceKlass java/lang/invoke/MethodHandles$Lookup$ClassDefiner
instanceKlass jdk/internal/org/objectweb/asm/ClassReader
instanceKlass java/lang/invoke/MethodHandles$Lookup$ClassFile
instanceKlass jdk/internal/org/objectweb/asm/AnnotationVisitor
instanceKlass jdk/internal/org/objectweb/asm/Attribute
instanceKlass jdk/internal/org/objectweb/asm/Handler
instanceKlass jdk/internal/org/objectweb/asm/Label
instanceKlass jdk/internal/org/objectweb/asm/MethodVisitor
instanceKlass java/lang/invoke/LambdaProxyClassArchive
instanceKlass jdk/internal/org/objectweb/asm/ByteVector
instanceKlass jdk/internal/org/objectweb/asm/Symbol
instanceKlass jdk/internal/org/objectweb/asm/SymbolTable
instanceKlass jdk/internal/org/objectweb/asm/ClassVisitor
instanceKlass java/lang/invoke/InfoFromMemberName
instanceKlass java/lang/invoke/MethodHandleInfo
instanceKlass jdk/internal/org/objectweb/asm/ConstantDynamic
instanceKlass sun/invoke/util/BytecodeDescriptor
instanceKlass jdk/internal/org/objectweb/asm/Handle
instanceKlass sun/security/action/GetBooleanAction
instanceKlass jdk/internal/org/objectweb/asm/Type
instanceKlass java/lang/invoke/AbstractValidatingLambdaMetafactory
instanceKlass java/lang/invoke/MethodHandleImpl$1
instanceKlass jdk/internal/access/JavaLangInvokeAccess
instanceKlass java/lang/invoke/Invokers$Holder
instanceKlass java/lang/invoke/BootstrapMethodInvoker
instanceKlass java/lang/invoke/InvokerBytecodeGenerator$2
instanceKlass java/lang/invoke/InvokerBytecodeGenerator
instanceKlass java/lang/invoke/LambdaForm$Holder
instanceKlass java/lang/invoke/LambdaForm$Name
instanceKlass java/lang/reflect/Array
instanceKlass java/lang/invoke/Invokers
instanceKlass java/lang/invoke/MethodHandleImpl
instanceKlass sun/invoke/util/ValueConversions
instanceKlass java/lang/invoke/DirectMethodHandle$Holder
instanceKlass java/lang/invoke/LambdaForm$NamedFunction
instanceKlass sun/invoke/util/Wrapper$Format
instanceKlass java/lang/invoke/MethodTypeForm
instanceKlass java/lang/Void
instanceKlass java/lang/invoke/MethodType$ConcurrentWeakInternSet
instanceKlass java/lang/invoke/LambdaMetafactory
instanceKlass java/lang/ModuleLayer$Controller
instanceKlass java/util/concurrent/CopyOnWriteArrayList
instanceKlass jdk/internal/module/ServicesCatalog$ServiceProvider
instanceKlass jdk/internal/loader/AbstractClassLoaderValue$Memoizer
instanceKlass java/util/ImmutableCollections$ListItr
instanceKlass java/util/ListIterator
instanceKlass java/lang/ModuleLayer
instanceKlass jdk/internal/module/ModuleLoaderMap$Modules
instanceKlass jdk/internal/module/ModuleLoaderMap$Mapper
instanceKlass java/util/function/Function
instanceKlass jdk/internal/module/ModuleLoaderMap
instanceKlass java/util/ImmutableCollections$Set12$1
instanceKlass java/util/AbstractMap$1$1
instanceKlass java/lang/module/ResolvedModule
instanceKlass java/lang/module/Configuration
instanceKlass java/util/ImmutableCollections$SetN$SetNIterator
instanceKlass jdk/internal/loader/BuiltinClassLoader$LoadedModule
instanceKlass jdk/internal/loader/AbstractClassLoaderValue
instanceKlass jdk/internal/module/ServicesCatalog
instanceKlass jdk/internal/util/Preconditions
instanceKlass sun/net/util/IPAddressUtil
instanceKlass java/net/URLStreamHandler
instanceKlass java/util/HexFormat
instanceKlass sun/net/www/ParseUtil
instanceKlass java/net/URL$3
instanceKlass jdk/internal/access/JavaNetURLAccess
instanceKlass java/net/URL$DefaultFactory
instanceKlass java/net/URLStreamHandlerFactory
instanceKlass jdk/internal/loader/URLClassPath
instanceKlass java/security/Principal
instanceKlass java/security/ProtectionDomain$Key
instanceKlass java/security/ProtectionDomain$JavaSecurityAccessImpl
instanceKlass jdk/internal/access/JavaSecurityAccess
instanceKlass java/lang/ClassLoader$ParallelLoaders
instanceKlass java/security/cert/Certificate
instanceKlass jdk/internal/loader/ArchivedClassLoaders
instanceKlass java/util/Deque
instanceKlass java/util/Queue
instanceKlass jdk/internal/loader/ClassLoaderHelper
instanceKlass jdk/internal/loader/NativeLibraries
instanceKlass jdk/internal/loader/BootLoader
instanceKlass java/util/Optional
instanceKlass jdk/internal/module/SystemModuleFinders$SystemModuleFinder
instanceKlass java/lang/module/ModuleFinder
instanceKlass jdk/internal/module/SystemModuleFinders$3
instanceKlass jdk/internal/module/ModuleHashes$HashSupplier
instanceKlass jdk/internal/module/SystemModuleFinders$2
instanceKlass java/util/function/Supplier
instanceKlass java/lang/module/ModuleReference
instanceKlass jdk/internal/module/ModuleResolution
instanceKlass java/util/Collections$UnmodifiableMap
instanceKlass jdk/internal/module/ModuleHashes$Builder
instanceKlass jdk/internal/module/ModuleHashes
instanceKlass jdk/internal/module/ModuleTarget
instanceKlass java/lang/Enum
instanceKlass java/lang/module/ModuleDescriptor$Version
instanceKlass java/lang/module/ModuleDescriptor$Provides
instanceKlass java/lang/module/ModuleDescriptor$Opens
instanceKlass java/lang/module/ModuleDescriptor$Exports
instanceKlass java/lang/module/ModuleDescriptor$Requires
instanceKlass jdk/internal/module/Builder
instanceKlass jdk/internal/module/SystemModules$default
instanceKlass jdk/internal/module/SystemModules
instanceKlass jdk/internal/module/SystemModulesMap
instanceKlass java/net/URI$1
instanceKlass jdk/internal/access/JavaNetUriAccess
instanceKlass java/net/URI
instanceKlass jdk/internal/module/SystemModuleFinders
instanceKlass jdk/internal/module/ArchivedModuleGraph
instanceKlass jdk/internal/module/ArchivedBootLayer
instanceKlass jdk/internal/module/ModuleBootstrap$Counters
instanceKlass jdk/internal/module/ModulePatcher
instanceKlass jdk/internal/util/ArraysSupport
instanceKlass java/io/FileSystem
instanceKlass java/io/DefaultFileSystem
instanceKlass java/io/File
instanceKlass java/lang/module/ModuleDescriptor$1
instanceKlass jdk/internal/access/JavaLangModuleAccess
instanceKlass sun/invoke/util/VerifyAccess
instanceKlass java/lang/module/ModuleDescriptor
instanceKlass jdk/internal/module/ModuleBootstrap
instanceKlass java/lang/invoke/MethodHandleStatics
instanceKlass java/util/Collections
instanceKlass sun/io/Win32ErrorMode
instanceKlass jdk/internal/misc/OSEnvironment
instanceKlass jdk/internal/misc/Signal$NativeHandler
instanceKlass java/util/Hashtable$Entry
instanceKlass jdk/internal/misc/Signal
instanceKlass java/lang/Terminator$1
instanceKlass jdk/internal/misc/Signal$Handler
instanceKlass java/lang/Terminator
instanceKlass java/nio/ByteOrder
instanceKlass java/nio/Buffer$1
instanceKlass jdk/internal/access/JavaNioAccess
instanceKlass jdk/internal/misc/ScopedMemoryAccess
instanceKlass java/nio/charset/CharsetEncoder
instanceKlass sun/security/action/GetPropertyAction
instanceKlass java/io/Writer
instanceKlass java/io/OutputStream
instanceKlass java/io/Flushable
instanceKlass java/io/FileDescriptor$1
instanceKlass jdk/internal/access/JavaIOFileDescriptorAccess
instanceKlass java/io/FileDescriptor
instanceKlass jdk/internal/util/StaticProperty
instanceKlass java/util/HashMap$HashIterator
instanceKlass java/lang/Integer$IntegerCache
instanceKlass java/lang/CharacterData
instanceKlass java/lang/VersionProps
instanceKlass java/lang/StringConcatHelper
instanceKlass java/lang/StringCoding
instanceKlass java/nio/charset/CodingErrorAction
instanceKlass java/lang/StringUTF16
instanceKlass sun/nio/cs/DoubleByte
instanceKlass sun/nio/cs/GBK$DecodeHolder
instanceKlass java/nio/charset/CharsetDecoder
instanceKlass sun/nio/cs/ArrayDecoder
instanceKlass sun/nio/cs/DelegatableDecoder
instanceKlass java/lang/reflect/Modifier
instanceKlass java/lang/Class$1
instanceKlass java/lang/Class$Atomic
instanceKlass java/lang/Class$ReflectionData
instanceKlass java/nio/charset/StandardCharsets
instanceKlass sun/nio/cs/HistoricallyNamedCharset
instanceKlass java/util/Arrays
instanceKlass java/lang/ThreadLocal
instanceKlass java/nio/charset/spi/CharsetProvider
instanceKlass java/nio/charset/Charset
instanceKlass jdk/internal/misc/VM
instanceKlass jdk/internal/util/SystemProps$Raw
instanceKlass jdk/internal/util/SystemProps
instanceKlass java/lang/System$2
instanceKlass jdk/internal/access/JavaLangAccess
instanceKlass java/lang/ref/Reference$1
instanceKlass jdk/internal/access/JavaLangRefAccess
instanceKlass java/lang/ref/ReferenceQueue$Lock
instanceKlass java/lang/ref/ReferenceQueue
instanceKlass jdk/internal/reflect/ReflectionFactory
instanceKlass jdk/internal/reflect/ReflectionFactory$GetReflectionFactoryAction
instanceKlass java/security/PrivilegedAction
instanceKlass java/util/concurrent/locks/LockSupport
instanceKlass java/util/concurrent/ConcurrentHashMap$Node
instanceKlass java/util/concurrent/ConcurrentHashMap$CounterCell
instanceKlass java/util/concurrent/locks/ReentrantLock
instanceKlass java/util/concurrent/locks/Lock
instanceKlass java/lang/Runtime
instanceKlass java/util/HashMap$Node
instanceKlass java/util/KeyValueHolder
instanceKlass java/util/Map$Entry
instanceKlass java/util/ImmutableCollections$MapN$MapNIterator
instanceKlass java/lang/Math
instanceKlass jdk/internal/reflect/Reflection
instanceKlass java/lang/invoke/MethodHandles$Lookup
instanceKlass java/lang/StringLatin1
instanceKlass java/security/Permission
instanceKlass java/security/Guard
instanceKlass java/lang/invoke/MemberName$Factory
instanceKlass java/lang/invoke/MethodHandles
instanceKlass jdk/internal/access/SharedSecrets
instanceKlass java/lang/reflect/ReflectAccess
instanceKlass jdk/internal/access/JavaLangReflectAccess
instanceKlass java/util/ImmutableCollections
instanceKlass java/util/Objects
instanceKlass java/util/Set
instanceKlass jdk/internal/misc/CDS
instanceKlass java/lang/Module$ArchivedData
instanceKlass java/lang/String$CaseInsensitiveComparator
instanceKlass java/util/Comparator
instanceKlass java/io/ObjectStreamField
instanceKlass jdk/internal/vm/vector/VectorSupport$VectorPayload
instanceKlass jdk/internal/vm/vector/VectorSupport
instanceKlass java/lang/reflect/RecordComponent
instanceKlass java/util/Iterator
instanceKlass java/lang/Number
instanceKlass java/lang/Character
instanceKlass java/lang/Boolean
instanceKlass java/util/concurrent/locks/AbstractOwnableSynchronizer
instanceKlass java/lang/LiveStackFrame
instanceKlass java/lang/StackFrameInfo
instanceKlass java/lang/StackWalker$StackFrame
instanceKlass java/lang/StackStreamFactory$AbstractStackWalker
instanceKlass java/lang/StackWalker
instanceKlass java/nio/Buffer
instanceKlass java/lang/StackTraceElement
instanceKlass java/util/RandomAccess
instanceKlass java/util/List
instanceKlass java/util/AbstractCollection
instanceKlass java/util/Collection
instanceKlass java/lang/Iterable
instanceKlass java/util/concurrent/ConcurrentMap
instanceKlass java/util/AbstractMap
instanceKlass java/security/CodeSource
instanceKlass jdk/internal/loader/ClassLoaders
instanceKlass java/util/jar/Manifest
instanceKlass java/net/URL
instanceKlass java/io/InputStream
instanceKlass java/io/Closeable
instanceKlass java/lang/AutoCloseable
instanceKlass jdk/internal/module/Modules
instanceKlass jdk/internal/misc/Unsafe
instanceKlass jdk/internal/misc/UnsafeConstants
instanceKlass java/lang/AbstractStringBuilder
instanceKlass java/lang/Appendable
instanceKlass java/lang/AssertionStatusDirectives
instanceKlass java/lang/invoke/MethodHandleNatives$CallSiteContext
instanceKlass jdk/internal/invoke/NativeEntryPoint
instanceKlass java/lang/invoke/CallSite
instanceKlass java/lang/invoke/MethodType
instanceKlass java/lang/invoke/TypeDescriptor$OfMethod
instanceKlass java/lang/invoke/LambdaForm
instanceKlass java/lang/invoke/MethodHandleNatives
instanceKlass java/lang/invoke/ResolvedMethodName
instanceKlass java/lang/invoke/MemberName
instanceKlass java/lang/invoke/VarHandle
instanceKlass java/lang/invoke/MethodHandle
instanceKlass jdk/internal/reflect/CallerSensitive
instanceKlass java/lang/annotation/Annotation
instanceKlass jdk/internal/reflect/FieldAccessor
instanceKlass jdk/internal/reflect/ConstantPool
instanceKlass jdk/internal/reflect/ConstructorAccessor
instanceKlass jdk/internal/reflect/MethodAccessor
instanceKlass jdk/internal/reflect/MagicAccessorImpl
instanceKlass java/lang/reflect/Parameter
instanceKlass java/lang/reflect/Member
instanceKlass java/lang/reflect/AccessibleObject
instanceKlass java/lang/Module
instanceKlass java/util/Map
instanceKlass java/util/Dictionary
instanceKlass java/lang/ThreadGroup
instanceKlass java/lang/Thread$UncaughtExceptionHandler
instanceKlass java/lang/Thread
instanceKlass java/lang/Runnable
instanceKlass java/lang/ref/Reference
instanceKlass java/lang/Record
instanceKlass java/security/AccessController
instanceKlass java/security/AccessControlContext
instanceKlass java/security/ProtectionDomain
instanceKlass java/lang/SecurityManager
instanceKlass java/lang/Throwable
instanceKlass java/lang/System
instanceKlass java/lang/ClassLoader
instanceKlass java/lang/Cloneable
instanceKlass java/lang/Class
instanceKlass java/lang/invoke/TypeDescriptor$OfField
instanceKlass java/lang/invoke/TypeDescriptor
instanceKlass java/lang/reflect/Type
instanceKlass java/lang/reflect/GenericDeclaration
instanceKlass java/lang/reflect/AnnotatedElement
instanceKlass java/lang/String
instanceKlass java/lang/constant/ConstantDesc
instanceKlass java/lang/constant/Constable
instanceKlass java/lang/CharSequence
instanceKlass java/lang/Comparable
instanceKlass java/io/Serializable
ciInstanceKlass java/lang/Object 1 1 143 7 1 10 12 1 1 10 7 12 1 1 1 10 7 12 1 1 1 10 12 1 1 8 1 10 12 1 1 10 7 12 1 1 1 10 12 1 10 12 1 1 100 1 8 1 10 12 1 3 8 1 100 1 5 0 1 1 1 1 1 1 1 1 1 1 1 1 1 1 1 1 7 1 1 1 7 1 1 1 1 1 1 1 7 1 1 1 1 1 1 1 1 7 1 1 12 10 1 12 10 5 0 1 7 1 1 12 10 1 12 10 8 1 1 12 9 9 1 1 12 10 1 1 12 10 1 7 1 12 11 8 1 100 1 1 12 10 8 1 7 5 0
ciInstanceKlass java/lang/Class 1 1 1611 10 7 12 1 1 1 9 7 12 1 1 1 9 12 1 1 7 1 10 10 12 1 1 8 1 10 12 1 8 1 8 1 10 12 1 1 10 12 1 1 10 12 1 10 10 12 1 10 12 1 1 10 12 1 1 10 7 12 1 1 10 12 1 10 12 1 10 12 1 8 1 10 12 1 8 1 10 12 1 8 1 8 1 10 12 1 1 10 7 12 1 1 1 18 12 1 1 11 7 12 1 1 1 8 1 8 1 8 1 10 7 12 1 1 1 11 12 1 1 7 1 8 1 10 12 1 11 7 12 1 1 1 10 12 1 1 11 8 1 18 8 1 10 12 1 10 7 12 1 1 10 7 12 1 1 1 10 12 1 1 10 7 12 1 1 1 9 7 12 1 1 1 10 100 12 1 1 1 10 7 12 1 1 1 10 12 1 1 18 12 1 1 10 7 12 1 1 1 10 7 12 1 1 10 12 1 1 10 7 1 100 1 10 12 1 1 9 12 1 1 7 1 8 1 10 12 1 10 12 1 1 10 12 1 1 10 7 12 1 1 1 7 1 10 12 1 7 1 7 1 10 10 12 1 1 10 12 1 1 100 1 10 100 12 1 1 1 10 12 1 1 10 12 1 1 9 12 1 1 10 12 1 10 12 1 10 12 1 1 9 12 1 1 9 12 1 1 10 12 1 1 10 7 1 10 12 1 10 12 1 10 12 1 1 10 9 12 1 10 12 1 8 1 10 12 1 1 10 12 1 1 10 12 1 10 12 1 1 10 12 1 1 10 12 1 1 9 7 12 1 1 1 10 7 12 1 1 10 12 10 12 1 10 12 1 1 10 7 12 1 1 10 12 1 10 12 1 1 10 100 12 1 1 1 10 12 1 10 12 1 1 10 12 1 10 12 1 10 12 1 1 10 7 1 10 10 10 12 1 1 10 12 1 1 10 12 10 12 1 1 100 1 8 1 10 10 12 1 1 10 12 1 100 1 11 12 1 10 100 12 1 1 10 12 1 10 12 1 10 100 12 1 1 10 10 12 1 1 8 1 10 12 1 10 12 1 1 8 1 9 12 1 10 12 1 10 12 1 10 12 1 10 12 100 1 9 12 1 10 12 1 9 12 1 10 12 1 10 12 1 10 12 1 10 10 12 1 10 12 1 10 12 1 10 12 1 10 12 1 10 12 1 7 1 10 12 1 10 12 1 1 10 12 1 1 10 12 1 1 10 12 1 1 10 12 1 1 10 12 1 1 7 1 10 10 12 1 1 10 12 1 1 10 12 1 1 10 10 12 1 10 12 1 1 10 12 1 1 10 12 1 1 10 12 1 1 7 1 10 10 12 11 100 12 1 1 10 12 1 1 10 12 1 10 7 12 1 1 1 10 12 1 1 10 10 12 1 1 100 1 10 10 12 1 1 10 100 12 1 1 1 100 1 7 1 10 12 1 1 10 12 1 10 10 12 1 1 10 12 1 10 12 1 10 12 1 10 100 12 1 1 1 11 7 12 1 1 10 12 1 10 12 1 9 12 1 10 12 1 1 10 12 1 9 12 1 1 7 1 10 9 12 1 1 10 12 7 1 10 12 1 9 12 1 10 100 12 1 1 1 10 12 1 10 12 1 10 100 12 1 1 1 10 12 1 10 12 10 12 1 1 100 1 10 8 1 10 12 1 11 11 12 1 1 11 7 12 1 1 11 12 1 8 1 10 12 1 10 12 1 1 9 12 1 9 12 1 1 10 7 12 1 1 9 12 1 10 12 1 1 10 10 12 1 10 7 12 1 1 1 10 7 12 1 1 10 7 12 1 1 9 12 1 1 10 12 1 9 12 1 10 12 1 10 12 1 1 9 12 1 1 9 12 1 10 12 1 10 12 1 1 9 12 1 7 1 10 10 12 1 1 7 1 10 12 1 1 7 11 7 1 9 12 1 1 9 12 1 7 1 10 12 1 9 12 1 1 9 12 1 10 12 1 10 12 1 1 9 12 1 7 1 10 10 12 1 1 10 10 12 1 1 10 12 10 10 12 1 9 12 1 10 12 1 1 10 7 12 1 1 1 10 12 1 1 10 12 1 8 10 7 8 1 18 8 1 8 1 10 12 1 9 12 1 9 12 1 1 10 12 1 7 1 7 1 10 12 1 9 12 1 1 7 1 10 10 12 1 10 7 1 9 12 1 8 1 10 12 1 7 1 10 12 1 10 12 1 1 9 12 1 100 1 8 1 10 7 1 4 10 10 12 11 7 12 1 1 1 10 12 1 100 1 10 12 1 1 10 8 1 8 1 10 12 1 1 9 7 12 1 1 11 12 7 1 11 7 12 1 1 9 12 1 10 100 12 1 1 1 10 7 12 1 1 10 12 1 1 9 12 1 9 10 12 1 1 10 12 1 1 10 12 1 1 10 12 1 1 10 12 1 1 11 12 1 7 1 11 12 1 10 7 12 1 1 1 10 12 1 100 1 11 12 1 10 100 12 1 1 1 10 12 1 10 11 12 1 11 12 1 1 10 12 1 10 12 1 1 9 12 1 1 9 7 12 1 1 10 12 1 10 7 12 1 1 1 10 12 1 1 10 12 1 10 12 1 10 12 1 10 7 12 1 1 1 10 12 1 8 1 10 12 1 10 12 1 10 12 1 10 100 12 1 1 1 11 100 12 1 1 1 10 12 1 1 10 12 1 18 12 1 1 11 12 1 1 18 11 12 1 18 12 1 11 12 1 10 12 1 1 10 12 1 10 12 1 10 12 10 12 1 8 1 10 12 1 7 1 9 12 1 1 100 1 100 1 100 1 100 1 100 1 1 1 3 1 3 1 3 1 1 1 1 1 1 1 5 0 1 1 1 1 1 1 1 1 1 1 1 1 1 1 1 1 1 1 1 1 1 1 1 100 1 1 1 1 1 1 1 100 1 1 1 1 1 1 7 1 1 1 1 1 1 1 1 1 1 1 1 1 1 1 1 1 1 1 1 1 1 1 1 1 1 1 1 1 1 1 1 1 1 1 1 1 1 100 1 1 1 1 1 1 1 1 1 1 1 1 1 1 1 1 1 1 1 1 1 1 1 1 1 1 1 1 100 1 1 1 1 1 1 1 1 1 1 1 1 1 1 1 1 1 1 1 1 1 1 1 1 1 1 1 1 1 1 1 1 1 1 1 1 1 1 1 1 1 1 1 1 1 1 1 1 1 1 1 1 1 100 1 100 1 1 1 1 1 1 1 1 1 1 1 1 1 1 1 1 1 1 1 1 1 1 1 1 1 1 1 1 1 1 1 1 1 1 1 1 1 1 1 1 1 1 1 1 1 1 1 1 1 1 1 1 1 1 1 1 1 1 1 1 1 1 1 100 1 1 1 1 1 1 1 1 1 1 1 1 1 1 1 1 1 1 1 1 1 1 1 1 1 1 1 1 1 1 1 1 1 1 1 1 1 1 1 1 1 1 1 1 1 1 1 1 1 1 1 1 1 1 1 1 1 1 1 1 1 1 1 1 1 1 1 1 15 10 7 12 1 1 1 16 15 10 12 16 15 11 12 16 1 16 15 16 15 10 12 16 16 15 10 12 16 15 16 1 15 10 12 16 1 1 1 1 1 1 1 1 100 1 1 100 1 100 1 1 100 1 100 1 1
staticfield java/lang/Class EMPTY_CLASS_ARRAY [Ljava/lang/Class; 0 [Ljava/lang/Class;
staticfield java/lang/Class serialPersistentFields [Ljava/io/ObjectStreamField; 0 [Ljava/io/ObjectStreamField;
ciInstanceKlass java/io/Serializable 1 0 7 100 1 100 1 1 1
instanceKlass jdk/internal/vm/vector/VectorSupport$VectorShuffle
instanceKlass jdk/internal/vm/vector/VectorSupport$VectorMask
instanceKlass jdk/internal/vm/vector/VectorSupport$Vector
ciInstanceKlass jdk/internal/vm/vector/VectorSupport$VectorPayload 0 0 32 10 100 12 1 1 1 9 100 12 1 1 1 10 100 12 1 1 1 1 1 1 1 1 1 1 1 1 1 1 1 1
ciInstanceKlass jdk/internal/vm/vector/VectorSupport$VectorShuffle 0 0 28 10 100 12 1 1 1 100 1 1 1 1 1 1 1 1 1 1 1 1 1 1 1 100 1 1 1 1
ciInstanceKlass jdk/internal/vm/vector/VectorSupport$VectorMask 0 0 28 10 100 12 1 1 1 100 1 1 1 1 1 1 1 1 1 1 1 1 1 1 1 100 1 1 1 1
ciInstanceKlass jdk/internal/vm/vector/VectorSupport$Vector 0 0 28 10 100 12 1 1 1 100 1 1 1 1 1 1 1 1 1 1 1 1 1 1 1 100 1 1 1 1
ciInstanceKlass jdk/internal/vm/vector/VectorSupport 0 0 487 100 1 10 100 12 1 1 1 9 12 1 1 10 12 1 1 100 1 10 12 1 11 100 12 1 1 1 11 100 12 1 1 1 11 100 12 1 1 11 100 12 1 1 1 11 100 1 100 1 10 12 1 1 11 100 12 1 1 11 100 12 1 1 100 1 11 100 12 1 1 11 100 12 1 1 11 100 12 1 1 1 11 100 12 1 1 1 11 100 12 1 1 1 11 100 12 1 1 1 100 1 10 12 1 1 11 100 12 1 1 100 1 11 100 12 1 1 11 100 12 1 1 11 100 12 1 1 11 100 1 100 1 9 12 1 1 10 100 12 1 1 11 100 12 1 1 10 12 1 1 10 100 12 1 1 1 10 12 1 10 12 1 1 10 12 1 1 1 1 1 3 1 3 1 3 1 3 1 3 1 3 1 3 1 3 1 3 1 3 1 3 1 3 1 3 1 3 1 3 1 3 1 3 1 3 1 3 1 3 1 3 1 3 1 3 1 3 1 3 1 3 1 3 1 3 1 3 1 3 1 3 1 3 1 3 1 3 1 3 1 3 1 3 1 3 1 3 1 1 1 1 1 3 1 1 1 1 1 1 3 1 1 1 1 1 1 1 1 1 1 1 1 1 1 1 1 1 1 1 1 1 1 1 1 1 1 1 1 1 1 1 1 1 1 1 1 1 1 1 1 1 1 1 1 1 1 1 1 1 1 1 1 1 1 1 1 1 1 1 1 1 1 1 1 1 1 1 1 1 1 1 1 1 1 1 1 1 1 1 1 1 1 1 1 1 1 1 1 1 1 1 1 1 1 1 1 1 1 1 1 1 1 1 1 1 1 1 1 1 1 1 1 1 1 1 1 1 1 1 1 1 1 1 1 1 1 1 1 1 1 1 1 1 1 1 1 1 1 1 1 1 1 1 1 1 1 1 1 1 1 1 1 1 1 1 1 1 1 1 1 1 1 1 1 1 1 1 1 1 1 1 1 1 1 1 1 1 1 1 1 1 1 1 1 1 1 1 1 1 1 1 1 1 1 1 1 1 1 1 100 1 100 1 1 1 1 1 1 1 1 1 1 1 1 1 1 1 1 1 1 1 1 1 1 1 1
ciInstanceKlass java/lang/reflect/RecordComponent 1 1 196 10 100 12 1 1 1 9 100 12 1 1 1 9 12 1 1 9 12 1 10 12 1 1 10 12 1 1 10 100 12 1 1 1 10 12 1 1 9 12 1 1 10 12 1 1 10 12 1 1 10 12 1 10 100 12 1 1 10 100 12 1 1 9 12 1 1 10 100 12 1 1 1 11 100 12 1 1 1 10 9 100 12 1 1 1 10 100 12 1 1 1 9 12 1 1 10 100 12 1 1 1 10 12 1 1 11 100 12 1 1 10 100 12 1 1 100 1 9 12 1 9 12 1 1 9 12 1 10 100 12 1 1 1 10 12 1 1 10 12 1 1 100 1 10 10 12 1 10 12 1 1 8 1 10 12 1 10 12 1 9 12 1 100 1 1 1 1 1 1 1 1 1 1 1 1 1 1 1 1 1 1 1 1 1 1 100 1 1 1 1 1 1 100 1 1
ciInstanceKlass java/util/Iterator 1 1 53 100 1 8 1 10 12 1 1 10 7 12 1 1 1 11 7 12 1 1 1 11 12 1 1 11 7 12 1 1 1 100 1 1 1 1 1 1 1 1 1 1 1 1 1 1 1 1 1 1 1 1 1
ciInstanceKlass java/lang/System 1 1 803 10 100 12 1 1 1 9 7 12 1 1 1 10 12 1 10 12 1 1 10 12 1 1 10 12 1 9 12 1 1 10 7 12 1 1 1 11 100 12 1 1 1 10 100 12 1 1 1 10 12 1 1 10 12 1 1 100 1 8 1 10 12 1 10 100 12 1 1 1 10 7 12 1 1 1 18 12 1 1 10 100 12 1 1 1 100 1 10 12 1 1 10 100 12 1 1 1 10 12 1 10 7 12 1 1 1 9 100 12 1 1 1 10 100 12 1 1 1 11 7 12 1 1 1 10 12 1 1 10 7 12 1 1 1 100 1 10 10 12 1 1 8 1 10 12 1 8 1 10 12 1 9 12 1 1 8 1 10 7 12 1 1 1 10 12 1 1 100 1 8 1 10 9 12 1 1 8 1 10 12 1 1 10 100 12 1 1 1 8 1 10 12 1 100 1 10 12 1 8 1 10 12 1 10 12 1 1 100 1 10 12 10 12 1 9 12 1 1 9 12 1 1 10 7 12 1 1 1 10 7 12 1 1 1 10 12 1 1 10 12 1 10 12 1 10 7 12 1 1 1 10 12 1 100 1 100 1 8 1 10 12 1 10 12 1 1 7 1 10 12 1 100 1 8 1 10 10 12 1 100 1 8 1 10 8 1 10 7 12 1 1 8 1 10 12 100 1 8 1 10 10 12 1 1 10 7 12 1 1 1 100 1 18 12 1 100 1 9 100 12 1 1 1 10 12 1 100 1 10 12 1 1 10 12 1 1 10 7 12 1 1 1 10 12 1 1 10 12 1 10 12 1 10 12 1 1 10 12 1 7 1 10 12 1 10 12 1 100 1 10 12 1 10 7 12 1 1 1 100 1 8 1 10 9 12 1 9 12 1 10 12 1 10 100 12 1 1 10 12 1 10 12 1 1 8 1 10 12 1 1 8 1 11 12 1 10 12 11 12 1 1 11 7 12 1 1 1 11 7 12 1 1 11 12 1 1 7 1 11 12 1 10 12 1 8 1 10 12 1 1 8 1 8 1 8 1 8 1 11 12 1 10 12 1 10 12 1 10 12 1 10 7 12 1 1 8 1 7 1 9 7 12 1 1 1 10 12 1 7 1 9 12 10 9 12 7 1 10 12 8 1 10 12 1 1 8 1 10 7 12 1 1 10 12 1 10 7 12 1 1 1 10 12 1 1 10 7 12 1 1 1 10 12 10 7 12 1 1 1 9 12 1 1 100 1 8 1 10 12 1 1 10 7 12 1 1 1 7 1 10 12 1 1 8 1 10 8 1 8 1 8 1 8 1 10 10 7 12 1 1 10 12 1 1 10 12 1 1 10 12 1 1 10 12 1 10 100 12 1 1 1 10 100 1 8 1 10 10 10 12 1 1 10 12 1 1 8 1 10 12 1 8 1 10 12 1 10 12 1 1 7 1 10 10 12 1 10 12 1 9 12 1 1 1 3 1 3 1 1 1 1 1 1 1 1 1 1 1 1 100 1 1 7 1 1 1 1 1 1 1 1 1 1 1 100 1 100 1 1 1 1 1 1 1 1 1 1 1 1 1 1 1 1 1 1 1 1 1 1 1 1 1 1 1 1 1 1 1 1 1 1 1 1 1 1 1 1 1 1 1 1 1 1 1 1 1 1 1 1 1 1 1 1 1 1 100 1 1 1 1 1 1 1 1 1 1 1 1 1 1 1 1 1 1 1 1 1 1 1 1 1 1 1 1 1 1 1 1 1 100 1 1 15 10 100 12 1 1 1 16 15 10 12 1 1 16 15 10 12 16 1 1 1 1 1 1 1 100 1 100 1 1
staticfield java/lang/System in Ljava/io/InputStream; java/io/BufferedInputStream
staticfield java/lang/System out Ljava/io/PrintStream; org/gradle/internal/io/LinePerThreadBufferingOutputStream
staticfield java/lang/System err Ljava/io/PrintStream; org/gradle/internal/io/LinePerThreadBufferingOutputStream
instanceKlass android/app/LoadedApk$WarningContextClassLoader
instanceKlass net/bytebuddy/dynamic/loading/InjectionClassLoader
instanceKlass net/bytebuddy/utility/dispatcher/JavaDispatcher$DynamicClassLoader
instanceKlass android/app/LoadedApk$WarningContextClassLoader
instanceKlass org/robolectric/util/reflector/Reflector$1
instanceKlass org/gradle/internal/classloader/CachingClassLoader
instanceKlass org/gradle/internal/classloader/MultiParentClassLoader
instanceKlass worker/org/gradle/internal/classloader/FilteringClassLoader$RetrieveSystemPackagesClassLoader
instanceKlass worker/org/gradle/internal/classloader/FilteringClassLoader
instanceKlass jdk/internal/reflect/DelegatingClassLoader
instanceKlass java/security/SecureClassLoader
ciInstanceKlass java/lang/ClassLoader 1 1 1098 9 7 12 1 1 1 10 7 12 1 1 1 9 12 1 1 10 7 12 1 1 1 7 1 10 12 1 1 10 12 1 1 9 12 1 1 10 12 1 1 100 1 10 12 1 10 12 1 1 10 7 12 1 1 1 100 1 8 1 10 12 1 10 7 12 1 1 1 10 100 12 1 10 7 1 10 7 1 7 1 7 1 10 12 1 10 12 1 9 12 1 1 10 10 7 12 1 1 1 9 12 1 1 9 12 1 9 12 1 1 9 12 1 9 12 1 1 9 12 1 1 7 1 10 12 1 9 12 1 1 10 12 1 1 10 7 12 1 1 1 9 12 1 9 12 1 1 9 12 1 10 12 1 1 9 12 10 12 1 1 7 1 10 8 1 10 12 1 1 10 12 1 10 7 1 7 1 10 12 1 1 10 7 12 1 1 1 8 1 10 12 1 10 12 1 10 12 1 1 10 12 1 1 10 12 1 1 10 12 1 1 10 12 1 1 10 12 1 7 1 10 12 1 10 7 12 1 1 1 10 12 1 1 10 12 1 10 12 1 10 12 1 10 12 1 10 12 1 1 10 10 12 1 10 12 1 10 100 12 1 1 10 12 1 1 10 12 1 1 10 12 1 100 1 10 12 1 100 1 10 12 1 10 100 12 1 1 1 10 10 12 1 1 10 12 1 1 100 1 8 1 10 8 1 10 12 1 10 12 1 100 1 8 1 10 12 1 1 10 12 1 1 10 10 12 1 1 10 12 1 1 10 12 1 1 10 7 1 10 12 1 1 10 12 1 1 10 12 1 1 10 12 1 1 10 12 1 1 10 12 1 1 10 12 1 10 7 12 1 1 1 10 12 1 10 12 1 10 12 1 1 10 12 1 10 12 1 10 12 1 10 12 1 1 10 12 1 10 12 1 1 8 1 9 12 1 10 12 1 1 8 1 8 1 10 7 12 1 1 100 1 10 10 12 10 12 1 10 12 1 10 12 1 10 12 1 1 10 7 12 1 1 10 12 1 10 7 1 7 1 10 12 1 1 10 12 1 10 7 1 10 12 1 100 1 18 12 1 10 100 12 1 1 1 10 100 12 1 1 1 10 7 12 1 1 10 12 1 1 10 12 1 10 12 1 1 7 1 10 12 1 10 12 1 1 10 7 12 1 1 10 12 1 8 1 100 1 10 10 12 1 9 12 1 10 7 12 1 1 10 12 1 100 1 8 1 10 12 1 10 8 1 8 1 10 12 1 1 10 12 1 1 10 12 1 1 10 100 12 1 1 1 100 1 100 1 10 12 1 1 100 1 100 1 10 100 12 1 1 10 12 1 10 12 1 1 10 12 1 10 12 1 1 10 12 1 1 9 100 12 1 1 1 10 12 1 1 10 12 1 10 12 1 10 12 1 1 10 12 1 8 1 10 12 1 7 1 18 12 1 1 10 12 1 1 10 12 1 10 12 1 10 12 1 8 1 10 12 1 10 12 1 18 12 1 11 7 12 1 1 1 7 1 10 12 1 1 10 12 1 10 11 12 1 1 10 18 10 12 1 1 11 7 12 1 18 12 1 11 12 1 1 10 12 10 12 1 1 10 12 1 1 100 1 8 1 10 10 12 1 8 1 8 1 10 100 12 1 1 10 12 1 100 1 10 10 12 1 8 1 8 1 8 1 10 12 1 10 12 1 1 10 12 1 10 100 12 1 1 1 11 100 12 1 1 100 1 10 11 10 12 1 10 12 1 10 12 1 1 9 100 12 1 1 9 12 1 1 9 12 9 12 1 9 12 1 9 12 1 8 10 12 1 1 10 7 12 1 1 1 10 12 1 1 10 12 1 1 10 12 1 10 10 12 1 11 12 1 1 10 100 12 1 1 1 100 1 10 12 1 10 12 1 10 12 1 1 1 1 1 1 1 1 1 1 1 1 1 1 1 1 1 1 1 1 1 1 1 1 1 1 1 1 100 1 1 1 1 1 1 1 1 1 1 1 1 1 1 1 1 1 1 1 1 1 100 1 1 1 1 1 1 1 1 1 1 7 1 1 1 1 1 1 1 1 1 1 1 1 1 1 1 1 1 1 1 1 1 1 1 1 1 1 1 1 1 1 1 1 1 1 1 1 1 1 1 1 1 100 1 1 1 1 1 1 1 1 1 1 1 1 1 1 1 1 1 1 100 1 1 1 1 1 1 1 1 1 1 1 1 1 1 1 1 1 1 1 1 1 1 1 1 1 1 1 1 1 1 1 1 1 1 1 1 1 1 1 1 1 1 1 1 1 1 1 1 1 1 1 100 1 1 1 1 1 1 1 1 1 1 1 1 1 1 1 1 1 1 1 1 1 1 1 1 1 1 1 1 1 1 1 1 1 1 1 1 1 1 1 1 1 1 1 1 1 1 15 10 7 12 1 1 1 16 1 15 10 12 16 1 16 15 10 12 16 1 16 1 15 10 12 16 15 10 12 16 15 10 12 16 1 1 100 1 100 1 1
staticfield java/lang/ClassLoader nocerts [Ljava/security/cert/Certificate; 0 [Ljava/security/cert/Certificate;
staticfield java/lang/ClassLoader $assertionsDisabled Z 1
ciInstanceKlass jdk/internal/reflect/DelegatingClassLoader 1 1 18 10 7 12 1 1 1 100 1 1 1 1 1 1 1 1 1 1
instanceKlass java/net/URLClassLoader
instanceKlass jdk/internal/loader/BuiltinClassLoader
ciInstanceKlass java/security/SecureClassLoader 1 1 102 10 7 12 1 1 1 7 1 10 12 1 9 7 12 1 1 1 10 12 1 10 12 1 10 12 1 1 10 12 1 1 10 12 1 7 1 10 7 1 10 12 1 7 1 10 12 1 11 7 12 1 1 1 7 1 11 12 1 10 12 1 1 1 1 1 1 1 1 1 1 1 1 1 1 1 1 1 1 1 1 1 1 1 1 1 1 1 1 1 1 1 1 1 1 1 1 100 1 1 1 1
instanceKlass jdk/internal/loader/ClassLoaders$BootClassLoader
instanceKlass jdk/internal/loader/ClassLoaders$PlatformClassLoader
instanceKlass jdk/internal/loader/ClassLoaders$AppClassLoader
ciInstanceKlass jdk/internal/loader/BuiltinClassLoader 1 1 737 9 7 12 1 1 1 10 7 12 1 1 1 10 7 12 1 1 1 9 12 1 1 9 12 1 1 7 1 10 12 1 9 12 1 10 12 1 9 12 1 10 7 12 1 1 1 10 7 12 1 1 1 10 7 12 1 1 1 11 7 12 1 1 1 100 1 100 1 10 10 12 1 1 8 1 10 12 1 10 12 7 1 10 12 1 10 12 1 1 11 7 12 1 1 1 11 7 12 1 1 1 11 12 1 1 7 1 8 1 8 1 10 9 12 1 1 10 7 12 1 1 11 12 1 1 10 12 1 1 10 12 1 1 10 12 1 1 10 7 12 1 1 1 10 12 1 10 7 12 1 1 1 10 12 1 1 11 7 12 1 1 1 10 7 12 1 1 7 1 10 7 12 1 1 1 10 12 1 100 1 8 1 10 12 1 1 10 8 1 10 12 1 1 10 12 1 1 10 12 1 1 11 7 12 1 1 11 12 1 7 1 10 11 12 1 1 11 10 12 1 1 7 1 10 12 1 10 7 12 1 10 12 1 7 1 10 12 1 10 7 12 1 1 1 100 1 10 12 1 1 11 12 1 7 1 100 1 10 12 1 10 12 1 1 100 1 100 1 10 12 1 10 12 1 18 12 1 1 10 12 1 10 12 1 1 18 100 1 10 7 12 1 1 1 7 1 10 10 12 1 1 10 12 1 1 10 12 1 1 10 12 1 9 12 1 1 100 1 10 10 12 1 1 10 12 1 1 10 12 1 10 12 10 12 1 1 10 12 1 1 10 12 1 1 10 12 1 10 12 1 1 18 12 1 7 1 10 12 1 1 10 12 1 10 12 1 1 10 12 1 100 1 10 12 1 7 1 10 12 1 10 7 12 1 1 1 10 12 1 11 12 1 7 1 10 12 1 7 1 100 1 10 12 1 10 12 1 11 12 1 1 10 12 1 1 10 12 1 1 10 12 1 1 10 12 1 1 10 12 1 10 12 1 10 12 1 10 12 1 8 1 10 12 1 1 10 7 12 1 1 10 12 1 100 1 8 1 8 1 10 10 12 1 8 1 8 1 10 7 12 1 1 1 11 7 12 1 1 1 9 7 12 1 1 1 10 7 12 1 1 1 9 12 1 9 12 1 9 12 1 9 12 1 9 12 1 9 12 1 10 7 12 1 1 1 8 1 10 12 1 7 1 10 12 1 1 10 12 1 7 1 10 11 12 1 1 10 12 10 12 1 10 12 1 100 1 10 12 1 10 12 1 10 10 12 1 10 7 12 1 1 8 1 10 7 12 1 1 10 12 1 1 1 1 1 1 1 1 1 1 1 1 1 1 1 1 1 1 1 1 1 1 1 1 1 1 1 1 1 1 1 1 1 1 1 1 1 1 1 1 1 1 1 1 1 1 1 1 1 1 1 1 1 1 1 1 100 1 1 1 1 1 1 1 1 1 1 1 1 1 1 1 1 1 1 100 1 100 1 1 1 1 1 1 1 1 1 1 1 1 1 1 1 1 1 1 1 1 1 1 1 1 1 1 1 1 1 1 1 1 1 1 1 1 1 1 1 1 1 1 1 1 1 1 1 1 1 1 1 100 1 1 15 10 100 12 1 1 1 16 15 10 12 16 15 10 12 16 15 10 12 16 1 1 1 100 1 1 1 1 1 100 1 100 1 1
staticfield jdk/internal/loader/BuiltinClassLoader packageToModule Ljava/util/Map; java/util/concurrent/ConcurrentHashMap
staticfield jdk/internal/loader/BuiltinClassLoader $assertionsDisabled Z 1
ciInstanceKlass java/security/AccessController 1 1 295 10 100 12 1 1 1 10 7 12 1 1 1 10 7 12 1 1 1 10 12 1 1 10 12 1 1 10 7 12 1 1 1 10 12 1 1 10 12 1 10 12 1 1 10 12 1 100 1 8 1 10 12 1 10 12 1 10 12 1 1 10 12 1 100 1 7 1 10 12 1 1 10 12 1 10 12 1 10 12 1 1 10 7 12 1 1 1 10 12 1 1 9 100 12 1 1 1 10 100 12 1 1 1 10 12 1 10 12 1 9 100 12 1 1 1 10 12 1 10 12 1 1 9 12 1 1 10 100 1 10 11 7 12 1 1 1 10 7 12 1 1 11 7 1 7 1 10 12 1 10 12 1 10 12 1 8 1 10 12 1 1 8 1 10 100 12 1 1 1 8 1 100 1 10 10 12 1 1 10 12 1 10 7 12 1 1 1 10 12 1 8 1 10 100 12 1 1 8 1 8 1 10 12 1 8 1 10 12 1 10 12 1 1 10 12 1 1 1 1 1 1 1 1 1 1 1 1 1 1 1 1 1 1 1 1 1 1 1 1 1 1 1 1 100 1 1 1 1 1 1 1 1 1 1 1 1 1 1 1 1 1 1 1 1 1 1 1 1 1 1 1 1 1 1 1 1 1 1 100 1 7 1 1 1 1 1 1 1 1 1 3 1 1 1
staticfield java/security/AccessController $assertionsDisabled Z 1
instanceKlass jdk/internal/reflect/GeneratedConstructorAccessor205
instanceKlass jdk/internal/reflect/GeneratedConstructorAccessor204
instanceKlass jdk/internal/reflect/GeneratedConstructorAccessor203
instanceKlass jdk/internal/reflect/GeneratedConstructorAccessor202
instanceKlass jdk/internal/reflect/GeneratedConstructorAccessor201
instanceKlass jdk/internal/reflect/GeneratedConstructorAccessor200
instanceKlass jdk/internal/reflect/GeneratedConstructorAccessor199
instanceKlass jdk/internal/reflect/GeneratedConstructorAccessor198
instanceKlass jdk/internal/reflect/GeneratedConstructorAccessor197
instanceKlass jdk/internal/reflect/GeneratedConstructorAccessor196
instanceKlass jdk/internal/reflect/GeneratedConstructorAccessor195
instanceKlass jdk/internal/reflect/GeneratedConstructorAccessor194
instanceKlass jdk/internal/reflect/GeneratedConstructorAccessor193
instanceKlass jdk/internal/reflect/GeneratedConstructorAccessor192
instanceKlass jdk/internal/reflect/GeneratedConstructorAccessor191
instanceKlass jdk/internal/reflect/GeneratedConstructorAccessor190
instanceKlass jdk/internal/reflect/GeneratedConstructorAccessor189
instanceKlass jdk/internal/reflect/GeneratedConstructorAccessor188
instanceKlass jdk/internal/reflect/GeneratedConstructorAccessor187
instanceKlass jdk/internal/reflect/GeneratedConstructorAccessor186
instanceKlass jdk/internal/reflect/GeneratedConstructorAccessor185
instanceKlass jdk/internal/reflect/GeneratedConstructorAccessor184
instanceKlass jdk/internal/reflect/GeneratedConstructorAccessor183
instanceKlass jdk/internal/reflect/GeneratedConstructorAccessor182
instanceKlass jdk/internal/reflect/GeneratedConstructorAccessor181
instanceKlass jdk/internal/reflect/GeneratedConstructorAccessor180
instanceKlass jdk/internal/reflect/GeneratedConstructorAccessor179
instanceKlass jdk/internal/reflect/GeneratedConstructorAccessor178
instanceKlass jdk/internal/reflect/GeneratedConstructorAccessor177
instanceKlass jdk/internal/reflect/GeneratedConstructorAccessor176
instanceKlass jdk/internal/reflect/GeneratedConstructorAccessor175
instanceKlass jdk/internal/reflect/GeneratedConstructorAccessor174
instanceKlass jdk/internal/reflect/GeneratedConstructorAccessor173
instanceKlass jdk/internal/reflect/GeneratedConstructorAccessor172
instanceKlass jdk/internal/reflect/GeneratedConstructorAccessor171
instanceKlass jdk/internal/reflect/GeneratedConstructorAccessor170
instanceKlass jdk/internal/reflect/GeneratedConstructorAccessor169
instanceKlass jdk/internal/reflect/GeneratedConstructorAccessor168
instanceKlass jdk/internal/reflect/GeneratedConstructorAccessor167
instanceKlass jdk/internal/reflect/GeneratedConstructorAccessor166
instanceKlass jdk/internal/reflect/GeneratedConstructorAccessor165
instanceKlass jdk/internal/reflect/GeneratedConstructorAccessor164
instanceKlass jdk/internal/reflect/GeneratedConstructorAccessor163
instanceKlass jdk/internal/reflect/GeneratedConstructorAccessor162
instanceKlass jdk/internal/reflect/GeneratedConstructorAccessor160
instanceKlass jdk/internal/reflect/GeneratedConstructorAccessor159
instanceKlass jdk/internal/reflect/GeneratedConstructorAccessor156
instanceKlass jdk/internal/reflect/GeneratedConstructorAccessor155
instanceKlass jdk/internal/reflect/GeneratedConstructorAccessor154
instanceKlass jdk/internal/reflect/GeneratedConstructorAccessor153
instanceKlass jdk/internal/reflect/GeneratedConstructorAccessor152
instanceKlass jdk/internal/reflect/GeneratedConstructorAccessor151
instanceKlass jdk/internal/reflect/GeneratedConstructorAccessor150
instanceKlass jdk/internal/reflect/GeneratedConstructorAccessor149
instanceKlass jdk/internal/reflect/GeneratedConstructorAccessor148
instanceKlass jdk/internal/reflect/GeneratedConstructorAccessor147
instanceKlass jdk/internal/reflect/GeneratedConstructorAccessor146
instanceKlass jdk/internal/reflect/GeneratedConstructorAccessor145
instanceKlass jdk/internal/reflect/GeneratedConstructorAccessor144
instanceKlass jdk/internal/reflect/GeneratedConstructorAccessor143
instanceKlass jdk/internal/reflect/GeneratedConstructorAccessor142
instanceKlass jdk/internal/reflect/GeneratedConstructorAccessor141
instanceKlass jdk/internal/reflect/GeneratedConstructorAccessor140
instanceKlass jdk/internal/reflect/GeneratedConstructorAccessor139
instanceKlass jdk/internal/reflect/GeneratedConstructorAccessor138
instanceKlass jdk/internal/reflect/GeneratedConstructorAccessor137
instanceKlass jdk/internal/reflect/GeneratedConstructorAccessor136
instanceKlass jdk/internal/reflect/GeneratedConstructorAccessor135
instanceKlass jdk/internal/reflect/GeneratedConstructorAccessor134
instanceKlass jdk/internal/reflect/GeneratedConstructorAccessor133
instanceKlass jdk/internal/reflect/GeneratedConstructorAccessor132
instanceKlass jdk/internal/reflect/GeneratedConstructorAccessor131
instanceKlass jdk/internal/reflect/GeneratedConstructorAccessor130
instanceKlass jdk/internal/reflect/GeneratedConstructorAccessor129
instanceKlass jdk/internal/reflect/GeneratedConstructorAccessor128
instanceKlass jdk/internal/reflect/GeneratedConstructorAccessor127
instanceKlass jdk/internal/reflect/GeneratedConstructorAccessor126
instanceKlass jdk/internal/reflect/GeneratedConstructorAccessor125
instanceKlass jdk/internal/reflect/GeneratedConstructorAccessor124
instanceKlass jdk/internal/reflect/GeneratedConstructorAccessor123
instanceKlass jdk/internal/reflect/GeneratedConstructorAccessor122
instanceKlass jdk/internal/reflect/GeneratedConstructorAccessor121
instanceKlass jdk/internal/reflect/GeneratedConstructorAccessor120
instanceKlass jdk/internal/reflect/GeneratedConstructorAccessor119
instanceKlass jdk/internal/reflect/GeneratedConstructorAccessor118
instanceKlass jdk/internal/reflect/GeneratedConstructorAccessor117
instanceKlass jdk/internal/reflect/GeneratedConstructorAccessor116
instanceKlass jdk/internal/reflect/GeneratedConstructorAccessor115
instanceKlass jdk/internal/reflect/GeneratedConstructorAccessor114
instanceKlass jdk/internal/reflect/GeneratedConstructorAccessor113
instanceKlass jdk/internal/reflect/GeneratedConstructorAccessor112
instanceKlass jdk/internal/reflect/GeneratedConstructorAccessor111
instanceKlass jdk/internal/reflect/GeneratedConstructorAccessor110
instanceKlass jdk/internal/reflect/GeneratedConstructorAccessor109
instanceKlass jdk/internal/reflect/GeneratedConstructorAccessor108
instanceKlass jdk/internal/reflect/GeneratedConstructorAccessor107
instanceKlass jdk/internal/reflect/GeneratedConstructorAccessor106
instanceKlass jdk/internal/reflect/GeneratedConstructorAccessor105
instanceKlass jdk/internal/reflect/GeneratedConstructorAccessor104
instanceKlass jdk/internal/reflect/GeneratedConstructorAccessor103
instanceKlass jdk/internal/reflect/GeneratedConstructorAccessor102
instanceKlass jdk/internal/reflect/GeneratedConstructorAccessor101
instanceKlass jdk/internal/reflect/GeneratedConstructorAccessor100
instanceKlass jdk/internal/reflect/GeneratedConstructorAccessor99
instanceKlass jdk/internal/reflect/GeneratedConstructorAccessor98
instanceKlass jdk/internal/reflect/GeneratedConstructorAccessor97
instanceKlass jdk/internal/reflect/GeneratedConstructorAccessor96
instanceKlass jdk/internal/reflect/GeneratedConstructorAccessor95
instanceKlass jdk/internal/reflect/GeneratedConstructorAccessor94
instanceKlass jdk/internal/reflect/GeneratedConstructorAccessor93
instanceKlass jdk/internal/reflect/GeneratedConstructorAccessor92
instanceKlass jdk/internal/reflect/GeneratedConstructorAccessor91
instanceKlass jdk/internal/reflect/GeneratedConstructorAccessor90
instanceKlass jdk/internal/reflect/GeneratedConstructorAccessor89
instanceKlass jdk/internal/reflect/GeneratedConstructorAccessor88
instanceKlass jdk/internal/reflect/GeneratedConstructorAccessor87
instanceKlass jdk/internal/reflect/GeneratedConstructorAccessor86
instanceKlass jdk/internal/reflect/GeneratedConstructorAccessor85
instanceKlass jdk/internal/reflect/GeneratedConstructorAccessor84
instanceKlass jdk/internal/reflect/GeneratedConstructorAccessor83
instanceKlass jdk/internal/reflect/GeneratedConstructorAccessor82
instanceKlass jdk/internal/reflect/GeneratedConstructorAccessor81
instanceKlass jdk/internal/reflect/GeneratedConstructorAccessor80
instanceKlass jdk/internal/reflect/GeneratedConstructorAccessor79
instanceKlass jdk/internal/reflect/GeneratedConstructorAccessor78
instanceKlass jdk/internal/reflect/GeneratedConstructorAccessor77
instanceKlass jdk/internal/reflect/GeneratedConstructorAccessor76
instanceKlass jdk/internal/reflect/GeneratedConstructorAccessor75
instanceKlass jdk/internal/reflect/GeneratedConstructorAccessor74
instanceKlass jdk/internal/reflect/GeneratedConstructorAccessor73
instanceKlass jdk/internal/reflect/GeneratedConstructorAccessor72
instanceKlass jdk/internal/reflect/GeneratedConstructorAccessor71
instanceKlass jdk/internal/reflect/GeneratedConstructorAccessor70
instanceKlass jdk/internal/reflect/GeneratedConstructorAccessor69
instanceKlass jdk/internal/reflect/GeneratedConstructorAccessor68
instanceKlass jdk/internal/reflect/GeneratedConstructorAccessor67
instanceKlass jdk/internal/reflect/GeneratedConstructorAccessor66
instanceKlass jdk/internal/reflect/GeneratedConstructorAccessor65
instanceKlass jdk/internal/reflect/GeneratedConstructorAccessor64
instanceKlass jdk/internal/reflect/GeneratedConstructorAccessor63
instanceKlass jdk/internal/reflect/GeneratedConstructorAccessor62
instanceKlass jdk/internal/reflect/GeneratedConstructorAccessor61
instanceKlass jdk/internal/reflect/GeneratedConstructorAccessor60
instanceKlass jdk/internal/reflect/GeneratedConstructorAccessor59
instanceKlass jdk/internal/reflect/GeneratedConstructorAccessor58
instanceKlass jdk/internal/reflect/GeneratedConstructorAccessor57
instanceKlass jdk/internal/reflect/GeneratedConstructorAccessor56
instanceKlass jdk/internal/reflect/GeneratedConstructorAccessor55
instanceKlass jdk/internal/reflect/GeneratedConstructorAccessor54
instanceKlass jdk/internal/reflect/GeneratedConstructorAccessor53
instanceKlass jdk/internal/reflect/GeneratedConstructorAccessor52
instanceKlass jdk/internal/reflect/GeneratedConstructorAccessor51
instanceKlass jdk/internal/reflect/GeneratedConstructorAccessor50
instanceKlass jdk/internal/reflect/GeneratedConstructorAccessor49
instanceKlass jdk/internal/reflect/GeneratedConstructorAccessor48
instanceKlass jdk/internal/reflect/GeneratedConstructorAccessor47
instanceKlass jdk/internal/reflect/GeneratedConstructorAccessor46
instanceKlass jdk/internal/reflect/GeneratedConstructorAccessor45
instanceKlass jdk/internal/reflect/GeneratedConstructorAccessor44
instanceKlass jdk/internal/reflect/GeneratedConstructorAccessor43
instanceKlass jdk/internal/reflect/GeneratedConstructorAccessor42
instanceKlass jdk/internal/reflect/GeneratedConstructorAccessor41
instanceKlass jdk/internal/reflect/GeneratedConstructorAccessor40
instanceKlass jdk/internal/reflect/GeneratedConstructorAccessor39
instanceKlass jdk/internal/reflect/GeneratedConstructorAccessor38
instanceKlass jdk/internal/reflect/GeneratedConstructorAccessor37
instanceKlass jdk/internal/reflect/GeneratedConstructorAccessor36
instanceKlass jdk/internal/reflect/GeneratedConstructorAccessor34
instanceKlass jdk/internal/reflect/GeneratedConstructorAccessor32
instanceKlass jdk/internal/reflect/GeneratedConstructorAccessor31
instanceKlass jdk/internal/reflect/GeneratedConstructorAccessor30
instanceKlass jdk/internal/reflect/GeneratedConstructorAccessor29
instanceKlass jdk/internal/reflect/GeneratedConstructorAccessor28
instanceKlass jdk/internal/reflect/GeneratedConstructorAccessor27
instanceKlass jdk/internal/reflect/GeneratedConstructorAccessor26
instanceKlass jdk/internal/reflect/GeneratedConstructorAccessor25
instanceKlass jdk/internal/reflect/GeneratedConstructorAccessor24
instanceKlass jdk/internal/reflect/GeneratedConstructorAccessor23
instanceKlass jdk/internal/reflect/GeneratedConstructorAccessor22
instanceKlass jdk/internal/reflect/GeneratedConstructorAccessor21
instanceKlass jdk/internal/reflect/GeneratedConstructorAccessor20
instanceKlass jdk/internal/reflect/GeneratedConstructorAccessor19
instanceKlass jdk/internal/reflect/GeneratedConstructorAccessor18
instanceKlass jdk/internal/reflect/GeneratedConstructorAccessor17
instanceKlass jdk/internal/reflect/GeneratedConstructorAccessor16
instanceKlass jdk/internal/reflect/GeneratedConstructorAccessor15
instanceKlass jdk/internal/reflect/GeneratedConstructorAccessor14
instanceKlass jdk/internal/reflect/GeneratedConstructorAccessor13
instanceKlass jdk/internal/reflect/GeneratedConstructorAccessor12
instanceKlass jdk/internal/reflect/GeneratedConstructorAccessor11
instanceKlass jdk/internal/reflect/GeneratedConstructorAccessor10
instanceKlass jdk/internal/reflect/GeneratedConstructorAccessor9
instanceKlass jdk/internal/reflect/GeneratedConstructorAccessor8
instanceKlass jdk/internal/reflect/GeneratedConstructorAccessor7
instanceKlass jdk/internal/reflect/GeneratedConstructorAccessor6
instanceKlass jdk/internal/reflect/GeneratedConstructorAccessor5
instanceKlass jdk/internal/reflect/GeneratedConstructorAccessor4
instanceKlass jdk/internal/reflect/GeneratedConstructorAccessor3
instanceKlass jdk/internal/reflect/GeneratedConstructorAccessor2
instanceKlass jdk/internal/reflect/GeneratedConstructorAccessor1
instanceKlass jdk/internal/reflect/BootstrapConstructorAccessorImpl
instanceKlass jdk/internal/reflect/SerializationConstructorAccessorImpl
instanceKlass jdk/internal/reflect/DelegatingConstructorAccessorImpl
instanceKlass jdk/internal/reflect/NativeConstructorAccessorImpl
ciInstanceKlass jdk/internal/reflect/ConstructorAccessorImpl 1 1 27 10 7 12 1 1 1 100 1 100 1 1 1 1 1 1 1 1 1 100 1 100 1 100 1 1 1
instanceKlass jdk/internal/reflect/FieldAccessorImpl
instanceKlass jdk/internal/reflect/ConstructorAccessorImpl
instanceKlass jdk/internal/reflect/MethodAccessorImpl
ciInstanceKlass jdk/internal/reflect/MagicAccessorImpl 1 1 16 10 7 12 1 1 1 100 1 1 1 1 1 1 1 1
instanceKlass jdk/internal/reflect/GeneratedMethodAccessor140
instanceKlass jdk/internal/reflect/GeneratedMethodAccessor139
instanceKlass jdk/internal/reflect/GeneratedMethodAccessor138
instanceKlass jdk/internal/reflect/GeneratedMethodAccessor137
instanceKlass jdk/internal/reflect/GeneratedMethodAccessor136
instanceKlass jdk/internal/reflect/GeneratedMethodAccessor135
instanceKlass jdk/internal/reflect/GeneratedMethodAccessor134
instanceKlass jdk/internal/reflect/GeneratedMethodAccessor133
instanceKlass jdk/internal/reflect/GeneratedMethodAccessor132
instanceKlass jdk/internal/reflect/GeneratedMethodAccessor131
instanceKlass jdk/internal/reflect/GeneratedMethodAccessor130
instanceKlass jdk/internal/reflect/GeneratedMethodAccessor129
instanceKlass jdk/internal/reflect/GeneratedMethodAccessor128
instanceKlass jdk/internal/reflect/GeneratedMethodAccessor127
instanceKlass jdk/internal/reflect/GeneratedMethodAccessor126
instanceKlass jdk/internal/reflect/GeneratedMethodAccessor125
instanceKlass jdk/internal/reflect/GeneratedMethodAccessor124
instanceKlass jdk/internal/reflect/GeneratedMethodAccessor123
instanceKlass jdk/internal/reflect/GeneratedMethodAccessor122
instanceKlass jdk/internal/reflect/GeneratedMethodAccessor121
instanceKlass jdk/internal/reflect/GeneratedMethodAccessor120
instanceKlass jdk/internal/reflect/GeneratedMethodAccessor119
instanceKlass jdk/internal/reflect/GeneratedMethodAccessor118
instanceKlass jdk/internal/reflect/GeneratedMethodAccessor117
instanceKlass jdk/internal/reflect/GeneratedMethodAccessor116
instanceKlass jdk/internal/reflect/GeneratedMethodAccessor115
instanceKlass jdk/internal/reflect/GeneratedMethodAccessor114
instanceKlass jdk/internal/reflect/GeneratedMethodAccessor113
instanceKlass jdk/internal/reflect/GeneratedMethodAccessor112
instanceKlass jdk/internal/reflect/GeneratedMethodAccessor105
instanceKlass jdk/internal/reflect/GeneratedMethodAccessor104
instanceKlass jdk/internal/reflect/GeneratedMethodAccessor99
instanceKlass jdk/internal/reflect/GeneratedMethodAccessor98
instanceKlass jdk/internal/reflect/GeneratedMethodAccessor97
instanceKlass jdk/internal/reflect/GeneratedMethodAccessor96
instanceKlass jdk/internal/reflect/GeneratedMethodAccessor95
instanceKlass jdk/internal/reflect/GeneratedMethodAccessor94
instanceKlass jdk/internal/reflect/GeneratedMethodAccessor93
instanceKlass jdk/internal/reflect/GeneratedMethodAccessor92
instanceKlass jdk/internal/reflect/GeneratedMethodAccessor91
instanceKlass jdk/internal/reflect/GeneratedMethodAccessor90
instanceKlass jdk/internal/reflect/GeneratedMethodAccessor89
instanceKlass jdk/internal/reflect/GeneratedMethodAccessor88
instanceKlass jdk/internal/reflect/GeneratedMethodAccessor87
instanceKlass jdk/internal/reflect/GeneratedMethodAccessor86
instanceKlass jdk/internal/reflect/GeneratedMethodAccessor85
instanceKlass jdk/internal/reflect/GeneratedMethodAccessor84
instanceKlass jdk/internal/reflect/GeneratedMethodAccessor83
instanceKlass jdk/internal/reflect/GeneratedMethodAccessor82
instanceKlass jdk/internal/reflect/GeneratedMethodAccessor81
instanceKlass jdk/internal/reflect/GeneratedMethodAccessor80
instanceKlass jdk/internal/reflect/GeneratedMethodAccessor79
instanceKlass jdk/internal/reflect/GeneratedMethodAccessor78
instanceKlass jdk/internal/reflect/GeneratedMethodAccessor77
instanceKlass jdk/internal/reflect/GeneratedMethodAccessor76
instanceKlass jdk/internal/reflect/GeneratedMethodAccessor75
instanceKlass jdk/internal/reflect/GeneratedMethodAccessor74
instanceKlass jdk/internal/reflect/GeneratedMethodAccessor73
instanceKlass jdk/internal/reflect/GeneratedMethodAccessor72
instanceKlass jdk/internal/reflect/GeneratedMethodAccessor71
instanceKlass jdk/internal/reflect/GeneratedMethodAccessor70
instanceKlass jdk/internal/reflect/GeneratedMethodAccessor69
instanceKlass jdk/internal/reflect/GeneratedMethodAccessor68
instanceKlass jdk/internal/reflect/GeneratedMethodAccessor67
instanceKlass jdk/internal/reflect/GeneratedMethodAccessor66
instanceKlass jdk/internal/reflect/GeneratedMethodAccessor65
instanceKlass jdk/internal/reflect/GeneratedMethodAccessor64
instanceKlass jdk/internal/reflect/GeneratedMethodAccessor63
instanceKlass jdk/internal/reflect/GeneratedMethodAccessor54
instanceKlass jdk/internal/reflect/GeneratedMethodAccessor53
instanceKlass jdk/internal/reflect/GeneratedMethodAccessor52
instanceKlass jdk/internal/reflect/GeneratedMethodAccessor51
instanceKlass jdk/internal/reflect/GeneratedMethodAccessor50
instanceKlass jdk/internal/reflect/GeneratedMethodAccessor49
instanceKlass jdk/internal/reflect/GeneratedMethodAccessor48
instanceKlass jdk/internal/reflect/GeneratedMethodAccessor47
instanceKlass jdk/internal/reflect/GeneratedMethodAccessor46
instanceKlass jdk/internal/reflect/GeneratedMethodAccessor45
instanceKlass jdk/internal/reflect/GeneratedMethodAccessor44
instanceKlass jdk/internal/reflect/GeneratedMethodAccessor43
instanceKlass jdk/internal/reflect/GeneratedMethodAccessor42
instanceKlass jdk/internal/reflect/GeneratedMethodAccessor40
instanceKlass jdk/internal/reflect/GeneratedMethodAccessor39
instanceKlass jdk/internal/reflect/GeneratedMethodAccessor38
instanceKlass jdk/internal/reflect/GeneratedMethodAccessor37
instanceKlass jdk/internal/reflect/GeneratedMethodAccessor36
instanceKlass jdk/internal/reflect/GeneratedMethodAccessor35
instanceKlass jdk/internal/reflect/GeneratedMethodAccessor34
instanceKlass jdk/internal/reflect/GeneratedMethodAccessor33
instanceKlass jdk/internal/reflect/GeneratedMethodAccessor32
instanceKlass jdk/internal/reflect/GeneratedMethodAccessor31
instanceKlass jdk/internal/reflect/GeneratedMethodAccessor30
instanceKlass jdk/internal/reflect/GeneratedMethodAccessor29
instanceKlass jdk/internal/reflect/GeneratedMethodAccessor28
instanceKlass jdk/internal/reflect/GeneratedMethodAccessor27
instanceKlass jdk/internal/reflect/GeneratedMethodAccessor26
instanceKlass jdk/internal/reflect/GeneratedMethodAccessor25
instanceKlass jdk/internal/reflect/GeneratedMethodAccessor24
instanceKlass jdk/internal/reflect/GeneratedMethodAccessor23
instanceKlass jdk/internal/reflect/GeneratedMethodAccessor22
instanceKlass jdk/internal/reflect/GeneratedMethodAccessor21
instanceKlass jdk/internal/reflect/GeneratedMethodAccessor20
instanceKlass jdk/internal/reflect/GeneratedMethodAccessor19
instanceKlass jdk/internal/reflect/GeneratedMethodAccessor18
instanceKlass jdk/internal/reflect/GeneratedMethodAccessor17
instanceKlass jdk/internal/reflect/GeneratedMethodAccessor16
instanceKlass jdk/internal/reflect/GeneratedMethodAccessor15
instanceKlass jdk/internal/reflect/GeneratedMethodAccessor14
instanceKlass jdk/internal/reflect/GeneratedMethodAccessor13
instanceKlass jdk/internal/reflect/GeneratedMethodAccessor12
instanceKlass jdk/internal/reflect/GeneratedMethodAccessor11
instanceKlass jdk/internal/reflect/GeneratedMethodAccessor10
instanceKlass jdk/internal/reflect/GeneratedMethodAccessor9
instanceKlass jdk/internal/reflect/GeneratedMethodAccessor8
instanceKlass jdk/internal/reflect/GeneratedMethodAccessor7
instanceKlass jdk/internal/reflect/GeneratedMethodAccessor6
instanceKlass jdk/internal/reflect/GeneratedMethodAccessor5
instanceKlass jdk/internal/reflect/GeneratedMethodAccessor4
instanceKlass jdk/internal/reflect/GeneratedMethodAccessor3
instanceKlass jdk/internal/reflect/GeneratedMethodAccessor2
instanceKlass jdk/internal/reflect/GeneratedMethodAccessor1
instanceKlass jdk/internal/reflect/DelegatingMethodAccessorImpl
instanceKlass jdk/internal/reflect/NativeMethodAccessorImpl
ciInstanceKlass jdk/internal/reflect/MethodAccessorImpl 1 1 25 10 7 12 1 1 1 100 1 100 1 1 1 1 1 1 1 1 1 100 1 100 1 1 1
ciInstanceKlass java/lang/Module 1 1 959 10 7 12 1 1 1 9 7 12 1 1 1 10 7 12 1 1 1 9 12 1 9 12 1 1 9 12 1 1 10 12 1 1 10 12 1 10 12 1 1 10 7 12 1 1 1 7 1 10 7 12 1 1 1 10 12 1 1 11 7 12 1 1 1 10 12 1 1 10 7 12 1 1 1 10 12 1 1 10 7 12 1 1 1 9 100 12 1 1 1 10 100 12 1 1 1 10 12 1 8 1 10 7 12 1 1 1 10 7 12 1 1 1 9 12 1 1 9 12 1 1 10 12 1 9 12 1 1 11 12 1 9 7 12 1 1 10 7 12 1 1 1 10 7 12 1 1 1 10 12 1 1 100 1 100 1 10 10 12 1 1 8 1 10 12 1 10 12 10 12 1 10 12 1 1 10 12 1 1 10 12 1 1 9 7 12 1 1 1 10 12 1 1 10 12 1 1 9 12 1 10 12 1 10 12 1 9 12 1 1 11 7 12 1 1 10 12 1 1 9 12 1 9 12 1 10 12 1 10 12 1 100 1 8 1 10 10 12 1 1 10 12 1 8 1 10 12 1 1 8 1 8 1 10 12 1 1 10 12 1 10 12 1 1 18 12 1 1 10 12 1 1 11 12 1 9 12 1 11 12 10 100 12 1 1 100 1 8 1 10 7 1 11 12 1 1 10 12 1 10 12 1 10 12 1 1 11 12 1 1 11 7 12 1 1 11 12 1 1 9 12 1 11 12 1 10 12 1 1 10 12 1 1 9 12 1 10 12 10 7 12 1 1 10 7 12 1 1 10 7 1 18 12 1 1 11 100 12 1 1 1 18 12 1 11 12 1 1 10 100 12 1 1 1 11 12 1 1 10 7 12 1 1 4 7 1 11 12 1 7 1 7 1 10 10 7 12 1 1 1 10 11 7 12 1 8 1 10 10 12 1 1 10 7 12 1 1 10 12 1 10 12 1 7 1 10 12 1 10 11 12 1 1 10 12 10 12 1 1 9 12 1 100 1 10 10 12 1 1 11 100 1 10 12 1 1 11 12 1 10 10 12 1 11 10 12 1 1 10 12 1 1 10 12 1 1 10 7 12 1 1 10 12 1 10 12 1 1 10 10 12 1 1 10 12 1 18 12 1 11 12 1 18 12 1 10 12 1 10 12 1 10 12 7 1 10 12 1 10 12 1 10 12 1 9 12 1 7 1 10 10 10 10 12 1 10 12 1 10 12 1 10 12 1 1 10 12 1 1 10 12 1 9 12 1 18 12 1 1 10 100 12 1 1 1 100 1 8 1 10 12 1 1 10 12 1 1 10 100 12 1 1 100 1 10 12 1 1 100 1 8 1 100 1 10 100 1 100 1 3 10 12 1 100 1 10 12 1 10 12 1 1 10 12 1 1 100 1 10 12 1 10 12 1 1 100 1 100 1 10 12 8 1 10 12 1 1 10 12 1 1 10 7 12 1 1 10 12 1 1 10 12 1 10 12 10 12 1 1 7 1 10 10 12 1 1 10 100 12 1 1 1 100 1 8 1 10 12 1 1 10 100 12 1 1 8 1 10 12 1 8 1 10 12 1 10 12 10 12 1 8 1 10 10 100 12 1 1 7 1 10 10 12 1 10 7 12 1 1 9 12 1 9 12 1 9 12 1 9 12 1 10 12 11 12 1 10 12 1 100 1 1 1 1 1 1 1 1 1 1 1 1 1 1 1 1 100 1 1 1 1 1 1 1 1 1 1 1 1 1 1 1 1 1 1 1 1 1 1 1 1 1 1 1 1 1 1 1 1 1 1 1 1 1 1 1 1 1 1 1 1 1 1 1 1 1 1 1 1 1 1 1 1 1 1 1 1 1 1 1 1 1 1 1 1 1 1 1 1 1 1 1 1 1 1 1 1 1 1 1 100 100 1 1 1 1 1 1 1 1 1 1 1 1 1 1 1 1 1 1 1 1 1 1 1 1 1 1 1 1 1 1 1 1 1 1 100 1 100 1 7 1 1 1 1 1 1 1 1 1 1 1 1 1 1 1 1 1 1 1 1 1 1 1 1 1 1 1 1 15 10 7 12 1 1 1 16 15 10 12 16 16 15 10 12 16 16 15 10 16 1 15 10 12 16 1 15 10 12 16 1 16 15 10 12 16 1 1 1 1 1 1 1 100 1 100 1 1
staticfield java/lang/Module ALL_UNNAMED_MODULE Ljava/lang/Module; java/lang/Module
staticfield java/lang/Module ALL_UNNAMED_MODULE_SET Ljava/util/Set; java/util/ImmutableCollections$Set12
staticfield java/lang/Module EVERYONE_MODULE Ljava/lang/Module; java/lang/Module
staticfield java/lang/Module EVERYONE_SET Ljava/util/Set; java/util/ImmutableCollections$Set12
staticfield java/lang/Module $assertionsDisabled Z 1
ciInstanceKlass java/util/ArrayList 1 1 492 10 7 12 1 1 1 7 1 9 7 12 1 1 1 9 12 1 100 1 100 1 10 8 1 10 12 1 1 10 12 1 10 12 1 1 10 12 1 9 12 1 11 7 12 1 1 1 9 12 1 1 10 12 1 1 7 10 7 12 1 1 1 9 12 1 10 12 1 10 12 1 1 10 7 12 1 1 1 10 7 12 1 1 1 10 12 1 1 10 12 1 1 10 12 1 1 10 12 1 10 12 1 1 100 1 100 1 10 12 1 10 7 12 1 1 1 10 7 12 1 1 10 12 1 10 12 10 12 1 1 10 12 1 1 10 12 1 1 7 1 10 12 1 1 10 12 1 1 10 12 1 100 1 10 11 12 1 1 11 7 12 1 1 1 11 12 1 10 12 1 10 12 1 10 12 1 1 100 1 10 12 1 1 10 10 12 1 1 10 12 1 8 1 8 1 8 1 8 1 10 12 1 1 10 12 1 1 11 12 1 100 1 10 100 12 1 1 10 12 1 10 12 1 1 10 100 12 1 1 10 12 1 10 100 12 1 1 1 11 100 12 1 1 1 10 12 1 100 1 8 1 10 7 1 10 12 1 7 1 10 12 1 10 12 1 1 7 1 10 12 1 10 12 1 1 11 100 12 1 1 7 1 10 12 1 10 12 1 1 11 100 12 1 1 10 12 1 1 10 12 1 1 10 12 1 1 10 12 1 1 11 100 12 1 1 10 12 1 1 100 1 100 1 100 1 1 1 1 5 0 1 3 1 1 1 1 1 1 1 1 1 1 1 1 1 1 1 1 1 1 1 1 1 1 1 1 1 1 1 1 1 1 1 1 1 1 1 1 1 1 1 1 1 1 1 1 1 1 1 1 1 1 1 1 1 1 1 1 1 1 1 1 1 1 1 1 1 1 1 1 1 1 1 1 1 1 1 1 1 1 1 1 1 1 1 1 1 1 1 1 1 1 1 1 1 1 1 1 100 1 1 1 1 100 1 1 1 1 1 1 1 1 1 1 1 1 1 1 1 1 1 1 1 1 1 1 1 1 1 1 1 1 1 100 1 1 1 1 1 1 1 1 1 1 1 1 1 1 1 1 1 1 100 1 100 1 1 1 1 1 1
staticfield java/util/ArrayList EMPTY_ELEMENTDATA [Ljava/lang/Object; 0 [Ljava/lang/Object;
staticfield java/util/ArrayList DEFAULTCAPACITY_EMPTY_ELEMENTDATA [Ljava/lang/Object; 0 [Ljava/lang/Object;
ciInstanceKlass java/util/concurrent/ConcurrentHashMap 1 1 1210 7 1 7 1 3 10 12 1 1 3 100 1 10 7 12 1 1 1 100 1 10 100 12 1 1 1 100 1 11 12 1 1 11 12 1 11 12 1 1 9 12 1 1 9 12 1 1 9 12 1 10 7 12 1 1 1 7 1 10 12 1 1 10 12 1 1 10 7 12 1 1 1 4 10 12 1 9 12 1 10 12 1 1 100 1 10 5 0 10 12 1 10 12 1 1 5 0 10 12 1 1 10 12 1 9 12 1 1 10 12 1 1 9 12 1 9 12 1 1 10 12 1 1 9 12 1 10 12 1 1 9 12 1 1 10 12 1 1 100 1 10 7 1 10 12 1 10 12 1 1 10 12 1 1 10 12 1 1 10 12 1 10 12 1 1 10 12 1 1 7 1 10 12 1 1 7 1 100 1 8 1 10 12 1 10 12 1 1 10 12 1 1 11 7 12 1 1 10 12 1 1 11 12 1 1 11 7 12 1 1 1 11 7 12 1 1 1 11 12 1 7 1 11 12 1 11 12 1 10 12 1 1 10 12 1 1 9 12 1 1 10 7 12 1 1 1 9 10 12 1 1 9 12 1 10 12 1 1 5 0 9 12 1 1 7 1 10 12 1 9 12 1 1 7 1 10 12 1 9 12 1 7 1 10 100 1 10 10 12 1 1 8 1 10 12 1 10 12 1 1 11 100 1 10 12 1 10 100 12 1 1 1 8 1 10 100 12 1 1 1 8 1 10 12 1 8 1 10 12 1 10 12 1 1 10 100 12 1 1 10 12 1 10 12 1 10 12 1 9 12 1 9 10 12 1 9 12 1 1 11 100 12 1 1 1 11 7 12 1 1 1 100 1 10 12 11 100 12 1 1 10 11 7 12 1 10 12 1 100 1 10 12 1 100 1 10 10 9 7 12 1 1 1 10 12 3 10 100 12 1 1 9 12 1 10 12 1 1 9 12 1 1 9 12 1 10 12 1 1 10 7 12 1 1 9 12 1 9 7 12 1 1 10 12 1 1 10 12 1 3 9 12 1 9 12 1 10 12 1 1 7 1 9 3 9 12 1 100 1 10 12 1 9 12 1 10 12 1 9 12 1 10 12 1 9 12 1 10 100 12 1 1 1 100 10 12 1 100 1 5 0 10 100 12 1 1 100 1 10 12 1 1 10 12 1 10 12 1 100 1 10 12 1 10 100 1 100 1 10 10 12 1 10 100 1 10 12 1 10 100 1 10 12 1 10 100 1 10 12 1 1 100 1 10 12 1 10 10 12 1 100 1 10 12 1 10 10 12 1 100 1 10 12 1 10 100 1 10 12 1 10 100 1 10 12 1 10 100 1 10 12 1 10 100 1 10 12 1 10 100 1 10 12 1 10 100 1 10 12 1 10 100 1 10 12 1 10 100 1 10 10 100 1 10 10 100 1 10 10 100 1 10 12 1 10 100 1 10 12 1 10 100 1 10 12 1 10 100 1 10 12 1 10 100 1 10 12 1 10 100 1 10 10 100 1 10 10 100 1 10 10 100 1 10 12 1 10 100 1 10 12 1 10 100 1 10 12 1 10 100 1 10 12 1 10 100 1 10 12 1 10 10 12 1 10 7 12 1 1 1 10 12 1 7 1 7 1 10 12 1 9 12 1 1 9 12 1 1 10 12 1 1 8 10 12 1 1 8 8 8 8 7 10 12 1 1 10 12 1 100 1 8 1 10 7 1 100 1 100 1 1 1 5 0 1 1 3 1 3 1 1 1 1 3 1 3 1 3 1 1 1 1 1 3 1 3 1 3 1 1 1 1 1 1 1 1 1 1 1 1 1 1 1 1 1 1 1 1 1 1 1 1 1 100 1 1 1 1 1 1 1 1 1 1 1 1 1 1 1 1 1 1 1 1 1 1 1 1 1 1 1 1 1 1 1 1 1 1 1 1 1 1 1 1 1 1 1 1 1 1 1 1 1 1 1 1 1 1 1 1 1 1 1 1 1 1 1 1 1 1 1 1 1 1 1 1 1 1 1 1 1 1 1 1 1 1 1 1 100 1 1 1 1 1 1 1 1 1 1 1 100 1 1 1 1 1 1 1 1 1 1 1 1 1 1 1 1 1 1 1 1 1 1 1 1 1 1 1 1 1 1 1 1 1 1 1 1 1 1 1 1 1 1 1 1 1 1 1 1 1 1 1 1 1 1 1 1 1 1 1 1 1 1 1 1 1 1 1 1 1 1 1 1 1 1 1 1 1 1 1 1 1 1 1 1 1 1 1 1 1 1 1 1 1 1 1 1 1 1 1 1 1 1 1 1 1 1 1 1 1 1 1 1 1 1 1 1 1 1 1 1 1 1 1 1 1 1 1 1 1 1 1 1 1 1 1 1 1 1 1 1 1 1 1 1 1 1 1 1 1 1 1 1 1 1 1 1 1 1 1 1 1 1 1 1 1 1 1 1 1 1 1 1 1 1 1 1 1 1 1 1 1 1 1 1 1 1 1 1 1 1 1 1 1 1 1 1 1 1 1 1 1 1 1 1 1 1 1 1 1 1 1 1 1 1 1 1 1 1 1 1 1 1 1 100 1 100 1 100 1 100 1 100 1 100 1 100 1 100 1 100 1 1 1 1 1 1 1 1 1 1 1 1 1 1 1 1 1 1 1 1 1 1 1 1 1 1 1 1 1 1 1 1 1 1 1 1 1 1 1 1 1 1 1 1 1 1 1 1 1 1 1 1 1 1 1 1 1 1
staticfield java/util/concurrent/ConcurrentHashMap NCPU I 16
staticfield java/util/concurrent/ConcurrentHashMap serialPersistentFields [Ljava/io/ObjectStreamField; 3 [Ljava/io/ObjectStreamField;
staticfield java/util/concurrent/ConcurrentHashMap U Ljdk/internal/misc/Unsafe; jdk/internal/misc/Unsafe
staticfield java/util/concurrent/ConcurrentHashMap SIZECTL J 20
staticfield java/util/concurrent/ConcurrentHashMap TRANSFERINDEX J 32
staticfield java/util/concurrent/ConcurrentHashMap BASECOUNT J 24
staticfield java/util/concurrent/ConcurrentHashMap CELLSBUSY J 36
staticfield java/util/concurrent/ConcurrentHashMap CELLVALUE J 144
staticfield java/util/concurrent/ConcurrentHashMap ABASE I 16
staticfield java/util/concurrent/ConcurrentHashMap ASHIFT I 2
ciInstanceKlass java/lang/String 1 1 1396 10 7 12 1 1 1 8 1 9 7 12 1 1 1 9 12 1 1 9 12 1 1 10 12 1 10 12 1 1 10 12 1 1 9 12 1 1 10 7 12 1 1 1 10 7 1 10 7 12 1 1 1 10 12 1 1 10 12 1 1 10 12 1 10 12 1 1 10 12 1 10 7 12 1 1 1 9 7 12 1 1 1 10 7 12 1 1 1 10 12 1 1 10 12 1 1 10 12 1 1 10 12 1 1 10 12 1 1 9 7 12 1 1 10 12 9 7 12 1 1 3 10 7 12 1 1 1 7 1 11 12 1 1 11 12 1 11 12 1 1 10 7 12 1 1 1 10 12 1 1 9 7 12 1 1 1 10 12 1 1 10 12 1 11 12 1 1 10 12 1 1 10 12 10 12 1 1 10 100 12 1 1 1 10 7 12 1 1 1 10 12 1 1 10 12 1 10 12 1 1 100 1 10 12 1 1 100 1 100 1 10 12 1 1 10 12 1 1 10 12 1 100 1 100 1 7 1 10 12 1 10 12 1 1 10 12 1 1 10 12 1 10 12 1 1 10 12 1 1 10 7 12 1 1 7 1 11 10 12 1 10 12 11 12 1 11 12 1 10 12 1 1 10 12 1 1 10 10 100 12 1 1 1 10 100 12 1 1 10 12 1 1 10 100 12 1 1 10 12 1 10 12 1 1 10 12 1 100 1 10 10 12 1 1 10 12 1 10 12 1 10 12 1 1 100 1 10 12 1 1 10 12 10 12 1 10 12 1 1 10 7 12 1 1 1 10 12 1 10 12 1 1 10 12 1 10 12 1 3 3 10 12 1 10 12 1 1 10 12 1 1 10 12 1 1 10 12 1 10 12 1 1 10 12 1 1 10 12 1 10 12 1 10 12 1 10 12 1 1 10 12 1 10 12 1 10 12 1 10 12 1 10 12 1 10 12 1 10 100 1 10 8 1 10 12 1 1 10 12 1 8 1 10 12 1 1 10 12 10 12 1 8 1 10 10 12 1 1 10 12 1 1 10 12 1 10 12 1 1 10 12 10 100 1 10 10 12 1 10 12 1 10 12 1 10 10 12 1 10 12 1 1 10 12 1 100 1 10 10 12 1 100 1 10 10 12 1 10 12 1 1 10 12 1 10 12 1 1 10 10 12 1 1 10 100 1 10 10 12 1 10 12 1 1 10 12 1 1 10 100 1 10 12 1 10 12 1 10 12 1 10 12 1 1 10 12 1 11 7 1 11 12 10 12 1 10 12 1 1 10 12 1 1 10 10 12 1 10 12 1 9 12 1 1 11 7 12 1 1 1 10 10 12 1 10 12 1 1 10 10 12 1 10 12 1 10 12 1 1 9 12 1 10 12 1 1 10 10 12 1 1 10 12 10 10 12 1 10 12 10 10 12 10 10 12 1 10 12 1 10 12 10 10 12 10 12 1 10 12 10 12 10 10 12 1 10 12 1 1 10 12 1 10 10 12 1 10 7 12 1 1 1 10 12 1 1 10 10 7 12 1 1 1 11 10 12 1 10 12 1 1 10 12 1 1 10 7 12 1 1 1 10 12 1 10 10 12 1 10 12 1 10 12 1 10 100 12 1 1 10 12 1 100 1 100 1 8 1 10 10 10 12 1 8 1 10 12 1 3 3 7 1 10 10 12 1 10 12 1 10 12 1 1 10 12 1 1 11 7 12 1 1 1 7 1 10 12 1 1 10 12 1 10 12 1 1 10 12 1 1 8 1 10 12 1 1 10 12 1 11 100 12 1 1 1 11 100 12 1 1 11 12 1 1 10 12 1 10 12 1 1 10 10 7 12 1 1 1 10 12 1 10 12 1 10 10 12 10 12 1 1 10 10 12 1 10 10 12 1 10 10 12 1 10 10 12 1 10 12 1 1 10 10 12 1 8 1 10 12 1 1 18 12 1 1 11 100 12 1 1 1 7 1 3 18 12 1 18 12 1 8 1 10 100 12 1 1 1 11 12 1 1 10 12 10 10 12 1 10 11 12 1 1 10 12 1 1 11 12 1 18 3 11 10 12 1 11 11 10 12 1 10 12 1 1 8 1 10 12 1 10 12 1 10 12 1 1 10 10 12 1 11 100 12 1 7 1 100 1 10 12 1 7 1 10 10 7 12 1 1 1 100 1 10 7 1 10 10 12 1 10 10 12 1 8 1 10 10 12 1 8 1 8 1 10 12 1 10 12 1 10 10 12 10 7 12 1 1 10 7 12 1 1 10 100 12 1 1 8 1 10 12 1 10 12 1 1 10 10 12 8 1 8 1 10 8 1 8 1 8 1 8 1 10 12 1 10 12 1 8 1 10 100 12 1 1 1 10 12 10 12 1 1 10 12 10 10 12 10 12 7 1 9 12 1 1 7 1 10 100 1 100 1 100 1 100 1 1 1 1 1 1 5 0 1 1 1 1 1 3 1 3 1 1 1 1 1 1 1 1 1 1 1 1 1 1 1 100 1 1 1 100 1 1 1 1 1 1 1 1 1 1 1 1 1 1 1 1 1 1 1 1 1 1 1 1 1 100 1 1 1 1 1 1 1 1 1 100 1 1 1 1 1 1 1 1 1 1 1 1 1 1 1 1 1 1 1 1 1 1 1 1 1 1 1 1 1 1 1 1 1 1 1 1 1 1 1 1 1 1 1 1 1 1 1 1 1 1 1 1 1 1 1 1 1 1 1 1 1 1 1 1 1 1 1 1 1 1 1 1 1 1 1 1 1 1 1 1 1 1 1 1 1 1 1 1 1 1 1 1 1 1 1 1 1 1 1 1 1 1 1 1 1 1 1 1 1 1 1 1 1 1 1 1 1 1 1 1 1 1 1 1 1 1 1 1 1 1 1 1 1 1 1 1 1 1 1 1 1 1 1 1 1 1 1 1 1 1 1 1 1 1 1 1 1 1 1 1 1 1 1 1 1 1 1 1 1 1 1 100 1 1 1 1 1 1 1 1 1 1 1 1 1 1 1 1 1 1 1 1 1 1 1 1 100 1 1 1 1 1 1 1 1 1 1 1 1 1 7 1 1 1 1 1 1 1 1 1 1 1 1 1 1 1 15 10 100 12 1 1 1 16 15 10 12 16 15 10 12 15 10 12 15 10 12 1 1 1 1 100 1 100 1 1 1
staticfield java/lang/String COMPACT_STRINGS Z 1
staticfield java/lang/String serialPersistentFields [Ljava/io/ObjectStreamField; 0 [Ljava/io/ObjectStreamField;
staticfield java/lang/String CASE_INSENSITIVE_ORDER Ljava/util/Comparator; java/lang/String$CaseInsensitiveComparator
ciInstanceKlass java/security/ProtectionDomain 1 1 324 10 7 12 1 1 1 9 7 12 1 1 1 7 1 10 9 12 1 1 9 12 1 1 9 12 1 1 10 7 12 1 1 7 1 9 12 1 9 12 1 1 7 1 9 12 1 1 9 12 1 10 100 12 1 1 10 100 12 1 1 1 10 12 1 1 10 12 1 9 12 1 9 100 12 1 1 10 12 1 1 10 100 1 10 12 1 1 8 1 100 1 8 1 10 12 1 10 10 100 12 1 1 1 10 12 1 1 8 1 11 8 1 10 12 1 8 1 8 1 10 12 1 1 10 12 1 10 12 1 1 10 12 1 8 1 10 12 1 8 1 8 1 10 100 12 1 1 1 9 100 12 1 1 1 10 12 1 1 9 100 12 1 1 1 10 100 12 1 1 1 100 1 100 1 10 12 1 10 100 12 1 1 1 10 100 1 10 12 1 10 12 1 1 11 100 12 1 1 11 12 1 100 1 11 100 12 1 1 1 10 12 1 10 11 12 1 1 11 12 1 1 10 12 1 10 7 12 1 1 10 100 12 1 1 11 12 1 10 12 8 1 8 1 10 7 12 1 1 1 7 1 10 10 7 12 1 1 1 1 1 1 1 1 1 1 100 1 1 100 1 1 1 1 1 1 1 1 1 1 1 1 1 1 1 1 1 1 1 1 1 1 1 1 1 1 1 1 1 1 1 1 1 1 1 1 1 1 1 1 1 1 100 1 1 1 1 1 100 1 1 1 1 1
staticfield java/security/ProtectionDomain filePermCompatInPD Z 0
ciInstanceKlass java/security/CodeSource 1 1 395 10 7 12 1 1 1 9 7 12 1 1 1 9 12 1 1 9 12 1 1 9 12 1 1 10 7 12 1 1 1 9 12 1 1 10 7 12 1 1 10 7 10 100 12 1 1 1 10 100 12 1 1 1 10 12 1 1 7 1 10 10 7 12 1 1 1 10 7 12 1 1 1 10 12 1 1 10 12 1 100 1 10 12 1 1 10 12 1 1 10 12 1 1 10 12 1 10 10 10 12 1 1 10 100 12 1 1 1 10 12 1 10 12 1 10 12 1 8 1 10 12 1 10 12 1 10 12 1 1 10 12 1 8 1 10 12 1 1 10 100 1 10 10 12 1 1 8 1 10 12 1 10 12 1 10 12 1 8 1 8 1 9 12 1 1 100 1 8 1 10 12 1 10 12 1 1 8 1 10 12 1 8 1 8 1 8 1 10 100 12 1 1 10 12 1 1 10 12 1 10 12 1 1 10 12 1 1 10 12 1 1 100 1 100 1 10 12 1 10 12 10 12 1 1 10 100 12 1 1 10 12 1 100 1 10 12 10 8 1 10 12 1 10 12 1 10 12 1 1 100 1 10 12 1 1 100 1 100 1 8 1 8 1 10 10 12 1 1 10 100 12 1 1 1 100 1 10 12 10 12 1 1 11 100 12 1 1 10 10 12 1 11 10 12 1 8 1 100 1 10 12 1 10 12 1 1 10 12 1 11 12 1 1 11 100 1 1 1 1 5 0 1 1 1 1 1 1 1 1 1 1 1 1 1 1 1 1 1 1 1 1 1 1 1 1 1 1 1 1 1 1 1 1 1 1 1 1 1 1 1 1 1 1 1 1 1 1 1 1 1 1 1 1 1 1 1 1 1 1 1 1 1 1 1 1 1 100 1 1 1 1 1 1 1
ciInstanceKlass java/lang/StringBuilder 1 1 409 10 7 12 1 1 1 10 12 1 10 12 1 10 12 1 1 10 7 12 1 1 1 10 7 12 1 1 1 10 12 1 10 12 1 10 12 1 10 12 1 10 12 1 10 12 1 10 12 1 10 12 1 10 12 1 10 12 1 10 12 1 10 12 1 10 12 1 10 12 1 1 10 12 1 10 12 1 1 10 12 1 1 10 12 1 10 12 1 10 12 1 10 12 1 10 12 1 10 12 1 10 12 1 10 12 10 12 1 10 12 1 10 12 1 10 12 1 1 10 12 1 10 12 1 10 12 10 12 1 1 10 12 1 1 9 12 1 1 9 12 1 1 10 7 12 1 1 1 10 7 1 10 100 12 1 1 1 10 12 1 10 12 1 1 10 12 1 1 10 10 12 1 1 10 100 12 1 1 10 12 1 10 12 1 1 100 1 100 1 8 1 10 10 12 1 1 10 12 1 1 10 12 1 10 12 1 10 12 1 10 12 1 10 12 1 10 12 1 10 12 1 10 12 1 10 12 1 10 12 1 10 12 1 10 12 1 10 12 1 10 12 1 10 12 1 1 10 12 1 1 10 12 1 10 12 1 10 12 1 10 12 10 12 10 12 1 10 12 1 10 12 1 10 12 10 12 1 10 12 1 10 12 1 10 12 1 10 12 1 10 12 1 10 12 1 10 12 1 10 12 1 1 10 12 1 10 12 1 1 10 12 1 10 12 1 1 10 12 1 10 12 1 1 10 12 1 10 12 1 10 12 1 10 10 12 1 10 12 1 100 1 100 1 100 1 1 1 1 5 0 1 1 1 1 1 1 1 1 1 1 1 1 1 1 1 1 1 1 1 1 1 1 1 1 1 1 1 1 1 1 1 1 1 1 1 1 1 1 1 1 1 1 1 7 1 1 1 100 1 1 1 1 1 1 1 1 1 1
ciInstanceKlass jdk/internal/loader/ClassLoaders 1 1 183 10 100 12 1 1 1 10 7 12 1 1 1 10 12 1 1 10 100 12 1 1 1 9 7 12 1 1 1 9 12 1 1 9 12 1 1 7 1 11 100 12 1 1 1 100 1 11 12 1 1 11 12 1 1 10 100 12 1 1 1 10 100 12 1 1 1 100 1 100 1 10 7 12 1 1 1 9 12 1 1 10 12 1 1 7 1 10 12 1 1 10 12 1 7 1 8 1 10 7 12 1 1 1 10 12 1 1 7 1 10 12 1 10 12 1 10 12 1 8 1 10 7 12 1 1 8 1 8 1 10 12 1 7 1 10 12 1 10 12 1 10 12 1 1 1 1 1 1 1 1 1 1 1 1 1 1 1 1 1 1 1 1 100 1 1 1 1 1 1 1 1 1 1 1 1 1 1 1 1 1 1 1
staticfield jdk/internal/loader/ClassLoaders JLA Ljdk/internal/access/JavaLangAccess; java/lang/System$2
staticfield jdk/internal/loader/ClassLoaders BOOT_LOADER Ljdk/internal/loader/ClassLoaders$BootClassLoader; jdk/internal/loader/ClassLoaders$BootClassLoader
staticfield jdk/internal/loader/ClassLoaders PLATFORM_LOADER Ljdk/internal/loader/ClassLoaders$PlatformClassLoader; jdk/internal/loader/ClassLoaders$PlatformClassLoader
staticfield jdk/internal/loader/ClassLoaders APP_LOADER Ljdk/internal/loader/ClassLoaders$AppClassLoader; jdk/internal/loader/ClassLoaders$AppClassLoader
ciInstanceKlass jdk/internal/misc/Unsafe 1 1 1285 10 7 12 1 1 1 9 7 12 1 1 1 9 12 1 1 10 12 1 1 10 7 12 1 1 1 10 12 1 1 10 12 1 1 10 12 1 1 10 12 1 1 10 12 1 1 10 12 1 1 10 12 1 1 10 12 1 1 10 12 1 1 10 12 1 1 10 12 1 1 10 12 1 1 10 12 1 1 10 12 1 10 12 1 100 1 10 10 12 1 1 10 12 1 1 5 0 10 12 1 1 10 12 1 1 10 7 12 1 1 1 10 12 1 1 10 12 1 10 12 1 10 12 1 1 10 12 1 1 10 12 1 10 12 1 100 1 100 1 10 8 1 10 12 1 1 10 12 1 8 1 10 12 1 1 10 12 1 10 12 1 10 12 1 1 10 12 1 10 12 1 1 10 12 1 1 10 12 1 10 12 1 10 12 1 10 12 1 1 10 12 1 10 12 1 10 12 1 1 10 12 1 5 0 5 0 5 0 10 12 1 10 12 1 10 12 1 10 12 1 10 12 1 10 12 1 10 12 1 10 12 1 10 12 1 1 10 12 1 10 12 1 100 1 8 1 10 100 1 10 10 12 1 1 10 12 1 1 10 12 1 10 12 1 1 10 12 1 1 10 12 1 10 12 1 1 10 12 1 9 7 12 1 1 9 12 1 100 1 10 10 12 1 1 8 1 10 8 1 8 1 10 12 1 1 9 7 12 1 1 1 9 100 1 9 7 1 9 7 1 9 9 100 1 9 100 1 9 100 1 10 12 1 1 10 12 1 1 10 12 1 1 10 12 1 1 5 0 5 0 9 12 1 1 10 12 1 10 12 1 10 12 1 1 10 12 1 1 10 12 1 8 1 3 10 12 1 1 10 12 1 1 10 12 1 10 12 1 1 10 12 1 1 10 12 1 10 12 1 10 12 1 10 12 1 10 12 1 10 12 1 1 10 12 1 1 10 12 1 10 12 1 10 12 1 10 12 1 10 12 1 10 12 1 1 10 12 1 1 10 12 1 10 12 1 10 12 1 10 12 1 10 12 1 10 12 1 1 10 12 1 1 10 12 1 1 10 12 1 1 10 12 1 10 12 1 10 12 1 10 12 1 10 12 1 10 12 1 10 12 1 1 10 12 1 1 10 12 1 10 12 1 10 12 1 10 12 1 10 12 1 10 12 1 10 12 1 1 10 12 1 1 10 12 1 10 12 1 10 12 1 10 12 1 10 12 1 10 12 1 10 12 1 10 12 1 1 10 12 1 10 12 1 10 12 1 10 12 1 10 12 1 1 10 12 1 10 12 1 10 12 1 10 12 1 10 12 1 10 12 1 10 12 1 10 12 1 1 10 12 1 10 12 1 10 12 1 10 12 1 10 12 1 10 12 1 1 10 12 1 10 12 1 10 12 1 1 10 12 1 10 12 1 10 12 1 10 12 1 10 12 1 10 12 1 10 12 1 10 12 1 10 12 1 10 12 1 10 12 1 10 12 1 10 12 1 10 12 1 10 12 1 10 12 1 10 12 1 10 12 1 10 12 1 10 12 1 10 12 1 10 12 1 100 1 10 100 1 10 9 12 1 5 0 10 12 1 1 5 0 10 12 1 5 0 10 12 1 10 12 1 10 12 1 1 10 12 1 1 10 12 1 10 12 1 10 12 1 10 12 1 1 10 12 1 10 12 1 10 12 1 10 12 1 10 12 1 1 10 12 1 10 12 1 10 12 1 10 12 1 1 10 12 1 10 12 1 10 12 1 1 10 12 1 10 12 1 10 12 1 10 12 1 1 10 12 1 10 10 12 1 1 10 12 1 10 12 1 1 10 12 1 10 12 5 0 5 0 5 0 10 12 1 1 10 12 1 10 12 1 10 12 10 100 12 1 1 8 1 100 1 11 12 1 1 8 1 11 12 1 1 10 100 12 1 1 10 12 1 10 12 1 10 12 1 10 12 1 10 12 1 1 10 12 1 10 12 1 10 12 1 10 12 1 10 12 1 10 12 1 10 7 1 10 12 1 9 12 1 7 1 9 12 1 7 1 9 12 1 7 1 9 12 1 7 1 9 12 1 7 1 9 12 1 7 1 9 12 1 7 1 9 12 1 7 1 9 12 1 10 12 1 9 12 1 9 12 1 9 12 1 9 12 1 9 12 1 9 12 1 9 12 1 9 12 1 9 12 1 9 12 1 1 1 3 1 1 1 1 1 1 1 1 1 1 1 1 1 1 1 1 1 1 1 1 1 1 1 1 1 1 1 1 1 1 1 1 1 1 1 1 1 1 1 1 1 1 1 1 1 1 1 1 1 1 1 1 1 1 1 1 1 1 1 1 1 1 1 1 1 1 1 1 1 1 1 1 1 1 1 1 1 1 1 1 1 1 1 1 1 1 1 1 1 7 1 1 1 1 1 1 1 1 1 1 1 1 1 1 1 1 1 1 1 1 1 1 1 1 1 1 1 1 1 1 1 1 1 1 1 1 1 1 1 1 1 1 1 1 1 1 1 1 1 1 1 1 1 1 1 1 1 1 1 1 1 1 1 1 1 1 1 1 1 1 1 1 1 1 1 1 1 1 1 1 1 1 1 1 1 1 1 1 1 1 1 1 1 1 1 1 1 1 1 1 1 1 1 1 1 1 1 1 1 1 1 1 1 1 1 1 1 1 1 1 1 1 1 1 1 1 1 1 1 1 1 1 1 1 1 1 1 1 1 1 1 1 1 1 1 1 1 1 1 1 1 1 1 1 1 1 1 1 1 1 1 1 1 1 1 1 1 1 1 1 1 1 1 1 1 1 1 1 1 1 1 1 1 1 1 1 1 1 1 1 1 1 1 1 1 1 1 1 1 1 1 1 1 1 1 1 1 3 1 1 1 1 1 1 1 1 1 1 1 1 1 1 1 1 1 1 1 1 1
staticfield jdk/internal/misc/Unsafe theUnsafe Ljdk/internal/misc/Unsafe; jdk/internal/misc/Unsafe
staticfield jdk/internal/misc/Unsafe ARRAY_BOOLEAN_BASE_OFFSET I 16
staticfield jdk/internal/misc/Unsafe ARRAY_BYTE_BASE_OFFSET I 16
staticfield jdk/internal/misc/Unsafe ARRAY_SHORT_BASE_OFFSET I 16
staticfield jdk/internal/misc/Unsafe ARRAY_CHAR_BASE_OFFSET I 16
staticfield jdk/internal/misc/Unsafe ARRAY_INT_BASE_OFFSET I 16
staticfield jdk/internal/misc/Unsafe ARRAY_LONG_BASE_OFFSET I 16
staticfield jdk/internal/misc/Unsafe ARRAY_FLOAT_BASE_OFFSET I 16
staticfield jdk/internal/misc/Unsafe ARRAY_DOUBLE_BASE_OFFSET I 16
staticfield jdk/internal/misc/Unsafe ARRAY_OBJECT_BASE_OFFSET I 16
staticfield jdk/internal/misc/Unsafe ARRAY_BOOLEAN_INDEX_SCALE I 1
staticfield jdk/internal/misc/Unsafe ARRAY_BYTE_INDEX_SCALE I 1
staticfield jdk/internal/misc/Unsafe ARRAY_SHORT_INDEX_SCALE I 2
staticfield jdk/internal/misc/Unsafe ARRAY_CHAR_INDEX_SCALE I 2
staticfield jdk/internal/misc/Unsafe ARRAY_INT_INDEX_SCALE I 4
staticfield jdk/internal/misc/Unsafe ARRAY_LONG_INDEX_SCALE I 8
staticfield jdk/internal/misc/Unsafe ARRAY_FLOAT_INDEX_SCALE I 4
staticfield jdk/internal/misc/Unsafe ARRAY_DOUBLE_INDEX_SCALE I 8
staticfield jdk/internal/misc/Unsafe ARRAY_OBJECT_INDEX_SCALE I 4
staticfield jdk/internal/misc/Unsafe ADDRESS_SIZE I 8
ciInstanceKlass java/util/Map 1 1 259 11 7 12 1 1 1 11 12 1 1 10 7 12 1 1 11 12 1 1 11 7 12 1 1 1 11 100 12 1 1 1 11 12 1 1 7 1 11 12 1 11 12 1 100 1 100 1 10 12 1 1 11 100 12 1 1 1 11 100 12 1 1 1 11 12 1 11 12 1 10 12 1 1 11 12 1 11 7 12 1 9 7 12 1 1 1 100 1 10 12 7 1 7 1 10 12 1 7 1 10 7 1 11 12 1 1 7 1 11 12 1 1 1 1 1 1 1 1 1 1 1 1 1 1 1 1 1 1 1 1 1 1 1 1 1 1 1 1 1 1 1 1 1 1 1 1 1 1 1 1 1 1 1 1 1 1 1 1 1 1 1 1 1 1 1 1 1 1 1 1 1 1 1 1 1 1 1 1 1 1 1 1 1 1 1 1 1 1 1 1 1 1 1 1 1 1 1 1 1 1 1 1 1 1 1 1 1 1 1 1 1 1 1 1 1 1 1 1 1 1 1 1 1 1 1 1 1 1 1 1 1 1 1 1 1 1 1 1 1 100 1 1 1 1 1 1 1 1 1 1 1 1 1 1 1 1 1 1
ciInstanceKlass java/lang/ThreadGroup 1 1 293 10 7 12 1 1 1 9 7 12 1 1 1 8 1 9 12 1 1 7 1 9 12 1 9 12 1 1 10 12 1 1 10 12 1 1 10 12 1 10 12 1 1 10 12 1 9 12 1 1 10 12 1 1 10 12 1 9 12 1 10 100 12 1 1 1 9 12 1 9 12 1 1 10 7 12 1 1 1 100 10 12 1 1 10 7 12 1 1 1 10 100 12 1 9 12 1 10 12 1 1 10 12 1 1 9 12 1 1 10 12 1 1 10 12 1 10 12 1 10 12 1 1 10 12 1 1 10 12 1 10 12 1 10 10 12 1 10 12 1 10 100 1 10 10 12 1 10 12 1 10 12 1 7 10 12 1 9 12 1 1 10 12 1 1 8 1 10 100 12 1 1 1 10 12 1 1 10 12 1 1 10 12 1 1 11 100 1 100 1 9 12 1 100 1 10 8 1 10 12 1 1 10 12 1 1 8 1 10 12 1 10 100 12 1 1 1 10 12 1 1 10 100 1 8 1 10 8 1 10 12 1 8 1 1 1 1 1 1 1 1 1 1 1 1 1 1 1 1 1 3 1 1 1 1 1 1 1 1 1 1 1 1 1 1 1 1 1 1 1 1 1 1 1 1 1 1 1 1 1 1 1 1 1 1 1 1 1 1 1 1 1 1
instanceKlass java/security/Provider
ciInstanceKlass java/util/Properties 1 1 651 10 7 12 1 1 1 100 1 10 7 12 1 1 7 1 10 12 1 9 12 1 1 9 12 1 1 9 12 1 1 10 7 12 1 1 1 10 12 1 1 8 1 10 7 12 1 1 1 7 1 10 12 1 10 12 1 1 8 1 10 12 1 7 1 10 12 10 12 1 1 9 12 1 1 10 12 1 1 7 1 10 12 1 10 12 1 10 12 1 1 100 1 8 1 10 12 1 10 12 1 10 12 1 1 10 12 1 100 1 3 10 10 100 12 1 1 1 10 12 1 10 12 1 1 8 1 10 12 1 10 12 1 1 8 1 10 100 12 1 1 10 12 1 1 10 12 1 10 12 1 1 100 1 10 12 1 10 12 1 1 100 1 9 100 12 1 1 1 10 12 1 10 12 1 1 100 1 10 10 10 12 1 1 11 7 12 1 1 1 11 7 12 1 1 1 11 12 1 1 7 1 11 12 1 11 12 1 10 12 1 1 8 1 10 12 1 10 12 1 100 1 10 10 12 1 1 10 100 12 1 1 9 100 12 1 1 10 12 1 1 10 100 12 1 1 1 100 1 100 1 100 1 10 8 1 8 1 10 12 1 10 12 1 10 12 1 1 10 10 12 1 1 10 12 1 1 7 1 10 10 12 1 11 7 12 1 1 10 7 12 1 1 1 8 1 10 100 12 1 1 11 8 1 10 100 1 11 10 12 1 10 12 1 10 12 1 10 12 1 1 10 12 1 1 10 12 1 1 10 12 1 10 12 1 10 10 12 1 10 12 1 10 12 1 10 10 12 1 1 10 12 1 1 7 1 10 10 12 1 10 12 1 10 12 1 10 12 1 10 12 1 1 10 12 1 1 10 12 1 10 12 1 10 12 1 1 10 12 10 12 1 1 10 12 1 1 10 12 1 10 12 1 1 10 12 1 1 10 12 100 1 10 11 100 12 1 1 4 11 10 12 1 1 10 100 12 1 1 11 12 1 10 12 1 1 10 100 12 1 1 10 12 1 100 1 8 1 10 12 1 10 10 100 12 1 1 1 100 1 6 0 10 12 1 1 11 100 12 1 1 1 10 12 1 10 12 1 1 1 1 1 5 0 1 1 1 1 1 1 1 1 1 1 1 1 1 1 1 1 1 1 1 1 1 1 1 1 1 1 1 1 1 1 1 1 1 1 1 1 1 1 1 1 100 1 1 1 1 1 1 1 1 1 1 1 1 1 1 1 1 1 1 1 1 100 1 1 1 1 1 1 1 100 1 100 1 1 1 1 100 1 1 1 1 1 1 1 1 1 1 1 1 1 1 1 1 1 1 1 1 1 1 1 1 1 1 1 1 1 1 1 1 1 1 1 1 1 1 1 1 1 1 1 1 1 1 1 1 1 1 1 1 1 1 1 1 1 1 1 1 1 1 1 1 1 1 1 1 1 1 1 1 1 1 1 1 100 1 1 1 1 1 1 1 1 1 100 1 1 1
staticfield java/util/Properties UNSAFE Ljdk/internal/misc/Unsafe; jdk/internal/misc/Unsafe
instanceKlass java/util/Hashtable
ciInstanceKlass java/util/Dictionary 1 1 36 10 7 12 1 1 1 100 1 1 1 1 1 1 1 1 1 1 1 1 1 1 1 1 1 1 1 1 1 1 1 1 1 1 1 1
instanceKlass java/util/Properties
ciInstanceKlass java/util/Hashtable 1 1 512 100 1 10 7 12 1 1 1 9 7 12 1 1 1 100 1 100 1 10 8 1 10 12 1 1 10 12 1 10 12 1 1 10 12 1 10 7 12 1 1 1 8 1 10 12 1 9 12 1 1 7 1 9 12 1 1 4 10 7 12 1 1 1 9 12 1 4 10 12 1 11 100 12 1 1 1 10 12 1 1 10 12 1 1 9 12 1 10 12 1 1 100 1 10 9 12 1 1 10 7 12 1 1 1 9 12 1 1 10 12 1 10 12 1 3 9 12 1 9 12 1 3 10 12 1 10 12 1 10 12 1 1 11 12 1 1 11 100 12 1 1 1 11 100 12 1 1 1 11 12 1 100 1 11 12 1 11 12 1 10 12 1 1 10 12 1 1 10 12 1 9 12 1 1 9 12 9 12 1 1 10 100 1 100 1 10 12 1 10 8 1 10 10 12 1 8 1 10 8 1 10 7 12 1 1 1 7 1 10 12 1 10 12 1 7 1 10 12 1 10 12 1 1 100 1 10 100 1 10 10 12 1 1 11 12 1 1 11 12 1 100 1 10 10 10 100 12 1 1 11 100 12 1 1 1 100 1 10 11 100 12 1 1 11 100 12 1 10 12 1 10 12 1 1 10 100 12 1 1 10 12 1 1 10 12 1 1 10 12 1 1 10 100 12 1 1 1 8 10 100 12 1 1 100 1 8 1 10 4 10 12 4 10 12 1 8 1 10 12 10 100 12 1 1 1 100 1 11 100 12 1 1 1 10 100 12 1 1 1 10 12 1 10 12 1 1 10 100 1 100 1 1 1 1 1 1 5 0 1 1 1 1 1 3 1 3 1 3 1 1 1 1 1 1 1 1 1 1 1 1 1 1 1 1 1 1 1 1 1 1 1 1 1 100 1 1 1 1 1 1 1 1 1 1 1 1 1 1 1 1 1 1 1 1 1 1 1 1 1 1 1 1 1 100 1 1 1 1 1 1 1 1 1 1 1 1 1 1 1 1 1 1 1 1 1 1 1 1 1 1 1 1 1 1 1 1 1 1 1 1 1 1 1 1 1 1 1 1 1 1 1 1 1 1 1 1 1 1 1 1 1 1 100 1 1 1 100 1 1 1 1 1 100 1 1 1 1 1 1 1 1 1 1 1 1 1 1 1 1 1 1
ciInstanceKlass java/util/Set 1 1 140 100 1 10 7 12 1 1 1 9 7 12 1 1 1 7 1 10 12 1 1 10 12 1 7 1 7 1 10 12 1 7 1 7 1 7 1 10 12 1 10 12 1 1 11 12 1 1 100 1 1 1 1 1 1 1 1 1 1 1 1 1 1 1 1 1 1 1 1 1 1 1 1 1 1 1 1 1 1 1 1 1 1 1 1 1 1 1 1 1 1 1 1 1 1 1 1 1 1 1 1 1 1 1 1 1 1 1 1 1 1 1 1 1 1 1 1 1 1 1 1 1 1 1 1 1 1 1 1 1 1 1 1 1 1 1 1 1 1 1
instanceKlass org/gradle/internal/io/StreamByteBuffer$StreamByteBufferInputStream
instanceKlass com/android/internal/util/SizedInputStream
instanceKlass org/robolectric/shadows/ShadowContentResolver$UnregisteredInputStream
instanceKlass android/content/res/AssetManager$AssetInputStream
instanceKlass kotlin/reflect/jvm/internal/impl/protobuf/RopeByteString$RopeInputStream
instanceKlass sun/tools/attach/VirtualMachineImpl$PipedInputStream
instanceKlass org/conscrypt/ConscryptEngineSocket$SSLInputStream
instanceKlass sun/nio/ch/NioSocketImpl$1
instanceKlass java/net/Socket$SocketInputStream
instanceKlass com/almworks/sqlite4java/SQLiteStatement$ColumnStream
instanceKlass com/android/internal/util/SizedInputStream
instanceKlass org/robolectric/shadows/ShadowContentResolver$UnregisteredInputStream
instanceKlass android/content/res/AssetManager$AssetInputStream
instanceKlass java/util/jar/JarVerifier$VerifierStream
instanceKlass com/sun/org/apache/xerces/internal/impl/XMLEntityManager$RewindableInputStream
instanceKlass com/esotericsoftware/kryo/io/Input
instanceKlass org/gradle/internal/serialize/kryo/KryoBackedDecoder$1
instanceKlass org/gradle/internal/remote/internal/inet/SocketConnection$SocketInputStream
instanceKlass java/io/ObjectInputStream$PeekInputStream
instanceKlass java/io/ObjectInputStream$BlockDataInputStream
instanceKlass org/gradle/internal/serialize/AbstractDecoder$DecoderStream
instanceKlass java/io/ObjectInputStream
instanceKlass worker/org/gradle/internal/stream/EncodedStream$EncodedInput
instanceKlass java/util/zip/ZipFile$ZipFileInputStream
instanceKlass java/io/FilterInputStream
instanceKlass java/io/FileInputStream
instanceKlass java/io/ByteArrayInputStream
ciInstanceKlass java/io/InputStream 1 1 184 100 1 10 7 12 1 1 1 100 1 10 10 7 12 1 1 1 10 7 12 1 1 1 10 12 1 100 1 3 10 12 1 1 100 1 8 1 10 12 1 10 7 12 1 1 1 3 100 1 8 1 10 10 7 12 1 1 1 7 1 10 11 7 12 1 1 1 10 12 1 1 11 12 1 1 11 7 12 1 1 1 11 12 1 1 7 1 10 7 12 1 1 1 5 0 10 12 1 10 12 1 1 100 1 10 8 1 10 8 1 8 1 10 12 1 1 10 100 12 1 1 1 100 1 1 1 1 3 1 3 1 1 1 1 1 1 1 1 1 1 1 1 1 1 1 1 1 1 1 1 1 1 1 1 1 1 1 1 1 1 1 1 1 1 1 1 1 1 1 1 1 1 1 1 1 1 1 1 1 1 1 1 1
ciInstanceKlass java/io/ByteArrayInputStream 1 1 96 10 7 12 1 1 1 9 7 12 1 1 1 9 12 1 1 9 12 1 9 12 1 10 100 12 1 1 1 10 7 12 1 1 1 10 7 12 1 1 1 10 7 12 1 1 1 10 12 1 1 10 100 12 1 1 1 1 1 1 1 1 1 1 1 1 1 1 1 1 1 1 1 1 1 1 1 1 1 1 1 100 1 1 1 1 1 1 1 1 1 1 1 1 1 1
instanceKlass okio/AsyncTimeout$Watchdog
instanceKlass okio/AsyncTimeout$Watchdog
instanceKlass kotlinx/coroutines/scheduling/CoroutineScheduler$Worker
instanceKlass android/app/SharedPreferencesImpl$1
instanceKlass android/os/HandlerThread
instanceKlass android/os/Binder$1
instanceKlass android/app/Instrumentation$InstrumentationThread
instanceKlass org/robolectric/shadows/ShadowPausedLooper$1
instanceKlass org/robolectric/shadows/ShadowLog$1
instanceKlass kotlinx/coroutines/scheduling/CoroutineScheduler$Worker
instanceKlass okio/AsyncTimeout$Watchdog
instanceKlass android/os/HandlerThread
instanceKlass kotlinx/coroutines/scheduling/CoroutineScheduler$Worker
instanceKlass android/app/SharedPreferencesImpl$1
instanceKlass android/os/Binder$1
instanceKlass android/app/Instrumentation$InstrumentationThread
instanceKlass org/robolectric/shadows/ShadowPausedLooper$1
instanceKlass org/robolectric/shadows/ShadowLog$1
instanceKlass java/util/concurrent/ForkJoinWorkerThread
instanceKlass java/util/logging/LogManager$Cleaner
instanceKlass jdk/internal/misc/InnocuousThread
instanceKlass java/lang/ref/Finalizer$FinalizerThread
instanceKlass java/lang/ref/Reference$ReferenceHandler
ciInstanceKlass java/lang/Thread 1 1 610 9 7 12 1 1 1 9 12 1 1 10 12 1 1 9 12 1 1 9 12 1 1 100 1 8 1 10 12 1 1 3 8 1 100 1 5 0 10 12 1 1 10 7 12 1 1 9 12 1 1 9 12 1 9 12 1 1 9 12 1 100 1 8 1 10 9 12 1 1 10 7 12 1 1 1 10 100 12 1 1 1 10 10 7 12 1 1 10 12 1 1 10 12 1 1 9 100 12 1 1 1 10 12 1 1 10 12 1 9 12 1 1 10 12 1 1 10 12 1 1 9 12 1 10 12 1 1 9 12 1 1 10 7 12 1 1 1 9 12 1 1 9 12 1 1 10 12 1 1 10 7 12 1 1 1 9 12 1 10 12 1 1 9 12 1 100 1 10 7 1 10 8 1 10 12 1 1 10 12 1 10 12 1 10 12 1 1 10 12 1 10 12 1 9 12 1 100 1 10 10 12 1 1 10 12 1 10 12 1 100 1 11 7 12 1 1 9 7 12 1 1 1 10 12 1 10 12 1 10 12 9 12 1 1 10 9 12 1 10 12 1 100 1 10 10 12 1 1 9 12 1 10 12 1 11 100 12 1 1 10 12 1 10 12 1 10 12 1 10 10 12 1 10 12 1 10 12 1 10 12 1 10 12 1 1 100 1 10 10 12 1 10 12 1 10 12 1 9 100 12 1 1 1 10 12 1 1 10 12 1 100 1 8 1 10 10 12 1 10 12 8 1 10 12 1 8 1 10 8 1 8 1 10 100 12 1 1 10 100 12 1 1 1 100 1 8 1 10 9 12 1 9 12 1 1 10 12 1 1 10 10 12 1 1 9 12 1 10 12 1 1 100 1 10 12 11 100 12 1 1 1 9 100 12 1 1 1 9 12 1 1 10 12 1 1 100 1 10 12 1 11 100 12 1 1 1 100 1 10 12 1 10 12 1 1 11 12 1 10 12 1 100 1 10 12 1 10 12 1 1 10 7 12 1 1 1 8 1 9 12 1 10 12 1 1 11 100 12 1 1 1 10 100 12 1 1 1 11 12 1 10 12 1 7 1 1 1 1 1 3 1 3 1 3 1 1 1 1 1 1 1 1 1 1 1 1 1 1 1 1 1 1 1 100 1 1 1 1 1 1 1 1 1 1 1 1 100 1 100 1 1 1 1 1 1 1 1 1 1 1 1 1 1 1 1 1 1 1 1 1 1 1 1 1 1 1 1 1 1 1 1 1 1 1 1 1 1 1 1 1 1 1 100 100 1 1 1 1 1 1 1 1 1 100 1 1 1 1 1 1 1 1 1 1 1 1 1 1 1 1 1 1 1 1 1 1 1 1 1 1 1 1 100 1 1 1 1 1 1 100 1 1 100 1 1 1 1 1 1
staticfield java/lang/Thread EMPTY_STACK_TRACE [Ljava/lang/StackTraceElement; 0 [Ljava/lang/StackTraceElement;
ciMethod java/lang/System arraycopy (Ljava/lang/Object;ILjava/lang/Object;II)V 768 0 384 0 -1
ciInstanceKlass java/lang/StringLatin1 1 1 380 7 1 10 100 12 1 1 1 100 1 10 12 1 10 7 12 1 1 1 10 7 12 1 1 1 10 12 1 10 7 12 1 1 1 10 12 1 1 10 7 12 1 1 1 10 12 1 1 10 12 1 1 10 10 12 1 10 12 1 1 10 9 7 12 1 1 1 10 12 1 1 10 7 12 1 1 1 10 12 10 12 1 1 10 12 1 1 10 12 1 1 10 7 12 1 1 1 10 12 1 10 12 1 1 9 12 1 1 100 1 10 10 100 12 1 1 1 10 7 12 1 1 1 10 12 1 10 12 1 100 1 100 1 8 1 10 12 1 8 1 10 12 100 1 10 10 10 7 12 1 1 1 8 1 8 1 8 1 10 12 1 1 10 100 12 1 1 10 12 1 10 12 1 1 10 12 1 1 10 12 1 1 10 12 1 10 12 10 12 10 12 1 10 12 10 10 12 1 10 12 1 10 12 1 10 100 12 1 1 1 10 100 12 1 1 1 10 12 1 1 10 12 1 1 10 10 7 12 1 1 1 1 1 1 1 1 1 1 1 1 1 1 1 1 1 1 1 1 1 1 1 1 1 1 1 1 1 1 1 1 1 1 1 1 1 1 1 1 1 1 1 1 1 1 1 1 1 1 1 1 100 1 1 1 1 1 1 1 1 1 1 1 1 1 1 1 1 1 1 1 1 1 1 1 1 1 1 1 1 1 1 1 1 1 1 1 1 1 1 1 1 1 1 1 1 100 1 1 1 1 1 1 1 1 1 1 1 1 1 1 1 1 1 1 1 1 1 100 1 1 1 1 1 1 1 1 1 1 1 1 1 1 1 1 1 1 1 1 1 1 1 1 1 1 100 1 1 1 1
staticfield java/lang/StringLatin1 $assertionsDisabled Z 1
ciInstanceKlass java/lang/Math 1 1 395 10 100 12 1 1 1 10 7 12 1 1 1 10 12 1 10 12 1 10 12 1 10 12 1 10 12 1 7 1 6 0 6 0 10 12 1 10 12 1 10 12 1 10 12 1 10 12 1 10 12 1 1 10 12 1 10 12 1 10 12 1 10 12 1 10 12 1 10 7 12 1 1 1 100 1 3 3 3 10 7 12 1 1 1 100 1 5 0 5 0 5 0 5 0 5 0 9 100 12 1 1 1 10 100 12 1 1 1 100 1 8 1 10 12 1 8 1 10 12 1 1 10 12 1 1 100 1 5 0 5 0 100 1 3 5 0 3 5 0 10 12 1 10 12 1 8 1 10 12 1 8 1 9 12 1 1 9 12 1 10 12 1 1 6 0 10 12 1 9 12 1 1 100 1 10 10 12 1 100 1 10 12 1 10 12 1 1 10 12 1 10 12 1 10 12 1 10 12 1 1 10 12 1 1 10 12 1 1 10 12 6 0 10 12 1 1 10 12 1 1 10 12 10 12 1 4 10 12 1 1 10 12 1 10 12 1 10 12 10 12 1 10 12 1 10 12 1 10 12 1 10 12 1 10 12 1 10 12 1 5 0 6 0 4 6 0 4 6 0 4 10 12 1 1 9 12 1 1 10 12 1 9 12 1 10 7 12 1 1 1 4 6 0 1 1 6 0 1 6 0 1 1 1 1 1 1 1 1 1 1 1 1 1 1 1 1 1 1 1 1 1 1 1 1 1 1 1 1 1 1 1 1 1 1 1 1 1 1 1 1 1 1 1 1 1 1 1 1 1 1 1 1 1 1 1 1 1 1 1 1 1 1 1 1 1 1 1 1 1 1 1 1 1 1 1 1 1 1 1 1 1 1 1 1 1 1 1 1 1 1 1 1 1 1
staticfield java/lang/Math negativeZeroFloatBits J -2147483648
staticfield java/lang/Math negativeZeroDoubleBits J -9223372036854775808
staticfield java/lang/Math $assertionsDisabled Z 1
ciInstanceKlass java/util/Arrays 1 1 988 10 7 12 1 1 1 10 7 12 1 1 1 10 7 12 1 1 1 10 12 1 10 12 1 10 12 1 10 12 1 10 12 1 10 12 1 10 100 12 1 1 1 100 1 100 1 10 8 1 10 12 1 1 10 12 1 8 1 8 1 10 12 1 1 10 12 1 100 1 10 12 1 9 7 12 1 1 1 10 7 12 1 1 100 1 10 12 1 1 10 7 12 1 1 10 7 12 1 1 1 100 1 10 12 1 10 12 1 1 7 1 9 7 12 1 1 1 10 12 1 1 10 7 12 1 1 10 12 1 10 12 1 1 10 12 1 10 12 1 1 7 1 11 12 1 1 10 12 1 10 7 12 1 1 1 10 12 10 12 1 10 12 1 10 12 10 12 1 11 100 12 1 1 1 10 7 12 1 1 1 100 1 10 12 1 10 100 1 10 12 1 10 100 1 10 12 1 10 100 1 10 12 1 10 10 12 1 1 10 12 1 10 12 1 10 12 1 10 12 1 10 12 1 10 100 12 1 1 1 10 12 1 10 100 12 1 1 1 10 12 1 10 12 1 10 7 12 1 1 1 10 12 1 10 12 1 10 12 1 10 12 1 10 12 1 10 12 1 10 12 1 10 12 1 10 12 1 10 12 1 10 12 1 10 12 1 10 12 1 10 12 1 10 12 1 10 12 1 1 10 12 1 1 10 7 12 1 1 1 10 12 1 8 1 7 1 10 12 10 12 1 10 12 1 1 10 12 1 1 9 100 12 1 1 1 100 1 10 12 1 9 100 1 100 1 10 12 1 9 100 1 100 1 10 12 1 9 100 1 100 1 10 12 1 9 100 1 100 1 10 12 1 9 100 1 100 1 10 12 1 9 100 1 10 12 1 100 1 10 12 1 10 12 1 9 12 1 100 1 10 10 12 1 1 10 12 1 10 12 1 10 12 1 10 12 1 10 12 1 10 12 1 10 12 1 10 12 1 10 12 1 8 1 8 1 10 12 1 10 12 1 8 1 10 12 1 10 12 1 10 12 1 10 100 12 1 1 1 3 10 100 1 10 10 12 1 1 11 100 12 1 1 10 12 1 1 10 12 1 10 12 1 10 12 1 10 12 1 10 12 1 10 12 1 10 12 1 10 12 1 11 12 1 8 1 10 11 12 1 11 100 12 1 1 1 11 100 12 1 1 1 11 12 1 1 18 12 1 1 11 12 1 1 11 100 12 1 1 1 18 12 1 11 100 12 1 1 1 18 12 1 11 100 12 1 1 1 18 12 1 100 1 10 7 12 1 1 1 10 12 1 10 12 1 10 12 1 10 12 1 10 12 1 10 12 1 10 12 1 10 12 1 1 10 12 1 10 7 12 1 1 10 12 1 10 12 1 10 12 1 1 10 12 1 10 12 1 10 12 1 1 10 12 1 10 12 1 10 12 1 1 10 12 1 10 12 1 10 12 1 10 12 1 10 12 10 12 1 10 12 10 12 10 12 1 10 12 10 12 1 10 12 1 10 12 1 1 1 1 3 1 3 1 1 1 1 1 1 1 1 1 1 1 1 1 1 1 1 1 1 1 1 1 1 1 1 1 1 1 1 1 1 1 1 1 1 1 1 1 1 1 1 1 1 1 1 1 1 1 1 1 1 1 1 1 1 1 1 1 1 1 1 1 1 1 1 1 1 1 1 1 1 1 1 1 1 1 1 1 1 1 1 1 1 1 1 1 1 1 1 1 1 1 1 1 1 1 1 1 1 1 1 1 1 1 1 1 1 1 1 1 1 1 1 1 1 1 1 1 1 1 1 1 1 1 1 1 1 1 1 1 1 1 1 1 1 1 1 1 1 1 1 1 1 1 1 1 1 1 1 1 1 1 1 1 1 1 1 1 1 1 1 1 1 1 1 1 1 1 1 1 1 1 1 1 1 1 1 1 1 1 1 1 1 1 1 1 1 1 1 1 1 1 1 1 1 1 1 1 1 1 1 1 1 1 1 1 1 1 1 1 1 1 1 1 1 1 1 1 1 1 1 1 1 1 1 1 1 1 1 1 1 1 1 1 1 1 1 1 1 1 1 1 1 1 1 1 1 1 1 1 1 1 1 1 1 1 1 1 1 1 1 1 7 1 1 15 10 100 12 1 1 1 16 15 10 12 15 10 12 15 10 12 15 10 12 1 1 100 1 100 1 1 1 1 100 1 1 1 1 1 1 100 1 1 100 1 1 100 1 1 1 100 1 100 1 1
staticfield java/util/Arrays $assertionsDisabled Z 1
ciMethod java/lang/StringLatin1 equals ([B[B)Z 3346 80838 4130 0 -1
ciMethod java/lang/StringLatin1 hashCode ([B)I 436 8192 1230 0 352
ciMethod java/lang/StringLatin1 indexOf ([BII)I 2126 0 7852 0 480
ciMethod java/lang/StringLatin1 indexOfChar ([BIII)I 214 143750 1562 0 -1
ciMethod java/lang/StringLatin1 newString ([BII)Ljava/lang/String; 36244 0 24274 0 1120
ciMethod java/lang/StringLatin1 toLowerCase (Ljava/lang/String;[BLjava/util/Locale;)Ljava/lang/String; 17136 60910 9857 0 2016
ciMethod java/lang/StringLatin1 canEncode (I)Z 518 0 105411 0 96
ciMethod java/lang/StringLatin1 toLowerCaseEx (Ljava/lang/String;[BILjava/util/Locale;Z)Ljava/lang/String; 0 0 1 0 -1
ciInstanceKlass java/lang/StringUTF16 1 1 598 7 1 7 1 10 100 12 1 1 1 100 1 10 7 1 3 100 1 100 1 10 8 1 10 12 1 1 10 12 1 8 1 10 12 1 1 10 12 1 9 12 1 1 10 12 1 1 100 1 8 1 10 12 1 9 12 1 1 9 12 1 10 10 12 1 1 10 12 1 1 10 7 12 1 1 1 10 12 1 10 12 1 1 10 12 1 1 10 12 1 1 10 12 1 1 10 12 1 10 12 1 1 10 12 1 1 10 12 1 1 10 12 1 1 10 12 1 10 12 1 10 12 1 1 10 12 1 100 1 10 12 1 10 10 12 1 1 10 12 1 10 12 1 1 10 12 1 10 100 12 1 1 1 10 100 12 1 1 1 10 12 10 12 1 1 10 12 1 10 12 1 1 10 12 1 1 10 12 1 10 12 1 10 12 1 3 10 12 1 1 10 12 1 10 12 1 10 12 1 10 12 1 10 12 1 10 12 1 1 9 12 1 10 12 1 10 12 1 10 12 1 10 12 1 10 12 1 10 10 12 10 12 10 10 100 12 1 1 1 10 7 12 1 1 1 10 12 1 10 12 1 100 1 8 1 8 1 10 12 1 1 100 1 10 10 100 12 1 1 1 10 100 12 1 1 8 1 8 1 8 1 10 12 1 1 10 12 1 1 10 12 10 12 1 10 100 12 1 1 10 12 1 1 10 12 1 1 10 12 1 10 12 10 12 10 12 1 10 12 10 12 1 10 12 1 10 12 1 10 12 1 10 12 1 10 100 12 1 1 1 10 100 12 1 1 1 10 12 1 1 10 12 1 1 11 7 12 1 1 10 12 1 10 12 1 10 12 1 1 9 12 1 1 9 12 1 5 0 5 0 10 12 1 10 12 10 12 10 7 12 1 1 1 10 12 1 1 1 1 1 1 1 1 1 1 1 1 1 1 1 1 1 1 1 1 1 1 1 1 1 1 1 1 1 1 1 100 1 1 1 1 1 1 1 1 1 1 1 1 1 1 1 1 1 1 1 1 1 1 1 1 1 1 1 1 1 1 1 1 1 1 1 1 1 1 1 1 1 1 1 1 1 1 1 1 1 1 1 1 1 1 1 1 1 1 1 1 1 1 1 1 1 1 1 1 1 1 1 1 1 1 1 1 1 1 1 1 1 1 100 1 1 1 1 1 1 1 1 1 1 1 1 1 1 1 1 1 100 1 1 1 1 1 1 1 1 1 1 1 1 1 1 1 1 1 1 1 1 1 1 1 1 1 1 1 1 1 1 1 1 1 1 1 1 1 1 1 1 1 1 1 1 1 1 1 1 1 1 1 1 1 1 1 1 1 1 1 1 1 100 1 100 1 1 1 1 1
staticfield java/lang/StringUTF16 HI_BYTE_SHIFT I 0
staticfield java/lang/StringUTF16 LO_BYTE_SHIFT I 8
staticfield java/lang/StringUTF16 $assertionsDisabled Z 1
ciMethod java/lang/StringUTF16 hashCode ([B)I 0 0 41 0 0
ciMethod java/lang/StringUTF16 compress ([BII)[B 568 0 507 0 0
ciMethod java/lang/StringUTF16 compress ([BI[BII)I 270 7262 507 0 -1
ciMethod java/lang/StringUTF16 indexOf ([BII)I 0 0 406 0 0
ciMethod java/lang/StringUTF16 indexOfChar ([BIII)I 552 0 405 0 -1
ciMethod java/lang/StringUTF16 getChar ([BI)C 1024 0 27267 0 -1
ciMethod java/lang/StringUTF16 putChar ([BII)V 1024 0 14770 0 -1
ciMethod java/lang/StringUTF16 newString ([BII)Ljava/lang/String; 0 0 510 0 0
ciMethod java/lang/StringUTF16 toLowerCase (Ljava/lang/String;[BLjava/util/Locale;)Ljava/lang/String; 0 0 19 0 0
ciMethod java/lang/StringUTF16 toLowerCaseEx (Ljava/lang/String;[B[BILjava/util/Locale;Z)Ljava/lang/String; 0 0 1 0 -1
ciMethod java/lang/StringUTF16 indexOfSupplementary ([BIII)I 0 0 1 0 -1
instanceKlass android/os/strictmode/Violation
instanceKlass org/koin/android/error/MissingAndroidContextException
instanceKlass net/bytebuddy/asm/Advice$NoExceptionHandler
instanceKlass org/koin/android/error/MissingAndroidContextException
instanceKlass androidx/room/coroutines/ConnectionPool$RollbackException
instanceKlass android/os/strictmode/Violation
instanceKlass org/junit/Test$None
instanceKlass java/lang/Exception
instanceKlass java/lang/Error
ciInstanceKlass java/lang/Throwable 1 1 393 10 7 12 1 1 1 9 7 12 1 1 1 9 12 1 1 9 12 1 9 12 1 1 9 12 1 10 12 1 1 9 12 1 1 10 12 1 1 10 12 1 100 1 7 1 10 8 1 10 12 1 1 8 1 10 100 12 1 1 10 10 12 1 100 1 8 1 10 10 12 1 1 10 7 12 1 1 10 12 1 8 1 9 100 12 1 1 1 10 12 1 1 100 1 10 12 10 12 1 100 1 10 10 7 12 1 1 1 11 100 12 1 1 1 10 100 12 1 1 1 10 12 1 1 10 12 1 1 8 1 10 12 1 10 12 1 1 8 1 8 1 10 12 1 1 10 12 1 8 1 8 1 9 12 1 1 10 100 12 1 1 100 1 10 11 12 1 8 1 8 1 10 7 12 1 1 8 1 10 12 1 8 1 100 1 10 12 1 9 12 1 1 10 12 1 10 7 12 1 9 12 1 1 10 12 1 1 100 1 8 1 10 12 1 10 100 12 1 1 10 12 1 1 100 1 10 100 12 1 1 1 10 12 1 11 100 12 1 1 1 11 100 12 1 1 1 11 12 1 8 1 10 12 1 1 8 1 10 10 9 100 12 1 1 1 8 1 10 12 1 1 10 100 1 8 1 10 11 12 1 1 8 1 9 12 1 10 100 12 1 1 11 9 12 1 1 11 12 1 1 100 10 12 1 10 12 1 1 100 1 1 1 1 5 0 1 1 1 1 1 1 1 1 1 1 1 1 1 100 1 1 1 1 1 1 1 1 1 1 1 1 1 1 1 1 1 1 1 1 1 1 1 1 1 1 1 1 1 1 1 1 1 1 1 1 1 1 1 1 1 1 100 1 100 1 1 1 1 1 1 1 1 1 1 1 1 1 1 1 1 1 1
staticfield java/lang/Throwable UNASSIGNED_STACK [Ljava/lang/StackTraceElement; 0 [Ljava/lang/StackTraceElement;
staticfield java/lang/Throwable SUPPRESSED_SENTINEL Ljava/util/List; java/util/Collections$EmptyList
staticfield java/lang/Throwable EMPTY_THROWABLE_ARRAY [Ljava/lang/Throwable; 0 [Ljava/lang/Throwable;
staticfield java/lang/Throwable $assertionsDisabled Z 1
instanceKlass android/accounts/AccountsException
instanceKlass org/koin/core/error/NoParameterFoundException
instanceKlass org/koin/core/error/DefinitionParameterException
instanceKlass kotlinx/coroutines/DispatchException
instanceKlass org/koin/core/error/DefinitionOverrideException
instanceKlass org/koin/core/error/InstanceCreationException
instanceKlass org/koin/core/error/NoDefinitionFoundException
instanceKlass org/koin/core/error/ClosedScopeException
instanceKlass org/koin/core/error/MissingPropertyException
instanceKlass org/koin/core/error/ScopeAlreadyCreatedException
instanceKlass org/koin/core/error/ScopeNotCreatedException
instanceKlass org/koin/core/error/KoinApplicationAlreadyStartedException
instanceKlass com/android/internal/os/FuseUnavailableMountException
instanceKlass android/content/pm/PackageParser$PackageParserException
instanceKlass android/content/pm/split/SplitDependencyLoader$IllegalDependencyException
instanceKlass android/content/OperationApplicationException
instanceKlass android/os/ZygoteStartFailedEx
instanceKlass android/os/ServiceManager$ServiceNotFoundException
instanceKlass android/util/Log$TerribleFailure
instanceKlass android/system/ErrnoException
instanceKlass android/util/AndroidException
instanceKlass android/icu/impl/locale/LocaleSyntaxException
instanceKlass org/xmlpull/v1/XmlPullParserException
instanceKlass org/robolectric/android/internal/AndroidTestEnvironment$UnExecutedRunnablesException
instanceKlass org/koin/core/error/KoinApplicationAlreadyStartedException
instanceKlass java/text/ParseException
instanceKlass android/util/AndroidException
instanceKlass kotlin/reflect/jvm/internal/impl/types/TypeSubstitutor$SubstitutionException
instanceKlass kotlinx/coroutines/DispatchException
instanceKlass kotlinx/coroutines/internal/ExceptionSuccessfullyProcessed
instanceKlass java/util/zip/DataFormatException
instanceKlass kotlin/reflect/full/IllegalPropertyDelegateAccessException
instanceKlass kotlin/reflect/full/IllegalCallableAccessException
instanceKlass java/lang/instrument/UnmodifiableClassException
instanceKlass sun/jvmstat/perfdata/monitor/SyntaxException
instanceKlass sun/jvmstat/monitor/MonitorException
instanceKlass com/sun/tools/attach/AgentInitializationException
instanceKlass com/sun/tools/attach/AgentLoadException
instanceKlass com/sun/tools/attach/AttachNotSupportedException
instanceKlass javax/security/cert/CertificateException
instanceKlass org/conscrypt/ct/SerializationException
instanceKlass org/conscrypt/OpenSSLX509CertificateFactory$ParsingException
instanceKlass org/koin/core/error/NoParameterFoundException
instanceKlass org/koin/core/error/DefinitionParameterException
instanceKlass android/telephony/ims/ImsException
instanceKlass android/provider/DeviceConfig$BadConfigException
instanceKlass android/accounts/AccountsException
instanceKlass org/junit/runners/model/MultipleFailureException
instanceKlass com/almworks/sqlite4java/SQLiteException
instanceKlass kotlinx/coroutines/internal/ExceptionSuccessfullyProcessed
instanceKlass kotlinx/coroutines/DispatchException
instanceKlass org/koin/core/error/DefinitionOverrideException
instanceKlass org/koin/core/error/InstanceCreationException
instanceKlass org/koin/core/error/NoDefinitionFoundException
instanceKlass org/koin/core/error/ClosedScopeException
instanceKlass org/koin/core/error/MissingPropertyException
instanceKlass org/koin/core/error/ScopeAlreadyCreatedException
instanceKlass org/koin/core/error/ScopeNotCreatedException
instanceKlass org/koin/core/error/KoinApplicationAlreadyStartedException
instanceKlass com/android/internal/os/FuseUnavailableMountException
instanceKlass android/content/pm/PackageParser$PackageParserException
instanceKlass android/content/pm/PackageParser$SplitDependencyLoader$IllegalDependencyException
instanceKlass android/content/OperationApplicationException
instanceKlass android/util/Log$TerribleFailure
instanceKlass android/os/ServiceManager$ServiceNotFoundException
instanceKlass android/os/ZygoteStartFailedEx
instanceKlass android/system/ErrnoException
instanceKlass android/app/StackTrace
instanceKlass java/util/concurrent/TimeoutException
instanceKlass android/util/AndroidException
instanceKlass android/icu/impl/locale/LocaleSyntaxException
instanceKlass org/xmlpull/v1/XmlPullParserException
instanceKlass sun/nio/fs/WindowsException
instanceKlass org/robolectric/android/internal/AndroidTestEnvironment$UnExecutedRunnablesException
instanceKlass org/robolectric/manifest/RoboNotFoundException
instanceKlass java/util/concurrent/ExecutionException
instanceKlass org/xml/sax/SAXException
instanceKlass javax/xml/parsers/ParserConfigurationException
instanceKlass java/net/URISyntaxException
instanceKlass org/junit/runners/model/InitializationError
instanceKlass org/junit/runner/manipulation/NoTestsRemainException
instanceKlass sun/security/pkcs11/wrapper/PKCS11Exception
instanceKlass java/security/PrivilegedActionException
instanceKlass java/security/GeneralSecurityException
instanceKlass java/lang/CloneNotSupportedException
instanceKlass java/lang/InterruptedException
instanceKlass java/io/IOException
instanceKlass java/lang/ReflectiveOperationException
instanceKlass java/lang/RuntimeException
ciInstanceKlass java/lang/Exception 1 1 40 10 7 12 1 1 1 10 12 1 10 12 1 10 12 1 10 12 1 100 1 1 1 1 5 0 1 1 1 1 1 1 1 1 1 1 1 1 1 1
instanceKlass java/lang/InstantiationException
instanceKlass java/lang/reflect/InvocationTargetException
instanceKlass java/lang/IllegalAccessException
instanceKlass java/lang/NoSuchFieldException
instanceKlass java/lang/NoSuchMethodException
instanceKlass java/lang/ClassNotFoundException
ciInstanceKlass java/lang/ReflectiveOperationException 1 1 34 10 7 12 1 1 1 10 12 1 10 12 1 10 12 1 100 1 1 1 1 5 0 1 1 1 1 1 1 1 1 1 1 1
instanceKlass android/view/WindowManager$InvalidDisplayException
instanceKlass android/view/WindowManager$BadTokenException
instanceKlass android/os/ServiceSpecificException
instanceKlass android/os/NetworkOnMainThreadException
instanceKlass org/robolectric/shadows/ShadowParcelFileDescriptor$FileDescriptorFromParcelUnavailableException
instanceKlass android/database/CursorWindowAllocationException
instanceKlass android/database/StaleDataException
instanceKlass com/google/gson/JsonParseException
instanceKlass android/os/OperationCanceledException
instanceKlass androidx/sqlite/db/framework/FrameworkSQLiteOpenHelper$OpenHelper$CallbackException
instanceKlass android/database/SQLException
instanceKlass android/os/FileUriExposedException
instanceKlass io/mockk/impl/eval/RecordedBlockEvaluator$NothingThrownNullPointerException
instanceKlass top/mcxiafeng/badger/utils/HttpException
instanceKlass io/mockk/MockKException
instanceKlass android/os/ParcelableException
instanceKlass android/view/Surface$OutOfResourcesException
instanceKlass android/content/res/Resources$NotFoundException
instanceKlass android/content/ActivityNotFoundException
instanceKlass org/robolectric/shadows/ShadowPausedLooper$ControlException
instanceKlass android/icu/util/ICUException
instanceKlass android/util/AndroidRuntimeException
instanceKlass top/mcxiafeng/badger/utils/HttpException
instanceKlass android/content/res/Resources$NotFoundException
instanceKlass kotlinx/coroutines/internal/UndeliveredElementException
instanceKlass org/objenesis/ObjenesisException
instanceKlass kotlin/reflect/jvm/internal/impl/protobuf/UninitializedMessageException
instanceKlass com/google/gson/JsonParseException
instanceKlass kotlin/reflect/jvm/internal/impl/utils/WrappedValues$WrappedProcessCanceledException
instanceKlass io/mockk/impl/eval/RecordedBlockEvaluator$NothingThrownNullPointerException
instanceKlass io/mockk/proxy/MockKAgentException
instanceKlass io/mockk/MockKException
instanceKlass top/mcxiafeng/badger/utils/HttpException
instanceKlass android/view/WindowManager$InvalidDisplayException
instanceKlass android/view/WindowManager$BadTokenException
instanceKlass android/os/ServiceSpecificException
instanceKlass android/os/NetworkOnMainThreadException
instanceKlass org/robolectric/shadows/ShadowParcelFileDescriptor$FileDescriptorFromParcelUnavailableException
instanceKlass org/objectweb/asm/tree/UnsupportedClassVersionException
instanceKlass org/junit/TestCouldNotBeSkippedException
instanceKlass android/database/StaleDataException
instanceKlass android/os/OperationCanceledException
instanceKlass androidx/sqlite/db/framework/FrameworkSQLiteOpenHelper$OpenHelper$CallbackException
instanceKlass kotlinx/coroutines/internal/UndeliveredElementException
instanceKlass android/database/SQLException
instanceKlass android/os/FileUriExposedException
instanceKlass kotlin/KotlinNothingValueException
instanceKlass java/nio/BufferOverflowException
instanceKlass java/nio/BufferUnderflowException
instanceKlass kotlin/NoWhenBranchMatchedException
instanceKlass android/view/Surface$OutOfResourcesException
instanceKlass android/os/ParcelableException
instanceKlass android/content/res/Resources$NotFoundException
instanceKlass java/util/concurrent/RejectedExecutionException
instanceKlass android/content/ActivityNotFoundException
instanceKlass java/time/DateTimeException
instanceKlass org/robolectric/shadows/ShadowPausedLooper$ControlException
instanceKlass android/icu/util/ICUException
instanceKlass org/bouncycastle/crypto/CryptoServiceConstraintsException
instanceKlass android/util/proto/ProtoParseException
instanceKlass java/util/IllformedLocaleException
instanceKlass android/util/AndroidRuntimeException
instanceKlass java/lang/invoke/WrongMethodTypeException
instanceKlass java/util/ConcurrentModificationException
instanceKlass org/robolectric/util/inject/Injector$UnsatisfiedDependencyException
instanceKlass org/robolectric/util/inject/InjectionException
instanceKlass com/google/gson/JsonParseException
instanceKlass kotlin/UninitializedPropertyAccessException
instanceKlass org/junit/runner/notification/StoppedByUserException
instanceKlass org/junit/internal/AssumptionViolatedException
instanceKlass com/esotericsoftware/kryo/KryoException
instanceKlass java/security/ProviderException
instanceKlass org/gradle/internal/remote/internal/MessageIOException
instanceKlass java/util/MissingResourceException
instanceKlass org/gradle/internal/remote/internal/ConnectException
instanceKlass org/gradle/api/UncheckedIOException
instanceKlass org/gradle/internal/nativeintegration/NativeIntegrationException
instanceKlass net/rubygrapefruit/platform/NativeException
instanceKlass java/util/NoSuchElementException
instanceKlass org/gradle/internal/reflect/NoSuchMethodException
instanceKlass java/lang/TypeNotPresentException
instanceKlass org/gradle/internal/service/ServiceLookupException
instanceKlass java/lang/IndexOutOfBoundsException
instanceKlass java/lang/reflect/UndeclaredThrowableException
instanceKlass org/gradle/internal/operations/BuildOperationInvocationException
instanceKlass org/gradle/internal/UncheckedException
instanceKlass java/lang/UnsupportedOperationException
instanceKlass java/lang/SecurityException
instanceKlass java/lang/IllegalStateException
instanceKlass org/gradle/api/GradleException
instanceKlass java/lang/IllegalArgumentException
instanceKlass java/lang/ArithmeticException
instanceKlass java/lang/NullPointerException
instanceKlass java/lang/IllegalMonitorStateException
instanceKlass java/lang/ArrayStoreException
instanceKlass java/lang/ClassCastException
ciInstanceKlass java/lang/RuntimeException 1 1 40 10 7 12 1 1 1 10 12 1 10 12 1 10 12 1 10 12 1 100 1 1 1 1 5 0 1 1 1 1 1 1 1 1 1 1 1 1 1 1
instanceKlass java/security/InvalidParameterException
instanceKlass org/gradle/internal/service/UnknownServiceException
instanceKlass java/lang/NumberFormatException
ciInstanceKlass java/lang/IllegalArgumentException 1 1 35 10 7 12 1 1 1 10 12 1 10 12 1 10 12 1 100 1 1 1 1 5 0 1 1 1 1 1 1 1 1 1 1 1 1
instanceKlass kotlin/jvm/KotlinReflectionNotSupportedError
instanceKlass kotlin/reflect/jvm/internal/KotlinReflectionInternalError
instanceKlass kotlin/NotImplementedError
instanceKlass java/lang/AssertionError
instanceKlass java/lang/VirtualMachineError
instanceKlass java/lang/LinkageError
instanceKlass java/lang/ThreadDeath
ciInstanceKlass java/lang/Error 1 1 40 10 7 12 1 1 1 10 12 1 10 12 1 10 12 1 10 12 1 100 1 1 1 1 5 0 1 1 1 1 1 1 1 1 1 1 1 1 1 1
instanceKlass java/lang/StackOverflowError
instanceKlass java/lang/OutOfMemoryError
instanceKlass java/lang/InternalError
ciInstanceKlass java/lang/VirtualMachineError 1 1 34 10 100 12 1 1 1 10 12 1 10 12 1 10 12 1 100 1 1 1 1 5 0 1 1 1 1 1 1 1 1 1 1 1
ciInstanceKlass java/lang/StackOverflowError 1 1 26 10 100 12 1 1 1 10 12 1 100 1 1 1 1 5 0 1 1 1 1 1 1 1 1 1
instanceKlass java/lang/UnsatisfiedLinkError
instanceKlass java/lang/ClassFormatError
instanceKlass java/lang/IncompatibleClassChangeError
instanceKlass java/lang/BootstrapMethodError
instanceKlass java/lang/NoClassDefFoundError
ciInstanceKlass java/lang/LinkageError 1 1 31 10 7 12 1 1 1 10 12 1 10 12 1 100 1 1 1 1 5 0 1 1 1 1 1 1 1 1 1 1 1
ciInstanceKlass java/lang/ArrayStoreException 1 1 26 10 100 12 1 1 1 10 12 1 100 1 1 1 1 5 0 1 1 1 1 1 1 1 1 1
ciInstanceKlass java/lang/ThreadDeath 0 0 21 10 100 12 1 1 1 100 1 1 1 1 5 0 1 1 1 1 1 1 1
ciInstanceKlass java/util/Collections 1 1 851 10 7 12 1 1 1 11 7 12 1 1 1 7 1 11 12 1 1 7 1 10 12 1 1 10 12 1 11 12 1 1 100 1 11 12 1 1 11 12 1 1 10 12 1 11 100 12 1 1 11 12 1 1 11 12 1 10 12 1 10 12 1 10 12 11 100 12 1 1 1 10 12 1 1 11 12 1 11 12 1 1 9 12 1 1 100 1 10 10 12 1 1 10 12 1 1 11 12 1 1 10 12 1 11 12 1 100 1 8 1 10 12 1 11 7 12 1 1 1 11 7 1 11 12 1 1 10 12 1 1 10 12 1 10 12 1 1 10 12 1 11 12 1 1 10 12 1 1 10 12 1 1 10 12 1 1 10 12 1 1 7 1 10 12 1 7 1 10 12 1 7 1 10 12 1 7 1 10 12 1 7 1 7 1 10 12 10 7 1 10 12 1 7 1 10 12 1 7 1 10 12 1 7 1 10 10 12 1 7 1 10 10 12 1 7 1 10 7 1 10 7 1 10 7 1 10 10 12 1 10 7 1 10 7 1 10 7 1 10 7 1 10 12 1 10 100 12 1 1 1 100 1 7 1 10 12 1 7 1 10 12 1 7 1 10 12 1 7 1 10 12 1 7 1 10 12 1 7 1 10 7 1 10 12 1 7 1 10 12 1 7 1 10 12 1 9 7 12 1 1 1 9 7 12 1 1 9 7 12 1 1 1 9 12 1 1 9 12 1 1 9 12 1 1 9 12 1 1 9 12 1 1 7 1 10 12 7 1 10 100 1 10 7 1 10 7 1 10 12 1 100 1 100 1 10 8 1 10 12 1 1 10 12 1 10 12 1 1 10 7 1 10 12 1 9 7 12 1 1 1 9 7 12 1 1 1 7 1 9 12 1 1 10 12 7 1 10 100 1 10 11 100 12 1 1 11 12 1 10 12 1 7 1 11 11 12 1 11 7 1 10 7 1 10 100 12 1 1 1 100 1 10 12 1 7 1 10 7 1 10 7 1 10 1 1 1 3 1 3 1 3 1 3 1 3 1 3 1 3 1 3 1 1 1 1 1 1 1 1 1 1 1 1 1 1 1 1 1 1 1 1 1 1 1 1 1 1 1 1 1 1 1 1 1 1 1 1 1 1 1 1 1 1 1 1 1 1 1 1 1 1 1 1 1 1 1 1 1 1 1 1 1 1 1 1 1 1 1 1 1 1 1 1 1 1 1 1 1 1 1 1 1 1 1 1 1 1 1 1 1 1 1 1 1 1 1 1 1 1 1 1 1 1 1 1 1 1 1 1 1 1 1 1 1 1 1 1 1 1 1 1 1 1 1 1 1 1 1 1 1 1 1 1 1 1 1 1 1 1 1 1 1 1 1 1 1 1 1 1 1 1 1 1 1 1 1 1 1 1 1 1 1 1 1 1 1 1 1 1 1 1 1 1 1 1 1 1 1 1 1 1 1 1 1 1 1 1 1 1 1 1 1 1 1 1 1 1 1 1 1 1 1 1 1 1 1 1 1 1 1 1 1 1 1 1 1 1 1 1 1 1 1 1 1 1 1 1 1 1 1 1 1 1 1 1 1 1 1 1 1 1 1 1 1 1 1 1 1 1 1 1 1 1 1 1 1 1 1 1 1 1 1 1 1 1 1 1 1 1 1 1 1 1 1 1 1 1 1 1 1 1 1 1 1 1 1 1 1 1 1 1 1 1 1 1 1 1 1 1 1 1 1 1 1 1 1 1 1 1 1 1 100 1 100 1 100 1 100 1 100 1 100 1 100 1 100 1 100 1 100 1 100 1 100 1 100 1 1 1 1 1 1 1 1 1 1 1 1 1 1 1 1 1 1 1 1 1 1 1 1 1 1 1 1 1 1 1 1 1 1 1 1 1 1 1 100 1 1 1 1 1 1 1 1 1 1 1 1 1 1
staticfield java/util/Collections EMPTY_SET Ljava/util/Set; java/util/Collections$EmptySet
staticfield java/util/Collections EMPTY_LIST Ljava/util/List; java/util/Collections$EmptyList
staticfield java/util/Collections EMPTY_MAP Ljava/util/Map; java/util/Collections$EmptyMap
ciInstanceKlass java/lang/StackTraceElement 1 1 224 10 7 12 1 1 1 10 7 12 1 1 9 12 1 1 9 12 1 1 9 12 1 9 12 1 8 1 10 7 12 1 1 1 7 1 9 12 1 8 1 9 12 1 9 12 1 9 12 1 1 8 1 10 12 1 1 10 12 1 7 1 10 10 12 1 1 8 1 10 12 1 1 10 12 1 8 1 8 1 8 1 10 12 1 8 1 8 1 10 12 1 8 1 8 1 10 12 1 1 10 12 1 10 12 1 1 10 12 1 9 12 1 1 10 7 12 1 1 1 10 12 1 1 7 1 10 12 1 1 10 7 12 1 1 10 7 12 1 1 1 10 7 12 1 1 10 7 12 1 1 10 10 12 1 1 10 12 1 10 12 1 1 100 1 1 1 1 1 3 1 3 1 1 5 0 1 1 1 1 1 1 1 1 1 1 1 1 1 1 1 1 1 1 1 1 1 1 1 1 1 1 100 1 100 1 1 1 1 1 1 1 1 1 1 100 1 1 1 1 1 1 1 1
instanceKlass com/google/common/collect/AbstractMultiset
instanceKlass com/google/common/collect/CompactHashMap$ValuesView
instanceKlass com/google/common/collect/ImmutableCollection
instanceKlass com/google/common/collect/CompactHashMap$ValuesView
instanceKlass com/google/common/collect/ImmutableCollection
instanceKlass java/util/TreeMap$Values
instanceKlass com/google/common/collect/AbstractMapBasedMultimap$WrappedCollection
instanceKlass com/google/common/collect/ImmutableCollection
instanceKlass java/util/IdentityHashMap$Values
instanceKlass java/util/HashMap$Values
instanceKlass java/util/LinkedHashMap$LinkedValues
instanceKlass java/util/AbstractQueue
instanceKlass java/util/ArrayDeque
instanceKlass java/util/AbstractSet
instanceKlass java/util/ImmutableCollections$AbstractImmutableCollection
instanceKlass java/util/AbstractList
ciInstanceKlass java/util/AbstractCollection 1 1 160 10 7 12 1 1 1 10 7 12 1 1 1 10 12 1 1 11 7 12 1 1 1 11 12 1 1 10 12 1 1 10 100 12 1 1 1 10 12 1 1 10 12 1 1 10 7 12 1 1 10 7 12 1 1 1 7 1 10 100 12 1 1 1 10 100 12 1 1 1 100 1 10 11 12 1 11 7 1 10 12 1 10 12 1 10 100 12 1 1 1 11 8 1 7 1 10 10 12 1 1 8 1 10 12 1 10 12 1 1 1 1 1 1 1 1 1 1 1 1 1 1 1 1 1 1 1 1 1 1 1 1 1 1 1 1 1 1 1 1 1 1 1 1 1 1 1 1 1 1 1 1 1 1 1 1 1 1 1 1
ciInstanceKlass java/lang/Boolean 1 1 151 10 7 12 1 1 1 9 7 12 1 1 1 10 12 1 1 10 12 1 8 1 10 7 12 1 1 9 12 1 1 9 12 1 8 1 10 12 1 1 10 12 1 1 10 7 12 1 1 1 100 1 100 1 10 12 1 1 9 100 12 1 1 9 12 10 100 12 1 1 1 10 12 1 1 8 1 10 7 12 1 1 1 9 12 1 1 100 1 100 1 100 1 1 1 1 1 1 5 0 1 1 1 1 1 1 1 1 1 1 3 1 1 1 1 1 1 1 1 1 1 1 1 1 1 1 1 1 1 1 1 100 1 1 1 1 1 1 1 1 1 1 100 1 1 1 1 1 1 1 1
staticfield java/lang/Boolean TRUE Ljava/lang/Boolean; java/lang/Boolean
staticfield java/lang/Boolean FALSE Ljava/lang/Boolean; java/lang/Boolean
staticfield java/lang/Boolean TYPE Ljava/lang/Class; java/lang/Class
instanceKlass java/util/concurrent/locks/AbstractQueuedSynchronizer
ciInstanceKlass java/util/concurrent/locks/AbstractOwnableSynchronizer 1 1 32 10 7 12 1 1 1 9 7 12 1 1 1 100 1 1 1 1 5 0 1 1 1 1 1 1 1 1 1 1 1 1
instanceKlass java/lang/LiveStackFrameInfo
ciInstanceKlass java/lang/StackFrameInfo 1 1 132 10 7 12 1 1 1 9 7 12 1 1 1 9 7 1 9 12 1 1 11 7 12 1 1 1 9 12 1 1 11 12 1 1 10 12 1 1 10 7 12 1 1 1 10 12 1 11 12 1 11 12 1 1 11 12 1 10 12 1 1 9 12 1 1 10 12 1 1 10 100 12 1 1 10 12 1 1 11 12 1 1 10 12 1 9 12 1 1 10 12 1 1 100 1 8 1 10 12 1 10 7 12 1 1 1 100 1 1 1 1 1 1 1 1 1 1 1 1 1 1 1 1 1 1 100 1 1 1 1 1 1
staticfield java/lang/StackFrameInfo JLIA Ljdk/internal/access/JavaLangInvokeAccess; java/lang/invoke/MethodHandleImpl$1
ciInstanceKlass java/lang/LiveStackFrameInfo 0 0 97 10 100 12 1 1 1 9 100 12 1 1 1 9 12 1 9 12 1 9 12 1 9 12 1 1 100 1 10 12 1 1 10 12 1 8 1 10 12 1 1 8 1 8 1 8 1 10 100 1 10 12 1 100 1 10 12 1 100 1 100 1 1 1 3 1 3 1 1 1 1 1 1 1 1 1 1 1 1 1 1 1 1 1 1 1 1 1 1 1 1 1 1 1 100 1 1
ciInstanceKlass java/lang/Character 1 1 576 7 1 100 1 100 1 9 12 1 1 8 1 9 12 1 1 100 1 9 12 1 1 10 100 12 1 1 1 10 100 12 1 1 1 10 100 12 1 1 1 10 7 12 1 1 1 9 7 12 1 1 1 10 12 1 10 12 1 1 10 12 1 1 10 100 12 1 1 10 12 1 1 3 3 3 3 3 10 12 1 1 10 12 1 3 11 7 12 1 1 1 11 12 1 1 10 12 1 1 10 12 1 1 100 1 10 10 12 1 3 10 12 1 1 10 12 1 10 12 1 1 100 1 8 1 10 12 1 1 10 12 1 10 12 1 10 12 1 10 12 1 10 12 1 1 10 12 1 10 7 12 1 1 10 10 12 1 10 10 12 1 10 12 1 1 10 12 1 10 10 12 1 10 12 1 10 12 1 10 12 1 10 12 1 10 12 1 10 12 1 10 12 10 10 12 10 10 12 1 10 10 12 1 10 10 12 1 10 10 12 1 10 10 12 1 10 10 12 1 10 10 12 1 1 10 10 12 1 10 5 0 10 12 1 10 12 1 10 10 12 1 10 10 12 1 1 10 10 12 1 10 10 12 1 9 12 1 1 100 1 10 10 12 1 10 12 1 1 3 10 100 12 1 1 1 10 12 1 10 100 12 1 1 100 1 10 10 12 1 1 10 12 1 1 10 12 1 1 8 1 10 12 1 9 100 12 1 1 1 10 12 1 10 10 12 1 10 12 1 1 10 12 1 10 10 12 1 1 10 10 12 1 1 100 1 8 1 10 12 1 1 10 7 12 1 1 1 8 1 10 12 1 1 9 12 1 1 100 1 100 1 100 1 1 1 1 3 1 3 1 3 1 3 1 1 1 1 1 3 1 1 3 1 3 1 3 1 3 1 3 1 3 1 3 1 3 1 3 1 3 1 3 1 3 1 3 1 3 1 3 1 3 1 3 1 3 1 3 1 3 1 3 1 3 1 3 1 3 1 3 1 3 1 3 1 3 1 1 1 1 1 1 1 1 1 1 1 1 1 1 1 1 1 1 1 3 1 1 1 1 1 1 1 3 1 1 3 1 1 1 1 1 3 1 1 5 0 1 1 1 1 1 1 1 1 1 1 1 1 1 1 1 1 1 1 1 1 1 1 1 1 1 1 1 1 1 1 1 1 1 1 1 1 1 1 1 1 1 1 1 1 1 1 1 1 1 1 1 1 1 1 1 1 1 1 1 1 1 1 1 1 1 1 1 1 1 1 1 1 1 1 1 1 1 1 1 1 1 1 1 1 1 1 1 1 1 100 1 100 1 1 1 1 1 1
staticfield java/lang/Character TYPE Ljava/lang/Class; java/lang/Class
staticfield java/lang/Character $assertionsDisabled Z 1
ciMethod java/lang/Character isSurrogate (C)Z 550 0 193783 0 -1
ciMethod java/lang/Character toLowerCase (I)I 512 0 22735 0 -1
ciMethod java/lang/Character isBmpCodePoint (I)Z 0 0 1 0 -1
ciInstanceKlass java/lang/CharacterDataLatin1 1 1 130 9 7 12 1 1 1 9 12 1 1 10 12 1 1 10 12 1 10 12 1 1 3 3 3 10 12 1 9 12 1 100 1 3 3 9 12 1 1 10 7 12 1 1 1 10 9 12 1 1 3 3 3 3 3 3 3 3 3 3 3 3 3 3 3 3 3 3 3 3 3 3 3 3 3 3 3 3 3 3 3 3 3 3 3 1 1 1 1 1 1 1 1 1 1 1 1 1 1 1 1 1 1 1 1 1 1 1 1 1 1 1 1 1 1 1 1 1 1 1 1 1 1 1 1 1 100 1 1 1
staticfield java/lang/CharacterDataLatin1 DIGITS [B 256
staticfield java/lang/CharacterDataLatin1 instance Ljava/lang/CharacterDataLatin1; java/lang/CharacterDataLatin1
staticfield java/lang/CharacterDataLatin1 A [I 256
staticfield java/lang/CharacterDataLatin1 B [B 256
ciMethod java/lang/CharacterDataLatin1 toLowerCase (I)I 4142 0 9751 0 192
ciMethod java/lang/CharacterDataLatin1 getProperties (I)I 754 0 34234 0 96
ciInstanceKlass java/lang/Float 1 1 223 7 1 100 1 10 7 12 1 1 1 10 100 12 1 1 1 4 100 1 10 12 1 1 10 12 1 1 8 1 8 1 10 100 12 1 1 1 10 12 1 1 10 12 1 1 10 4 4 4 10 7 12 1 1 9 12 1 1 10 12 1 1 10 12 1 10 12 1 10 12 1 1 10 12 1 10 12 1 3 10 12 1 1 10 12 1 1 10 12 1 10 100 12 1 1 1 10 12 1 1 10 12 1 1 8 1 10 7 12 1 1 1 9 12 1 1 100 1 100 1 100 1 1 1 1 1 4 1 1 1 4 1 1 3 1 3 1 3 1 3 1 1 1 1 5 0 1 1 1 1 1 1 1 1 1 1 100 1 1 1 1 1 1 1 1 1 1 1 1 1 3 1 1 1 1 1 1 1 1 1 1 1 1 1 1 1 1 1 1 1 1 1 1 1 1 1 1 1 1 1 1 1 1 1 1 1 1 1 1 100 1 1 1 1 1 1 1 100 1 100 1 1
staticfield java/lang/Float TYPE Ljava/lang/Class; java/lang/Class
instanceKlass com/google/gson/internal/LazilyParsedNumber
instanceKlass com/google/gson/internal/LazilyParsedNumber
instanceKlass com/google/gson/internal/LazilyParsedNumber
instanceKlass java/math/BigDecimal
instanceKlass java/math/BigInteger
instanceKlass java/util/concurrent/atomic/Striped64
instanceKlass java/util/concurrent/atomic/AtomicLong
instanceKlass java/util/concurrent/atomic/AtomicInteger
instanceKlass java/lang/Long
instanceKlass java/lang/Integer
instanceKlass java/lang/Short
instanceKlass java/lang/Byte
instanceKlass java/lang/Double
instanceKlass java/lang/Float
ciInstanceKlass java/lang/Number 1 1 37 10 7 12 1 1 1 10 100 12 1 1 1 100 1 1 1 1 5 0 1 1 1 1 1 1 1 1 1 1 1 1 1 1 1 1 1
ciInstanceKlass java/lang/Double 1 1 285 7 1 100 1 10 7 12 1 1 1 10 12 1 1 10 12 1 100 1 10 12 1 1 10 100 12 1 1 1 6 0 8 1 10 12 1 1 8 1 10 12 1 1 8 1 6 0 10 12 1 1 100 1 5 0 5 0 8 1 8 1 10 100 12 1 1 1 10 100 12 1 1 1 8 1 10 12 1 1 8 1 8 1 8 1 10 12 1 1 10 12 1 10 12 1 1 10 12 1 10 12 1 10 12 1 1 10 12 1 10 6 0 6 0 6 0 10 7 12 1 1 9 12 1 1 10 12 1 10 12 1 10 12 1 10 12 1 5 0 10 12 1 1 10 12 1 10 12 1 10 100 12 1 1 1 10 12 1 1 10 12 1 1 8 1 10 7 12 1 1 1 9 12 1 1 100 1 100 1 100 1 1 1 1 1 6 0 1 1 1 6 0 1 1 3 1 3 1 3 1 3 1 1 1 1 5 0 1 1 1 1 1 1 1 1 1 1 1 1 1 1 1 1 100 1 1 1 1 1 1 1 1 1 1 1 1 3 1 1 1 1 1 1 1 1 1 1 1 1 1 1 1 1 1 1 1 1 1 1 1 1 1 1 1 1 1 1 1 1 1 1 100 1 1 1 1 1 1 1 100 1 100 1 1
staticfield java/lang/Double TYPE Ljava/lang/Class; java/lang/Class
ciInstanceKlass java/lang/Byte 1 1 215 7 1 100 1 10 100 12 1 1 1 9 12 1 1 8 1 9 12 1 1 100 1 10 12 1 1 10 12 1 1 10 100 12 1 1 1 10 100 12 1 1 1 9 7 12 1 1 1 10 12 1 1 100 1 100 1 10 12 1 1 8 1 10 12 1 1 8 1 10 12 1 10 12 1 10 12 1 10 12 1 1 10 12 1 10 12 1 10 12 1 1 10 8 1 8 1 10 7 1 9 12 1 1 10 12 1 10 12 1 1 10 12 1 1 10 12 1 1 10 12 1 5 0 10 12 1 1 8 1 10 7 12 1 1 1 9 12 1 1 100 1 100 1 1 1 3 1 3 1 1 1 1 3 1 3 1 1 5 0 1 1 1 1 1 1 1 1 1 1 1 1 1 1 1 1 1 1 1 1 1 1 1 1 1 1 1 1 1 1 1 1 1 1 1 1 1 1 1 1 1 1 1 1 1 1 1 1 1 1 1 1 1 1 1
staticfield java/lang/Byte TYPE Ljava/lang/Class; java/lang/Class
ciInstanceKlass java/lang/Short 1 1 224 7 1 100 1 100 1 10 100 12 1 1 1 10 12 1 1 100 1 100 1 10 12 1 1 8 1 10 12 1 1 8 1 10 12 1 10 12 1 10 12 1 10 12 1 1 10 12 1 1 10 12 1 9 12 1 1 8 1 9 12 1 1 100 1 10 12 1 1 10 12 1 10 100 12 1 1 1 10 100 12 1 1 1 9 7 12 1 1 1 10 12 1 10 12 1 1 10 8 1 8 1 10 7 1 9 12 1 1 10 12 1 10 12 1 1 10 12 1 1 10 12 1 1 10 12 1 3 3 5 0 10 12 1 1 8 1 10 7 12 1 1 1 9 12 1 1 100 1 100 1 1 1 3 1 3 1 1 1 1 3 1 3 1 1 5 0 1 1 1 1 1 1 1 1 1 1 1 1 1 1 1 1 1 1 1 1 1 1 1 1 1 1 1 3 1 1 1 1 1 1 1 1 1 1 1 1 1 1 1 1 1 1 1 1 1 1 1 1 1 1 1 1 1
staticfield java/lang/Short TYPE Ljava/lang/Class; java/lang/Class
ciInstanceKlass java/lang/Integer 1 1 445 7 1 100 1 7 1 7 1 10 12 1 1 9 12 1 1 9 12 1 1 10 100 12 1 1 1 10 12 1 1 10 100 12 1 1 1 10 10 12 1 1 10 100 12 1 1 1 10 12 1 10 12 1 1 10 7 12 1 1 1 10 12 1 1 10 12 1 1 10 12 1 10 12 1 10 12 1 1 10 10 12 1 9 12 1 1 9 12 1 7 1 8 1 10 12 1 100 1 10 12 1 8 1 10 12 1 1 10 12 1 8 1 10 12 1 8 1 10 12 1 1 3 10 12 1 1 3 10 12 1 1 10 12 1 1 10 7 12 1 1 1 11 7 1 100 1 10 11 10 12 1 1 8 1 10 12 1 1 8 1 100 1 10 12 1 1 10 12 1 1 5 0 8 1 10 12 1 10 12 1 10 12 1 10 12 1 1 7 1 9 12 1 1 9 12 1 1 10 12 1 10 7 1 9 12 1 10 12 1 10 12 1 10 12 1 1 10 7 12 1 1 1 100 1 100 1 10 12 1 1 10 12 1 1 8 1 8 1 10 12 1 1 8 1 8 1 8 1 8 1 8 1 8 1 10 12 1 10 12 1 10 12 1 5 0 3 3 3 3 10 12 1 3 10 12 1 10 100 12 1 1 1 10 12 1 1 10 12 1 1 8 1 10 7 12 1 1 1 9 12 1 1 3 3 3 3 3 3 9 12 1 1 100 1 100 1 100 1 1 1 1 1 1 1 3 1 3 1 1 5 0 1 1 1 1 1 1 1 1 1 100 1 1 1 1 1 1 1 1 1 1 1 1 1 1 1 1 1 1 1 1 1 1 1 1 1 1 1 1 1 1 1 1 1 1 1 1 1 1 1 3 1 1 1 1 1 1 1 1 1 1 1 1 1 1 1 1 100 1 1 1 1 1 1 1 1 1 1 1 1 1 1 1 1 1 1 1 1 1 1 1 1 1 1 1 1 1 1 1 100 1 1 1 1 1 1 1 1 1 100 1 100 1 1
staticfield java/lang/Integer TYPE Ljava/lang/Class; java/lang/Class
staticfield java/lang/Integer digits [C 36
staticfield java/lang/Integer DigitTens [B 100
staticfield java/lang/Integer DigitOnes [B 100
staticfield java/lang/Integer sizeTable [I 10
ciInstanceKlass java/lang/Long 1 1 506 7 1 100 1 7 1 7 1 10 12 1 1 9 12 1 1 9 7 12 1 1 1 10 7 12 1 1 1 10 12 1 1 10 100 12 1 1 1 10 10 12 10 12 1 10 12 1 10 12 1 5 0 5 0 7 1 10 12 1 1 10 12 1 1 10 12 1 10 12 1 10 12 1 10 12 1 1 10 100 12 1 1 10 12 1 10 12 1 1 10 12 1 1 10 12 1 1 10 12 1 1 10 7 12 1 1 1 10 12 1 1 10 12 1 10 12 1 10 12 1 10 12 1 1 10 10 12 1 5 0 5 0 9 12 1 1 9 12 1 5 0 7 1 8 1 10 12 1 8 1 10 12 1 8 1 8 1 10 12 1 1 5 0 10 12 1 1 5 0 10 12 1 1 10 12 1 1 10 100 12 1 1 1 11 100 1 100 1 10 11 10 12 1 1 8 1 10 12 1 1 8 1 100 1 10 12 1 1 10 12 1 8 1 8 1 11 12 1 1 10 12 1 10 12 1 10 12 1 5 0 5 0 9 7 12 1 1 1 10 12 1 10 12 1 1 8 1 8 1 10 12 1 1 8 1 8 1 8 1 8 1 8 1 8 1 10 12 1 10 12 1 10 12 1 1 10 7 1 9 12 1 1 10 12 1 10 12 1 1 10 7 12 1 1 1 100 1 100 1 10 12 1 1 10 12 1 1 5 0 10 12 1 10 12 1 5 0 5 0 5 0 10 12 1 1 5 0 5 0 10 12 1 10 12 1 10 100 12 1 1 1 10 12 1 1 10 12 1 1 8 1 10 7 12 1 1 1 9 12 1 1 100 1 100 1 100 1 1 1 1 5 0 1 1 1 1 3 1 3 1 5 0 1 1 1 1 1 1 1 1 1 100 1 1 1 1 1 1 1 1 1 1 1 1 1 1 1 1 1 1 1 1 1 1 1 1 1 1 1 1 1 1 1 1 1 1 1 1 1 1 1 1 1 1 1 1 1 1 1 1 1 1 1 1 1 1 3 1 1 1 1 1 1 1 1 1 1 1 1 1 1 1 100 1 1 1 1 1 1 1 1 1 1 1 1 1 1 1 1 1 1 1 1 1 1 1 1 1 1 1 100 1 1 1 1 1 1 1 1 1 100 1 100 1 1
staticfield java/lang/Long TYPE Ljava/lang/Class; java/lang/Class
instanceKlass java/lang/ref/PhantomReference
instanceKlass java/lang/ref/FinalReference
instanceKlass java/lang/ref/WeakReference
instanceKlass java/lang/ref/SoftReference
ciInstanceKlass java/lang/ref/Reference 1 1 195 9 7 12 1 1 1 9 7 12 1 1 10 12 1 1 10 12 1 1 9 12 1 1 10 12 1 1 9 12 1 1 9 12 1 1 7 1 10 12 1 10 7 12 1 1 10 12 1 10 12 1 1 10 12 1 9 12 1 10 12 1 1 10 12 1 10 12 1 9 12 1 100 1 100 1 10 12 1 9 12 1 9 12 1 100 1 10 10 12 1 10 10 7 12 1 1 10 7 12 1 1 1 10 12 1 1 10 7 12 1 1 7 1 8 1 10 12 1 10 12 1 1 10 12 1 1 10 12 1 7 1 10 10 7 12 1 1 1 1 1 1 1 1 1 1 1 1 1 1 1 1 1 1 1 100 1 1 1 100 1 1 1 1 1 1 1 1 1 1 1 1 1 1 1 1 1 1 1 1 1 1 1 1 1 1 1 1 1 1 1 1 1 1 1
staticfield java/lang/ref/Reference processPendingLock Ljava/lang/Object; java/lang/Object
staticfield java/lang/ref/Reference $assertionsDisabled Z 1
instanceKlass java/util/ResourceBundle$BundleReference
instanceKlass android/icu/impl/locale/LocaleObjectCache$CacheEntry
instanceKlass android/icu/impl/locale/LocaleObjectCache$CacheEntry
instanceKlass sun/security/util/MemoryCache$SoftCacheEntry
instanceKlass sun/util/locale/provider/LocaleResources$ResourceReference
instanceKlass sun/util/resources/Bundles$BundleReference
instanceKlass sun/util/locale/LocaleObjectCache$CacheEntry
instanceKlass java/io/ClassCache$CacheRef
instanceKlass java/lang/invoke/LambdaFormEditor$Transform
ciInstanceKlass java/lang/ref/SoftReference 1 1 47 10 7 12 1 1 1 9 7 12 1 1 1 9 12 1 10 12 1 10 12 1 1 1 1 1 1 1 1 1 1 1 1 1 1 1 1 1 1 1 1 100 1 1 1 1 1
instanceKlass okhttp3/internal/connection/RealCall$CallReference
instanceKlass java/util/ResourceBundle$KeyElementReference
instanceKlass okhttp3/internal/connection/RealCall$CallReference
instanceKlass io/mockk/impl/platform/JvmWeakConcurrentMap$WeakKey
instanceKlass io/mockk/impl/platform/JvmWeakConcurrentMap$WeakKey
instanceKlass net/bytebuddy/TypeCache$StorageKey
instanceKlass okhttp3/internal/connection/RealCall$CallReference
instanceKlass io/mockk/proxy/jvm/dispatcher/JvmMockKWeakMap$WeakKey
instanceKlass sun/nio/ch/FileLockTable$FileLockReference
instanceKlass java/util/logging/LogManager$LoggerWeakRef
instanceKlass java/util/logging/Level$KnownLevel
instanceKlass java/lang/ClassValue$Entry
instanceKlass java/lang/ThreadLocal$ThreadLocalMap$Entry
instanceKlass java/lang/WeakPairMap$WeakRefPeer
instanceKlass java/lang/invoke/MethodType$ConcurrentWeakInternSet$WeakEntry
instanceKlass java/util/WeakHashMap$Entry
ciInstanceKlass java/lang/ref/WeakReference 1 1 31 10 7 12 1 1 1 10 12 1 100 1 1 1 1 1 1 1 1 1 1 1 1 1 1 1 1 1 1 1 1
instanceKlass java/lang/ref/Finalizer
ciInstanceKlass java/lang/ref/FinalReference 1 1 47 10 7 12 1 1 1 10 7 12 1 1 1 10 12 1 1 100 1 8 1 10 12 1 1 1 1 1 1 1 1 1 1 1 1 1 1 1 1 1 1 1 1 1 1 1 1
ciInstanceKlass java/lang/ref/Finalizer 1 1 152 9 7 12 1 1 1 10 7 12 1 1 1 9 12 1 1 9 12 1 1 9 12 1 9 12 1 10 12 1 10 12 1 1 9 12 1 1 100 1 10 12 1 7 1 11 7 12 1 1 100 1 10 12 1 100 1 10 12 1 10 100 12 1 1 1 10 100 12 1 1 1 100 1 10 10 12 1 10 7 12 1 1 1 7 1 10 7 1 10 10 7 12 1 1 1 10 12 1 1 10 7 12 1 1 7 1 10 12 1 10 12 1 1 10 12 1 1 10 12 1 1 1 1 1 1 1 1 1 1 1 1 1 1 1 1 1 1 1 1 1 1 1 1 1 1 1 1 1 1 1 1
staticfield java/lang/ref/Finalizer lock Ljava/lang/Object; java/lang/Object
staticfield java/lang/ref/Finalizer $assertionsDisabled Z 1
instanceKlass jdk/internal/ref/PhantomCleanable
instanceKlass jdk/internal/ref/Cleaner
ciInstanceKlass java/lang/ref/PhantomReference 1 1 39 10 100 12 1 1 1 10 7 12 1 1 1 1 1 1 1 1 1 1 1 1 1 1 1 1 1 1 1 1 1 1 1 1 1 1 1 1 1
instanceKlass java/lang/reflect/Executable
instanceKlass java/lang/reflect/Field
ciInstanceKlass java/lang/reflect/AccessibleObject 1 1 398 10 7 12 1 1 1 9 100 12 1 1 1 10 100 12 1 1 1 10 7 12 1 1 10 7 12 1 1 1 10 100 12 1 1 1 10 12 1 1 10 12 1 1 9 12 1 1 100 1 10 7 12 1 1 1 11 12 1 100 1 10 12 1 7 1 100 1 10 12 1 10 12 1 1 7 1 10 7 12 1 1 1 10 12 1 1 7 1 10 12 1 1 100 1 10 10 10 7 12 1 1 1 10 12 1 1 10 12 1 10 12 1 10 12 1 1 10 12 1 8 1 100 1 10 10 12 1 1 8 1 10 12 1 10 12 1 8 1 8 1 8 1 8 1 8 1 8 1 100 1 10 12 1 10 12 1 9 12 1 1 10 12 1 1 10 12 1 10 11 100 1 100 1 8 1 10 10 12 1 10 12 1 1 8 1 10 12 1 8 1 10 12 1 1 10 100 1 8 1 10 11 7 12 1 1 10 12 1 1 10 12 1 1 10 12 1 1 9 12 1 1 7 1 10 12 1 7 1 10 12 1 10 12 1 1 10 7 1 10 12 1 10 12 10 12 1 10 12 1 1 10 12 1 10 12 1 1 10 12 1 9 12 1 10 100 12 1 1 8 1 10 100 12 1 1 1 8 1 10 100 12 1 1 1 9 12 1 100 1 10 7 1 10 10 7 12 1 1 1 7 1 10 10 7 12 1 1 1 7 1 9 12 1 1 1 1 1 1 1 1 1 1 1 1 1 1 1 1 1 1 1 1 1 1 1 1 1 1 1 1 1 1 1 1 1 1 1 1 1 1 1 1 1 1 1 1 1 1 1 1 1 1 1 1 1 1 1 1 1 1 1 1 1 1 1 1 1 1 1 1 1 1 1 1 1 1 1 1 1 1 1 1 1 1 1 1 1
staticfield java/lang/reflect/AccessibleObject reflectionFactory Ljdk/internal/reflect/ReflectionFactory; jdk/internal/reflect/ReflectionFactory
instanceKlass java/lang/reflect/Constructor
instanceKlass java/lang/reflect/Method
ciInstanceKlass java/lang/reflect/Executable 1 1 548 10 7 12 1 1 1 10 7 12 1 1 1 10 7 12 1 1 1 11 7 12 1 1 1 10 7 12 1 1 1 10 12 1 1 10 7 12 1 1 1 10 7 12 1 1 1 10 12 1 8 1 10 10 12 1 1 10 12 1 1 10 7 12 1 1 1 18 12 1 1 11 7 12 1 1 1 8 1 8 1 8 1 10 7 12 1 1 1 11 12 1 1 7 1 8 1 8 1 10 12 1 100 1 8 1 10 12 1 8 1 11 100 12 1 1 1 100 1 10 12 1 1 11 12 1 8 1 18 8 1 10 12 1 10 12 1 1 18 8 1 10 12 1 100 1 10 12 1 10 12 1 11 7 12 1 1 10 12 1 1 8 1 8 1 10 12 1 1 10 12 1 1 10 10 12 1 100 1 10 10 12 1 10 12 1 1 10 7 12 1 1 10 12 1 10 12 1 10 12 1 1 10 7 12 1 1 10 12 1 10 12 1 10 7 12 1 1 1 10 12 1 8 1 10 12 1 10 12 1 3 100 1 8 1 10 12 1 10 12 1 10 10 12 1 10 12 1 1 8 1 8 1 8 1 9 12 1 10 12 1 100 1 8 1 9 12 1 10 12 1 10 12 1 1 10 12 1 1 10 12 1 10 12 10 12 1 7 1 10 12 1 10 12 1 1 100 1 10 100 12 1 1 1 7 1 10 7 12 1 1 1 10 12 1 1 11 7 12 1 1 10 7 12 1 1 10 100 12 1 1 1 10 12 1 1 9 12 1 10 12 1 1 10 12 1 10 12 1 1 9 7 12 1 1 1 10 7 12 1 1 1 10 12 1 10 12 1 1 9 12 1 10 10 10 10 7 12 1 1 1 10 12 1 9 12 1 10 12 1 1 9 12 1 100 1 100 1 1 1 1 1 1 1 1 1 1 1 1 1 1 1 1 1 1 1 1 1 1 1 1 1 1 1 1 1 1 1 1 1 1 100 1 1 1 1 1 1 1 1 100 1 1 1 1 1 1 1 1 1 1 1 1 100 1 1 1 1 1 1 1 1 1 1 1 1 1 1 1 1 1 1 1 1 1 1 1 1 1 1 1 1 1 1 1 1 1 1 1 1 1 1 1 1 1 100 1 1 1 1 1 1 1 1 1 1 1 1 1 1 1 1 1 1 1 1 1 100 1 100 1 1 15 10 7 12 1 1 1 16 15 16 1 16 1 15 10 12 16 1 100 1 1 100 1 100 1 1
ciInstanceKlass java/lang/reflect/Constructor 1 1 429 10 7 12 1 1 1 10 7 12 1 1 9 7 12 1 1 1 10 12 1 1 10 12 1 1 10 7 12 1 1 9 12 1 1 10 7 12 1 1 1 9 12 1 1 9 12 1 1 9 12 1 9 12 1 1 9 12 1 9 12 1 1 9 12 1 1 9 12 1 7 1 8 1 10 12 1 10 12 1 9 12 1 1 10 7 12 1 1 10 7 12 1 1 1 10 12 1 1 10 12 1 1 10 12 1 7 1 100 1 8 1 10 10 12 1 10 12 1 10 12 1 1 10 12 1 1 7 1 10 7 12 1 1 10 12 1 1 10 12 1 10 12 1 1 10 100 12 1 1 1 10 7 12 1 1 10 12 1 1 10 12 1 10 100 12 1 1 1 8 1 10 10 12 1 100 1 8 1 10 12 1 10 12 1 1 10 12 1 1 10 12 1 10 12 1 10 12 1 1 10 12 1 1 9 12 1 1 10 12 1 1 10 12 1 1 10 12 1 8 1 10 12 1 1 11 7 12 1 1 1 10 12 1 1 10 12 1 10 12 1 9 12 1 1 10 7 12 1 1 1 10 12 1 1 10 12 1 1 10 12 1 1 10 12 1 1 10 12 1 9 100 12 1 1 10 12 1 10 12 1 10 12 1 100 1 8 1 10 10 12 1 1 10 12 1 10 10 12 1 1 10 12 1 1 10 100 12 1 1 1 11 100 12 1 1 1 10 12 1 1 9 100 12 1 1 1 10 100 12 1 1 1 10 12 1 1 1 1 1 1 1 1 1 1 1 1 1 1 1 1 1 1 1 1 1 1 1 1 1 1 1 1 1 1 1 1 1 1 1 1 1 1 1 1 1 1 1 1 1 1 1 1 1 1 1 100 1 7 1 7 1 7 1 1 1 1 1 1 1 1 1 1 1 1 1 1 1 1 1 1 1 1 1 1 1 1 1 1 1 1 1 1 1 1 1 100 1 1
ciInstanceKlass java/lang/reflect/Method 1 1 446 9 7 12 1 1 1 10 7 12 1 1 1 10 7 12 1 1 9 12 1 1 10 12 1 1 10 12 1 1 10 7 12 1 1 10 7 12 1 1 1 9 12 1 1 9 12 1 9 12 1 1 9 12 1 9 12 1 9 12 1 1 9 12 1 9 12 1 1 9 12 1 9 12 1 9 12 1 1 7 1 8 1 10 12 1 10 12 1 9 12 1 1 8 1 10 7 12 1 1 10 7 12 1 1 1 10 12 1 1 10 12 1 1 10 12 1 10 12 1 1 10 12 1 1 7 1 10 12 1 1 10 12 10 7 12 1 1 10 12 1 1 10 12 1 10 12 1 10 12 1 10 7 12 1 1 1 10 12 1 1 10 7 1 10 7 12 1 1 1 10 7 12 1 1 10 12 1 1 10 12 1 1 10 12 1 10 7 12 1 1 1 10 12 1 10 8 1 10 12 1 10 12 1 7 1 8 1 8 1 8 1 10 12 1 10 12 1 1 10 12 1 1 10 10 12 1 1 10 12 1 11 100 1 9 12 1 1 10 12 1 1 10 12 1 10 12 1 1 10 12 1 1 11 7 12 1 1 1 10 12 1 10 12 1 10 12 1 10 12 1 10 12 1 9 12 1 1 10 7 12 1 1 1 10 12 1 1 10 7 12 1 1 1 10 7 12 1 1 1 10 7 12 1 1 1 11 7 12 1 1 1 10 7 12 1 1 1 7 1 100 1 100 1 10 12 1 10 12 1 1 10 12 1 100 1 8 1 10 12 1 10 10 12 1 1 10 12 1 1 10 12 1 1 10 12 1 1 8 1 10 12 1 1 1 1 1 1 1 1 1 1 1 1 1 1 1 1 1 1 1 1 1 1 1 1 1 1 1 1 1 1 1 1 1 1 1 1 1 1 1 1 1 1 1 1 1 1 1 1 1 1 1 1 1 100 1 7 1 7 1 1 1 1 1 1 1 1 1 1 1 1 1 1 1 1 1 1 1 1 1 1 1 1 1 1
ciInstanceKlass java/lang/reflect/Field 1 1 437 9 7 12 1 1 1 10 12 1 1 10 7 12 1 1 1 10 7 12 1 1 9 12 1 1 10 12 1 1 10 12 1 1 10 7 12 1 1 10 7 12 1 1 1 9 12 1 1 9 12 1 9 12 1 9 12 1 1 9 12 1 1 9 12 1 9 12 1 1 9 12 1 1 7 1 8 1 10 12 1 10 12 1 9 12 1 1 9 12 1 10 12 1 10 7 12 1 1 10 12 1 1 10 12 1 1 10 12 1 10 12 1 1 7 1 10 12 1 1 10 12 1 1 10 12 1 1 10 12 1 10 12 1 10 7 1 10 7 12 1 1 100 1 10 8 1 10 12 1 1 10 12 1 1 8 1 10 12 10 12 1 8 1 8 1 10 11 100 1 9 12 1 10 12 1 1 10 12 1 1 11 7 12 1 1 1 11 12 1 1 11 12 1 1 11 12 1 1 11 12 1 1 11 12 1 1 11 12 1 1 11 12 1 1 11 12 1 1 11 12 1 1 11 12 1 1 11 12 1 1 11 12 1 1 11 12 1 1 11 12 1 1 11 12 1 1 11 12 1 1 11 12 1 1 10 12 1 10 100 12 1 1 10 12 1 10 12 1 1 10 12 9 12 1 1 10 7 12 1 1 1 10 12 1 1 10 7 12 1 1 10 12 1 1 11 7 1 10 12 1 7 1 10 100 12 1 1 1 10 7 12 1 1 1 9 12 1 10 7 12 1 1 1 11 7 12 1 1 1 10 12 1 1 10 12 1 1 9 100 12 1 1 1 10 100 12 1 1 1 10 12 1 1 100 1 1 1 1 1 1 1 1 1 1 1 1 1 1 1 1 1 1 1 1 1 1 1 1 1 1 1 1 1 1 1 1 1 1 1 7 1 1 1 1 1 1 1 1 1 1 1 1 1 1 1 1 1 1 1 1 1 1 1 1 1 1 1 1 1 1 1 1 1 1 100 1 1 1 1 1 1 1 1 100 1 1
ciInstanceKlass java/lang/reflect/Parameter 1 1 226 10 7 12 1 1 1 9 7 12 1 1 1 9 12 1 1 9 12 1 1 9 12 1 10 12 1 1 10 12 1 1 10 7 12 1 1 1 100 1 10 10 12 1 1 11 100 12 1 1 1 10 12 1 10 100 12 1 1 1 10 12 1 1 10 12 1 10 12 1 8 1 8 1 10 7 12 1 1 1 10 12 1 10 12 10 12 1 8 1 10 12 1 9 12 1 1 10 12 1 1 9 12 1 1 10 12 1 1 10 12 1 1 10 12 1 1 10 12 1 10 10 12 1 10 7 12 1 1 1 10 12 1 1 11 7 12 1 1 10 7 12 1 1 7 1 10 100 12 1 1 1 10 12 1 1 10 12 1 1 10 12 1 1 10 12 1 1 9 12 1 7 1 10 11 12 1 1 11 12 1 1 100 1 1 1 1 1 1 1 1 1 1 1 1 1 1 1 1 1 1 1 1 1 1 1 1 1 1 1 1 1 1 1 1 1 1 1 1 1 1 100 1 1 1 1
ciInstanceKlass java/lang/StringBuffer 1 1 470 10 7 12 1 1 1 10 12 1 10 12 1 10 12 1 1 9 7 12 1 1 1 10 12 1 1 10 12 1 10 12 1 1 9 12 1 1 10 12 1 10 12 1 1 10 12 1 1 10 12 1 10 12 1 1 10 12 1 10 12 1 1 10 12 1 1 10 100 12 1 1 1 10 12 1 1 10 12 1 10 12 1 10 12 1 10 12 1 10 12 1 10 12 1 10 12 1 10 12 1 10 12 1 10 12 1 10 12 1 10 12 1 10 12 1 10 12 1 1 10 12 1 10 12 1 1 10 12 1 1 10 10 12 1 1 10 12 1 10 12 1 10 12 1 10 12 1 10 12 1 10 12 1 10 12 10 12 1 10 12 1 10 12 1 10 12 1 1 10 12 1 10 12 1 10 10 12 1 1 10 12 1 1 9 12 1 1 10 7 12 1 1 1 10 100 1 10 10 100 12 1 1 1 10 10 12 1 10 8 10 100 12 1 1 1 8 10 12 1 8 1 10 12 1 10 12 1 10 100 12 1 1 1 10 100 12 1 1 1 7 1 10 12 100 1 8 1 10 10 12 1 1 10 12 1 1 10 12 1 1 10 12 1 10 12 1 10 12 1 10 12 1 10 12 1 10 12 1 10 12 1 10 12 1 10 12 1 10 12 1 10 12 1 10 12 1 10 12 1 10 12 1 10 12 1 10 12 1 10 12 10 12 10 12 1 10 12 1 10 12 1 10 12 10 12 1 10 12 1 10 12 1 10 12 1 10 12 1 10 12 1 10 12 1 10 12 1 10 12 1 10 12 1 10 12 1 7 1 10 12 1 9 7 12 1 1 1 9 7 1 9 12 1 1 100 1 100 1 100 1 1 1 1 5 0 1 1 1 1 1 1 1 1 1 1 1 1 1 1 1 1 1 1 1 1 1 1 1 1 1 1 1 1 1 1 1 1 1 1 1 1 1 1 1 1 1 1 1 1 1 1 1 1 1 1 1 1 1 1 1 1 1 1 1 1 100 1 1 1 1 1 100 1 1 1 1 1 1 1 1 1 1 1 1 1 1 1 1 1
staticfield java/lang/StringBuffer serialPersistentFields [Ljava/io/ObjectStreamField; 3 [Ljava/io/ObjectStreamField;
instanceKlass java/lang/StringBuilder
instanceKlass java/lang/StringBuffer
ciInstanceKlass java/lang/AbstractStringBuilder 1 1 547 7 1 7 1 10 7 12 1 1 1 9 7 12 1 1 1 9 12 1 9 12 1 1 9 12 1 1 10 7 12 1 1 1 10 12 1 1 3 3 10 12 1 10 12 1 1 11 7 1 100 1 100 1 10 8 1 10 12 1 10 12 1 10 12 1 1 10 12 1 10 12 1 10 12 1 9 12 1 1 10 12 1 1 10 7 12 1 1 1 10 10 12 1 10 12 1 10 12 1 1 10 12 1 1 10 7 12 1 1 1 10 7 12 1 1 1 100 1 8 1 10 10 12 1 1 100 1 10 12 10 12 1 1 10 10 12 1 1 10 12 1 1 10 12 1 1 10 12 1 1 100 1 10 10 12 1 10 100 12 1 1 1 10 12 1 1 10 12 1 10 12 1 1 10 10 12 1 1 10 12 10 12 1 10 12 1 1 10 12 1 1 10 12 1 1 10 12 1 10 10 12 1 1 10 12 1 10 12 1 1 8 1 10 12 1 1 10 12 1 10 12 1 10 12 1 10 12 1 10 12 1 10 12 1 10 7 12 1 1 10 12 1 10 12 1 10 7 12 1 1 1 10 12 1 10 12 1 10 12 1 10 12 1 10 12 1 1 10 12 1 10 12 1 1 10 12 1 1 10 10 7 12 1 1 1 10 12 1 10 12 1 10 12 1 1 10 12 1 10 12 1 10 12 1 10 12 1 10 12 1 10 12 1 10 12 1 10 12 1 10 12 1 1 10 12 1 10 12 1 10 12 10 12 1 1 18 12 1 1 100 1 10 100 12 1 1 1 18 10 12 1 1 10 12 1 10 12 1 1 11 12 1 10 12 1 10 12 1 10 10 12 1 10 8 1 8 1 8 1 10 10 100 1 10 12 1 100 1 10 100 1 10 100 1 1 1 3 1 1 1 1 1 1 1 1 1 1 100 1 1 1 1 1 1 1 1 1 1 1 1 1 1 1 1 1 1 1 1 1 1 1 1 1 1 1 1 1 1 1 1 1 1 1 1 1 1 1 1 1 1 1 1 1 1 1 1 1 1 1 1 1 1 1 1 1 1 1 1 1 1 1 1 1 1 1 1 1 1 1 1 1 1 1 1 1 1 1 1 1 1 1 1 1 1 1 1 1 1 1 1 1 1 1 1 1 100 1 1 100 1 1 1 1 1 100 1 1 1 1 1 1 15 10 100 12 1 1 1 16 1 15 10 12 16 15 10 12 1 1 1 1 100 1 100 1 1
staticfield java/lang/AbstractStringBuilder EMPTYVALUE [B 0
ciInstanceKlass java/lang/SecurityManager 1 1 576 10 7 12 1 1 1 9 7 12 1 1 1 10 100 12 1 1 1 100 1 8 1 10 12 1 10 12 1 1 10 100 12 1 1 1 10 100 1 10 100 1 10 9 100 12 1 1 1 10 7 12 1 1 1 10 12 1 1 10 7 12 1 1 100 1 8 1 10 9 12 1 1 9 12 1 8 1 9 12 1 100 1 10 8 1 10 12 1 1 10 12 1 10 12 1 1 100 1 10 10 12 1 1 100 1 8 1 10 12 1 8 1 8 1 8 1 8 1 8 1 8 1 10 12 1 8 1 8 1 8 1 8 1 8 1 10 100 12 1 1 1 10 12 1 1 8 1 100 1 8 1 10 8 1 8 1 8 1 8 1 8 1 10 100 12 1 1 8 1 100 1 8 1 8 1 10 8 1 10 12 1 100 1 8 1 10 10 12 1 1 10 12 1 10 12 1 10 12 1 10 7 12 1 1 1 10 12 1 10 7 12 1 1 11 7 12 1 1 1 18 12 1 1 11 7 12 1 1 1 18 12 1 1 11 12 1 1 18 18 11 12 1 18 12 1 11 12 1 1 9 12 1 1 9 12 1 9 12 1 9 12 1 7 1 10 7 12 1 1 10 12 1 10 12 1 18 12 1 18 10 7 12 1 1 1 18 12 1 10 12 1 18 18 8 1 10 12 1 9 12 1 1 11 7 12 1 1 1 8 1 100 1 10 12 1 10 12 1 1 10 12 1 1 9 12 1 1 10 12 1 10 12 1 1 8 1 100 1 10 9 12 1 8 1 10 12 1 8 1 100 1 10 10 7 12 1 1 10 7 1 9 7 12 1 1 1 11 12 1 1 10 12 1 11 12 1 10 12 1 7 1 10 10 12 1 1 10 12 1 1 1 1 1 1 1 1 1 1 1 100 1 1 1 1 1 1 1 1 1 1 1 1 1 1 1 1 1 1 1 1 1 1 1 1 1 1 1 1 1 1 1 1 1 1 1 1 1 1 1 1 1 1 1 1 1 1 1 1 1 1 1 1 1 1 1 1 3 1 1 1 1 1 1 1 1 1 1 100 1 1 1 1 1 1 1 1 1 1 1 1 1 1 1 1 1 1 1 1 1 1 1 1 1 1 1 1 1 1 1 1 1 1 1 1 1 1 15 10 7 12 1 1 1 16 15 10 7 12 1 1 1 16 1 16 15 10 12 16 1 15 10 12 16 15 11 7 1 16 1 16 1 15 10 12 16 15 10 12 16 15 10 12 1 16 1 15 11 12 1 15 10 12 16 15 10 16 1 1 1 1 100 1 100 1 1
staticfield java/lang/SecurityManager packageAccessLock Ljava/lang/Object; java/lang/Object
staticfield java/lang/SecurityManager packageDefinitionLock Ljava/lang/Object; java/lang/Object
staticfield java/lang/SecurityManager nonExportedPkgs Ljava/util/Map; java/util/concurrent/ConcurrentHashMap
ciInstanceKlass java/security/AccessControlContext 1 1 373 9 7 12 1 1 1 9 12 1 1 10 100 12 1 1 1 8 1 10 100 12 1 1 1 10 7 12 1 1 1 9 12 1 9 12 1 1 9 12 1 1 10 7 12 1 1 100 1 10 12 1 11 100 12 1 1 1 11 12 1 11 12 1 11 12 1 1 7 1 11 12 1 1 10 12 1 10 7 12 1 1 1 9 100 12 1 1 1 10 100 12 1 1 1 11 100 12 1 1 1 10 7 1 100 1 8 1 10 12 1 10 12 1 1 7 1 10 7 12 1 1 1 9 12 1 9 12 1 9 12 1 9 12 1 1 9 12 1 1 9 12 1 9 12 1 10 7 12 1 1 1 9 12 1 10 12 1 1 10 12 1 1 8 1 10 12 1 1 10 12 1 1 10 100 12 1 1 1 100 1 10 10 12 1 1 10 100 12 1 1 1 10 8 1 10 100 12 1 1 8 1 10 100 12 1 1 8 1 8 1 10 12 1 8 1 10 12 1 8 1 10 12 1 10 12 1 10 12 1 1 8 1 8 1 100 1 10 12 1 10 12 1 1 100 1 10 12 1 8 1 10 12 1 10 12 1 10 8 1 10 12 1 1 10 12 1 1 10 12 1 1 10 12 1 1 10 12 1 10 12 1 10 12 1 10 12 1 1 10 10 10 12 1 1 1 1 1 1 1 1 1 1 1 1 1 1 1 1 1 1 1 1 1 1 1 1 100 1 1 1 1 1 1 1 1 1 1 1 1 1 1 1 1 1 1 1 1 1 1 1 1 1 1 1 1 1 1 1 1 1 1 1 1 1 1 1 1 1 1 1 1 1 1 1 1 1 1 1 1 3 1 1
ciInstanceKlass java/net/URL 1 1 743 10 7 12 1 1 1 10 12 1 10 7 12 1 1 9 12 1 1 9 12 1 10 100 12 1 1 1 10 12 1 1 10 12 1 1 9 12 1 1 10 7 12 1 1 1 8 1 10 12 1 1 100 1 10 10 12 1 1 8 1 10 12 1 1 9 12 1 100 1 8 1 10 12 1 10 12 1 8 1 9 12 1 10 12 1 1 9 12 1 10 12 1 10 12 1 9 12 1 9 12 1 8 1 9 12 1 10 12 1 1 8 1 9 12 1 1 10 12 1 1 10 7 12 1 1 1 8 1 10 12 1 7 1 10 12 1 10 12 1 10 12 1 10 12 1 1 10 12 1 1 8 1 10 12 1 1 10 12 1 8 1 9 12 1 8 1 10 12 1 10 7 12 1 1 1 100 1 10 12 1 10 12 1 1 10 7 12 1 1 1 100 1 8 1 10 10 12 1 8 1 10 12 1 1 10 12 1 10 12 1 10 12 1 10 12 1 10 12 1 8 1 10 12 1 10 10 7 12 1 1 1 10 12 1 9 100 12 1 1 1 10 100 12 1 1 1 9 12 1 1 10 12 1 10 100 12 1 1 1 100 1 100 1 10 12 1 10 12 1 10 12 1 10 12 1 10 12 1 10 12 10 10 10 12 1 100 1 10 12 1 10 12 1 1 8 1 9 100 12 1 1 1 10 100 12 1 1 1 10 12 1 1 9 100 12 1 1 1 10 12 1 1 100 1 10 12 1 10 12 1 10 10 12 1 1 10 12 1 1 10 12 1 10 12 1 10 12 1 10 7 12 1 1 1 10 12 1 1 10 12 1 9 12 1 1 9 12 1 1 100 1 8 1 10 10 12 1 9 12 1 1 10 7 12 1 1 8 1 10 7 12 1 1 8 1 10 12 1 1 10 12 1 8 1 8 1 10 7 12 1 1 1 100 1 10 100 12 1 1 1 10 12 1 10 12 1 100 1 10 9 12 1 1 10 7 12 1 1 8 1 10 12 1 1 100 1 10 10 100 12 1 1 1 8 9 100 12 1 1 1 10 12 1 10 12 1 10 12 1 10 12 1 10 7 12 1 1 11 7 12 1 1 10 12 1 10 12 1 9 12 1 10 12 1 1 10 100 12 1 1 10 100 12 1 1 1 8 10 100 12 1 1 100 1 10 8 8 10 12 1 8 8 8 100 1 10 12 1 9 12 1 1 10 12 1 10 12 1 1 10 12 1 10 12 10 12 1 1 10 12 1 1 10 10 10 12 1 10 12 1 10 12 1 10 12 1 10 12 1 10 10 12 1 100 1 8 1 10 10 10 12 1 1 10 12 1 10 12 1 1 8 1 7 1 10 10 10 7 1 10 12 1 9 7 12 1 1 1 9 12 1 1 7 1 10 10 7 12 1 1 1 100 1 1 1 1 1 5 0 1 1 1 1 1 1 1 1 1 1 1 1 1 1 1 1 1 1 1 1 1 1 1 1 1 1 1 1 1 1 1 1 1 1 1 1 1 1 1 100 1 1 1 1 1 1 1 1 1 1 1 1 1 1 1 1 1 1 1 1 1 1 1 1 1 1 1 1 1 1 1 1 1 1 1 1 1 100 1 1 1 1 1 1 1 1 1 1 1 1 1 1 1 1 100 1 1 1 1 1 1 1 1 1 1 1 1 1 1 1 1 1 1
staticfield java/net/URL defaultFactory Ljava/net/URLStreamHandlerFactory; java/net/URL$DefaultFactory
staticfield java/net/URL streamHandlerLock Ljava/lang/Object; java/lang/Object
staticfield java/net/URL serialPersistentFields [Ljava/io/ObjectStreamField; 7 [Ljava/io/ObjectStreamField;
ciInstanceKlass java/util/jar/Manifest 1 1 336 10 7 12 1 1 1 7 1 10 9 7 12 1 1 1 7 1 10 9 12 1 1 9 12 1 1 10 12 1 10 12 1 1 10 12 1 1 10 12 1 1 10 12 1 1 11 7 1 11 12 1 1 10 12 1 1 10 100 12 1 1 1 100 1 100 1 10 8 1 10 12 1 1 10 12 1 1 10 12 1 10 12 1 11 100 1 10 12 1 10 12 1 1 11 12 1 1 10 12 1 11 12 1 1 11 100 12 1 1 1 11 100 12 1 1 11 12 1 1 100 1 10 12 1 8 1 11 12 1 7 1 10 12 1 1 11 12 1 10 12 1 10 12 1 10 100 12 1 1 1 8 1 10 12 1 1 10 9 7 12 1 1 1 10 12 1 1 10 100 12 1 10 12 1 10 12 1 9 100 12 1 1 1 8 1 10 12 1 8 1 8 1 7 1 10 12 1 10 12 1 10 12 1 1 100 1 8 1 10 12 1 1 8 1 10 10 12 1 1 8 1 10 12 1 1 10 7 12 1 1 1 10 12 1 10 11 12 1 1 10 12 1 10 7 12 1 1 1 10 12 1 1 10 12 1 1 11 10 12 1 11 10 12 1 100 1 1 1 1 1 1 1 1 1 1 1 1 1 1 1 1 1 1 1 1 1 1 1 1 1 1 1 1 1 1 1 1 1 1 1 1 1 1 1 1 1 1 1 100 1 1 1 1 1 1 1 1 1 1 1 1 1 1 100 1 1 1 1 1 1 1 1 1 1 1
ciInstanceKlass java/util/Objects 1 1 151 10 7 12 1 1 1 100 1 8 1 10 12 1 10 12 1 1 10 7 12 1 1 1 10 12 1 1 10 12 1 10 100 12 1 1 1 10 12 1 1 11 100 12 1 1 1 100 1 10 10 12 1 8 1 10 7 12 1 1 1 8 1 100 1 11 12 1 1 8 1 10 7 12 1 1 1 10 12 1 1 10 12 1 10 12 1 10 12 1 10 12 1 1 1 1 1 1 1 1 1 1 1 1 1 1 1 1 1 1 1 1 1 1 1 1 1 1 1 1 1 1 1 1 1 1 1 1 1 1 1 1 1 1 1 1 1 1 1 1 1 1 1 1 1 1 1 1 1 1 1
instanceKlass com/google/common/collect/HashBiMap
instanceKlass com/google/gson/internal/LinkedTreeMap
instanceKlass com/google/common/collect/CompactHashMap
instanceKlass java/util/Collections$SingletonMap
instanceKlass com/google/gson/internal/LinkedTreeMap
instanceKlass kotlin/reflect/jvm/internal/impl/protobuf/SmallSortedMap
instanceKlass com/google/common/collect/HashBiMap
instanceKlass com/google/common/collect/CompactHashMap
instanceKlass com/google/common/collect/HashBiMap$Inverse
instanceKlass com/google/common/collect/HashBiMap
instanceKlass com/google/common/collect/Maps$ViewCachingAbstractMap
instanceKlass com/google/common/collect/CompactHashMap
instanceKlass com/google/gson/internal/LinkedTreeMap
instanceKlass java/util/TreeMap
instanceKlass java/util/concurrent/ConcurrentSkipListMap
instanceKlass java/util/EnumMap
instanceKlass java/util/IdentityHashMap
instanceKlass java/util/WeakHashMap
instanceKlass java/util/Collections$EmptyMap
instanceKlass sun/util/PreHashedMap
instanceKlass java/util/HashMap
instanceKlass java/util/ImmutableCollections$AbstractImmutableMap
instanceKlass java/util/concurrent/ConcurrentHashMap
ciInstanceKlass java/util/AbstractMap 1 1 192 10 7 12 1 1 1 10 7 12 1 1 1 11 7 12 1 1 1 10 11 12 1 1 11 7 12 1 1 1 11 12 1 1 7 1 11 12 1 10 12 1 1 11 12 1 100 1 10 11 12 1 11 7 1 10 12 1 1 11 12 1 9 12 1 1 7 1 10 12 1 9 12 1 1 100 1 10 11 11 12 1 1 11 12 1 100 1 100 1 11 12 1 8 1 100 1 10 10 12 1 1 8 1 10 12 1 10 12 1 1 10 12 1 1 1 1 1 1 1 1 1 1 1 1 1 1 1 1 1 1 1 1 1 1 1 1 1 1 1 1 1 1 1 1 1 1 1 1 1 1 1 1 100 1 1 1 1 1 1 1 1 1 1 1 1 1 1 1 1 100 1 1 1 1 1 1 1 1 1 100 1 100 1 100 1 100 1 1 1 1 1
ciInstanceKlass java/util/List 1 1 251 10 100 12 1 1 1 11 100 12 1 1 1 11 100 12 1 1 1 11 12 1 1 11 100 12 1 1 11 12 1 1 11 12 1 1 10 100 12 1 1 1 100 1 100 1 10 12 1 1 100 1 10 100 12 1 1 1 9 7 12 1 1 1 7 1 10 12 10 12 1 100 1 10 12 1 1 10 12 1 10 12 1 1 100 1 1 1 1 1 1 1 1 1 1 1 1 1 1 1 1 1 1 1 1 1 1 1 1 1 1 1 1 1 1 1 1 1 1 1 1 1 1 1 1 1 1 1 1 1 1 1 1 1 1 100 1 100 1 1 1 1 1 1 1 1 1 1 1 1 1 1 1 1 1 1 1 1 1 1 1 1 1 1 1 1 1 1 1 1 1 1 1 1 1 1 1 1 1 1 1 1 1 1 1 1 1 1 1 1 1 1 1 1 1 1 1 1 1 1 1 1 1 1 1 1 1 1 1 1 100 1 1 100 1 1 1 1 1 12 10 1 100 5 0 1 100 1 12 10 1 12 10 8 1 100 1 1 12 10 1 1 12 10 1 100 1 12 11 8 8
instanceKlass android/net/Uri$PathSegments
instanceKlass com/google/common/collect/Lists$OnePlusArrayList
instanceKlass kotlin/reflect/jvm/internal/impl/protobuf/UnmodifiableLazyStringList
instanceKlass kotlin/reflect/jvm/internal/impl/protobuf/LazyStringArrayList
instanceKlass net/bytebuddy/description/method/ParameterDescription$Token$TypeList
instanceKlass kotlin/reflect/jvm/internal/impl/utils/SmartList
instanceKlass net/bytebuddy/matcher/FilterableList$Empty
instanceKlass net/bytebuddy/matcher/FilterableList$AbstractBase
instanceKlass kotlin/collections/AbstractMutableList
instanceKlass com/google/common/collect/Lists$OnePlusArrayList
instanceKlass android/net/Uri$PathSegments
instanceKlass java/util/AbstractList$SubList
instanceKlass java/util/Collections$CopiesList
instanceKlass sun/security/jca/ProviderList$ServiceList
instanceKlass sun/security/jca/ProviderList$3
instanceKlass java/util/AbstractSequentialList
instanceKlass java/util/Collections$SingletonList
instanceKlass java/util/Vector
instanceKlass java/util/Arrays$ArrayList
instanceKlass java/util/ArrayList$SubList
instanceKlass java/util/Collections$EmptyList
instanceKlass java/util/ArrayList
ciInstanceKlass java/util/AbstractList 1 1 218 10 7 12 1 1 1 9 7 12 1 1 1 10 12 1 1 10 12 1 1 100 1 10 10 12 1 1 11 7 12 1 1 1 11 12 1 1 11 12 1 10 7 12 1 1 1 10 12 1 11 12 1 11 12 1 11 12 1 10 12 1 1 10 12 1 1 11 100 12 1 1 1 11 7 1 11 7 1 10 12 1 7 1 10 12 1 10 12 1 1 7 1 7 1 10 12 1 7 1 10 100 1 100 1 10 8 1 10 12 1 1 10 12 1 10 12 1 1 10 12 1 8 1 100 1 8 1 8 1 8 1 10 7 1 11 10 10 12 1 11 12 1 10 12 1 1 8 1 8 1 1 1 1 1 1 1 1 1 1 1 1 1 1 1 1 1 1 1 1 1 1 1 1 1 1 1 1 1 1 1 1 1 1 1 1 1 1 1 1 1 1 1 1 1 1 1 1 1 1 1 1 1 1 1 1 1 1 100 1 100 1 1 1 1 1 1 1
ciMethod java/util/Objects requireNonNull (Ljava/lang/Object;)Ljava/lang/Object; 834 0 418684 0 -1
ciInstanceKlass java/lang/AssertionStatusDirectives 0 0 24 10 100 12 1 1 1 100 1 1 1 1 1 1 1 1 1 1 1 1 1 1 1 1
ciInstanceKlass java/lang/invoke/MethodHandleNatives$CallSiteContext 1 1 49 10 7 12 1 1 1 7 1 10 10 7 12 1 1 1 10 7 12 1 1 1 10 7 12 1 1 1 100 1 1 1 1 1 1 1 1 1 1 1 1 1 1 1 1 1 100 1 1
ciInstanceKlass jdk/internal/invoke/NativeEntryPoint 0 0 92 10 100 12 1 1 1 9 100 12 1 1 1 10 100 12 1 1 1 100 1 9 12 1 9 12 1 9 12 1 1 9 12 1 1 9 12 1 1 100 1 8 1 10 12 1 11 100 12 1 1 1 10 12 1 1 10 12 1 11 100 12 1 1 11 12 1 10 12 1 1 10 12 1 1 1 1 1 1 1 1 1 1 1 1 1 1 1 1 1 1 1
instanceKlass java/lang/invoke/VolatileCallSite
instanceKlass java/lang/invoke/MutableCallSite
instanceKlass java/lang/invoke/ConstantCallSite
ciInstanceKlass java/lang/invoke/CallSite 1 1 302 10 7 12 1 1 1 10 7 12 1 1 1 9 7 12 1 1 1 10 12 1 1 9 12 1 1 10 7 12 1 1 1 10 12 1 100 1 10 12 1 1 10 12 1 1 9 100 12 1 1 1 10 100 12 1 1 10 12 1 1 100 1 100 1 10 10 100 12 1 1 1 10 12 1 1 8 1 10 12 1 10 12 1 1 10 12 1 10 12 1 1 10 12 1 1 10 10 7 12 1 1 10 12 1 1 9 12 1 9 7 12 1 1 1 8 1 10 7 12 1 1 1 10 12 1 1 100 1 10 12 1 1 9 12 1 8 1 7 1 10 12 1 10 12 1 100 1 8 1 10 10 12 1 10 12 1 1 7 1 10 12 1 1 10 12 1 10 12 1 10 12 1 1 10 12 1 1 9 12 1 1 8 10 12 1 1 9 12 1 1 100 1 10 10 12 1 10 7 12 1 1 1 10 12 1 1 10 12 1 1 10 12 1 10 7 12 1 1 1 100 1 8 1 10 10 12 10 12 1 1 100 1 100 1 100 1 8 1 10 12 1 10 7 12 1 1 1 1 1 1 1 1 1 1 1 1 1 1 1 1 1 1 1 1 1 1 1 1 1 1 1 1 1 1 1 1 1 1 1 1 1 1 1 1 1 1 1 1 1 1 1 1 1 1 1 1 1 1 1 1 1
staticfield java/lang/invoke/CallSite $assertionsDisabled Z 1
ciInstanceKlass java/lang/invoke/VolatileCallSite 0 0 37 10 100 12 1 1 1 10 12 1 10 100 12 1 1 1 10 12 1 10 12 1 1 1 1 1 1 1 1 1 1 1 1 1 1 1 1
ciInstanceKlass java/lang/invoke/MethodType 1 1 771 7 1 10 7 12 1 1 1 9 12 1 1 9 12 1 1 9 12 1 1 10 7 12 1 1 1 9 7 12 1 1 8 1 10 100 12 1 1 1 9 7 1 9 7 1 10 12 1 1 100 1 10 8 1 10 12 1 1 10 12 1 10 12 1 1 100 1 8 1 10 12 1 100 1 10 10 12 1 10 12 1 1 10 12 1 1 11 7 12 1 1 1 9 12 1 11 12 1 1 7 7 1 10 7 12 1 1 1 10 12 1 9 12 1 1 10 7 12 1 1 10 12 1 1 10 7 12 1 1 1 10 7 12 1 1 1 10 12 1 9 12 1 1 10 12 1 1 7 1 10 12 1 1 10 12 1 1 10 12 1 1 10 12 1 1 10 12 1 1 10 12 1 10 12 1 10 12 1 1 10 12 1 8 1 8 1 10 12 1 1 9 12 1 1 100 1 10 10 12 1 1 10 12 1 10 12 1 1 10 12 1 1 10 12 1 10 12 1 1 10 12 1 8 1 10 12 1 1 10 7 12 1 1 1 10 12 1 10 12 1 1 10 12 1 10 12 1 10 12 1 1 10 12 1 10 12 1 9 12 1 10 12 1 10 10 12 1 1 10 12 1 9 12 1 1 10 12 1 1 10 12 1 1 10 12 1 1 10 12 1 1 7 1 10 12 10 12 1 10 12 1 100 1 8 1 8 1 8 1 10 12 1 10 12 1 10 12 1 10 11 12 1 1 11 12 1 10 100 12 1 1 1 9 12 1 10 12 1 10 12 1 1 10 12 1 1 10 12 1 10 12 1 10 100 12 1 1 1 10 12 1 1 10 12 1 10 12 1 10 12 1 10 9 12 1 1 7 1 10 12 1 10 12 1 1 9 100 12 1 1 1 10 100 12 1 1 1 10 100 12 1 1 1 10 12 1 1 10 100 12 1 1 1 10 12 1 1 8 1 10 7 12 1 1 1 11 12 1 1 9 12 1 1 10 12 1 1 10 12 1 10 12 1 1 10 12 1 1 10 100 12 1 1 100 1 10 12 1 1 11 100 12 1 1 1 18 12 1 1 11 12 1 1 18 12 1 11 12 1 100 1 11 100 12 1 1 10 12 1 100 1 10 12 1 10 100 12 1 1 10 12 1 1 9 12 1 1 9 100 12 1 1 1 10 100 12 1 1 1 9 12 1 10 100 12 1 1 10 12 1 100 10 12 1 1 10 12 1 10 7 1 7 1 9 12 1 1 100 1 100 1 100 1 1 1 5 0 1 1 1 1 1 1 1 3 1 3 1 3 1 1 1 1 1 1 1 1 1 1 1 1 1 1 1 1 1 1 1 1 1 1 1 1 1 1 1 1 1 1 1 1 1 1 1 1 1 1 1 1 1 1 1 1 1 1 1 1 1 1 1 1 1 1 1 1 1 1 1 1 1 1 1 1 1 1 1 1 1 1 1 1 1 1 1 1 1 1 1 1 1 1 1 1 1 1 1 1 1 1 1 1 1 1 1 1 1 1 1 1 1 1 1 1 1 1 1 1 1 1 1 1 1 1 1 1 1 1 1 1 1 1 1 1 1 1 1 7 1 7 1 1 1 1 1 1 1 1 1 1 1 1 1 100 1 1 1 100 1 1 1 1 1 1 1 1 1 1 1 1 1 1 1 1 1 1 1 1 1 15 10 100 12 1 1 1 16 15 10 12 16 16 15 10 12 16 1 1 1 1 100 1 1 100 1 1 100 1 100 1 1
staticfield java/lang/invoke/MethodType internTable Ljava/lang/invoke/MethodType$ConcurrentWeakInternSet; java/lang/invoke/MethodType$ConcurrentWeakInternSet
staticfield java/lang/invoke/MethodType NO_PTYPES [Ljava/lang/Class; 0 [Ljava/lang/Class;
staticfield java/lang/invoke/MethodType objectOnlyTypes [Ljava/lang/invoke/MethodType; 20 [Ljava/lang/invoke/MethodType;
staticfield java/lang/invoke/MethodType METHOD_HANDLE_ARRAY [Ljava/lang/Class; 1 [Ljava/lang/Class;
staticfield java/lang/invoke/MethodType serialPersistentFields [Ljava/io/ObjectStreamField; 0 [Ljava/io/ObjectStreamField;
staticfield java/lang/invoke/MethodType $assertionsDisabled Z 1
ciInstanceKlass java/lang/BootstrapMethodError 0 0 45 10 100 12 1 1 1 10 12 1 10 12 1 10 100 12 1 1 1 10 100 12 1 1 1 1 1 1 5 0 1 1 1 1 1 1 1 1 1 1 1 100 1 1 1
instanceKlass sun/security/pkcs/SignerInfo$AlgorithmInfo
instanceKlass jdk/net/UnixDomainPrincipal
ciInstanceKlass java/lang/Record 1 1 22 10 7 12 1 1 1 100 1 1 1 1 1 1 1 1 1 1 1 1 1 1
ciInstanceKlass java/lang/ClassNotFoundException 1 1 96 7 1 10 7 12 1 1 1 10 12 1 10 12 1 1 10 100 12 1 1 1 8 1 10 100 12 1 1 1 10 7 12 1 1 10 100 12 1 1 1 10 100 12 1 1 1 10 12 1 1 7 1 10 12 1 9 12 1 1 1 1 1 5 0 1 1 1 1 1 1 1 1 1 1 1 1 1 1 1 1 1 1 100 1 1 1 1 1 1 1 1 1 1 1 1
staticfield java/lang/ClassNotFoundException serialPersistentFields [Ljava/io/ObjectStreamField; 1 [Ljava/io/ObjectStreamField;
ciInstanceKlass jdk/internal/loader/ClassLoaders$AppClassLoader 1 1 119 8 1 10 7 12 1 1 1 10 7 12 1 1 1 10 100 12 1 1 1 10 12 1 1 10 100 12 1 1 1 10 12 1 1 10 12 1 1 7 1 8 1 10 12 10 7 12 1 1 1 10 7 12 1 1 10 12 1 1 10 12 1 1 10 7 12 1 1 1 100 1 10 12 1 1 1 1 1 1 1 1 1 1 1 1 1 1 1 1 1 1 1 1 1 100 1 1 1 1 1 1 1 1 1 1 1 1 1 1 1 1 1 1 1 100 1 1 1
ciInstanceKlass jdk/internal/loader/ClassLoaders$PlatformClassLoader 1 1 42 8 1 10 7 12 1 1 1 10 7 12 1 1 1 100 1 10 12 1 100 1 1 1 1 1 1 1 1 1 1 1 1 1 1 100 1 1 1 100 1 1
ciInstanceKlass java/lang/ArithmeticException 1 1 26 10 100 12 1 1 1 10 12 1 100 1 1 1 1 5 0 1 1 1 1 1 1 1 1 1
instanceKlass kotlin/KotlinNullPointerException
ciInstanceKlass java/lang/NullPointerException 1 1 52 10 100 12 1 1 1 10 12 1 9 100 12 1 1 1 10 12 1 1 9 12 1 1 10 12 1 1 10 12 1 1 1 1 5 0 1 1 1 1 1 1 1 1 100 1 100 1 100 1 1 1
ciInstanceKlass java/lang/IllegalMonitorStateException 1 1 26 10 100 12 1 1 1 10 12 1 100 1 1 1 1 5 0 1 1 1 1 1 1 1 1 1
ciInstanceKlass java/lang/OutOfMemoryError 1 1 26 10 100 12 1 1 1 10 12 1 100 1 1 1 1 5 0 1 1 1 1 1 1 1 1 1
ciInstanceKlass java/lang/InternalError 0 0 34 10 100 12 1 1 1 10 12 1 10 12 1 10 12 1 100 1 1 1 1 5 0 1 1 1 1 1 1 1 1 1 1 1
instanceKlass com/google/common/collect/Ordering$IncomparableValueException
instanceKlass kotlin/TypeCastException
instanceKlass com/google/common/collect/Ordering$IncomparableValueException
ciInstanceKlass java/lang/ClassCastException 1 1 26 10 100 12 1 1 1 10 12 1 100 1 1 1 1 5 0 1 1 1 1 1 1 1 1 1
ciInstanceKlass java/lang/NoClassDefFoundError 1 1 26 10 7 12 1 1 1 10 12 1 100 1 1 1 1 5 0 1 1 1 1 1 1 1 1 1
instanceKlass java/nio/IntBuffer
instanceKlass java/nio/LongBuffer
instanceKlass java/nio/CharBuffer
instanceKlass java/nio/ByteBuffer
ciInstanceKlass java/nio/Buffer 1 1 224 100 1 10 7 12 1 1 1 9 7 12 1 1 1 9 12 1 9 12 1 1 9 12 1 9 12 1 1 10 12 1 1 10 12 1 1 10 12 100 1 100 1 10 8 1 10 12 1 1 10 12 1 8 1 8 1 10 12 1 1 10 12 1 8 1 9 12 1 1 100 1 8 1 10 12 1 8 1 8 1 9 12 10 12 1 8 1 8 1 8 1 10 12 1 8 1 8 1 8 1 100 1 10 100 1 10 100 1 10 100 1 10 10 100 12 1 1 1 10 11 100 12 1 1 10 7 12 1 1 1 10 7 12 1 1 1 9 12 1 1 10 7 12 1 1 1 9 12 1 1 7 1 10 10 7 12 1 1 1 1 1 3 1 1 1 1 1 1 1 1 1 1 1 1 1 1 1 1 1 1 100 1 1 1 1 1 1 1 1 1 1 1 1 1 1 1 1 1 1 1 1 1 1 1 1 1 1 1 1 1 1 1 1 1 1 1 1 1 1 1 1 1 1
staticfield java/nio/Buffer UNSAFE Ljdk/internal/misc/Unsafe; jdk/internal/misc/Unsafe
staticfield java/nio/Buffer SCOPED_MEMORY_ACCESS Ljdk/internal/misc/ScopedMemoryAccess; jdk/internal/misc/ScopedMemoryAccess
staticfield java/nio/Buffer $assertionsDisabled Z 1
ciInstanceKlass jdk/internal/util/ArraysSupport 1 1 271 7 1 100 1 8 1 10 12 1 1 10 12 1 1 10 100 12 1 1 9 7 12 1 1 1 9 12 1 1 10 7 12 1 1 1 9 12 1 1 10 100 12 1 1 1 9 12 1 10 12 9 12 1 10 12 1 1 10 12 9 12 1 9 12 1 10 12 1 1 9 12 1 9 12 1 9 12 1 9 12 1 9 12 1 9 12 1 9 12 1 10 12 1 1 10 100 12 1 1 1 9 12 1 9 12 1 10 12 1 1 10 12 1 9 12 1 10 12 1 10 100 12 1 1 1 9 12 1 9 12 1 10 12 1 10 12 1 10 7 12 1 1 1 3 10 12 1 100 1 100 1 10 8 1 10 12 1 1 10 12 1 8 1 8 1 10 12 1 1 10 10 12 1 1 10 12 1 1 9 12 1 10 12 1 9 12 1 9 12 1 9 12 1 9 12 1 9 12 1 9 12 1 9 12 1 100 1 1 1 1 1 1 1 1 1 1 1 1 1 1 1 1 1 1 1 1 1 1 1 1 1 1 1 1 1 1 1 1 1 1 1 1 1 1 1 1 1 1 1 1 1 1 1 1 1 1 1 1 1 1 1 1 1 1 1 1 1 1 1 1
staticfield jdk/internal/util/ArraysSupport U Ljdk/internal/misc/Unsafe; jdk/internal/misc/Unsafe
staticfield jdk/internal/util/ArraysSupport BIG_ENDIAN Z 0
staticfield jdk/internal/util/ArraysSupport LOG2_ARRAY_BOOLEAN_INDEX_SCALE I 0
staticfield jdk/internal/util/ArraysSupport LOG2_ARRAY_BYTE_INDEX_SCALE I 0
staticfield jdk/internal/util/ArraysSupport LOG2_ARRAY_CHAR_INDEX_SCALE I 1
staticfield jdk/internal/util/ArraysSupport LOG2_ARRAY_SHORT_INDEX_SCALE I 1
staticfield jdk/internal/util/ArraysSupport LOG2_ARRAY_INT_INDEX_SCALE I 2
staticfield jdk/internal/util/ArraysSupport LOG2_ARRAY_LONG_INDEX_SCALE I 3
staticfield jdk/internal/util/ArraysSupport LOG2_ARRAY_FLOAT_INDEX_SCALE I 2
staticfield jdk/internal/util/ArraysSupport LOG2_ARRAY_DOUBLE_INDEX_SCALE I 3
staticfield jdk/internal/util/ArraysSupport LOG2_BYTE_BIT_SIZE I 3
ciMethod jdk/internal/util/ArraysSupport newLength (III)I 512 0 14465 0 128
ciMethod jdk/internal/util/ArraysSupport hugeLength (II)I 0 0 1 0 -1
ciInstanceKlass jdk/internal/misc/UnsafeConstants 1 1 34 10 100 12 1 1 1 9 7 12 1 1 1 9 12 1 9 12 1 1 9 12 1 9 12 1 1 1 1 1 1 1 1 1
staticfield jdk/internal/misc/UnsafeConstants ADDRESS_SIZE0 I 8
staticfield jdk/internal/misc/UnsafeConstants PAGE_SIZE I 4096
staticfield jdk/internal/misc/UnsafeConstants BIG_ENDIAN Z 0
staticfield jdk/internal/misc/UnsafeConstants UNALIGNED_ACCESS Z 1
staticfield jdk/internal/misc/UnsafeConstants DATA_CACHE_LINE_FLUSH_SIZE I 0
instanceKlass java/lang/invoke/DelegatingMethodHandle
instanceKlass java/lang/invoke/BoundMethodHandle
instanceKlass java/lang/invoke/DirectMethodHandle
ciInstanceKlass java/lang/invoke/MethodHandle 1 1 644 100 1 9 7 12 1 1 1 10 7 12 1 1 1 10 7 12 1 1 1 7 1 7 1 10 12 1 1 9 12 1 1 10 12 1 10 12 1 1 10 12 1 1 10 7 12 1 1 1 10 12 1 1 10 12 1 1 11 100 12 1 1 1 10 12 1 1 10 12 1 10 12 1 9 12 1 1 10 12 1 1 100 1 100 1 10 8 1 10 12 1 1 10 12 1 8 1 10 12 1 1 10 12 1 10 7 12 1 1 1 10 12 1 10 12 1 1 10 12 1 1 10 12 1 1 10 12 1 1 10 7 12 1 1 1 10 7 12 1 1 1 7 1 10 12 1 1 10 12 1 1 10 12 1 1 8 1 10 7 12 1 1 1 8 1 10 12 1 1 10 12 1 1 10 12 1 1 10 12 1 8 1 10 12 1 1 8 1 10 12 1 8 1 10 100 12 1 1 1 9 12 1 1 100 1 10 9 100 12 1 1 1 9 100 1 8 1 10 12 1 1 10 12 1 10 12 1 1 10 12 1 10 12 1 1 10 12 1 10 12 1 1 10 12 1 10 12 1 1 10 12 1 1 8 1 10 12 1 1 8 1 10 12 1 10 12 1 1 10 12 1 10 12 1 10 12 1 1 9 100 12 1 1 1 10 12 1 1 11 12 1 10 12 1 10 12 1 1 10 100 12 1 1 1 100 1 11 12 1 10 100 1 11 12 1 100 1 10 12 1 11 12 1 9 100 12 1 1 1 11 12 1 1 11 100 12 1 1 1 10 12 1 1 9 12 1 11 12 1 9 12 1 9 12 1 9 12 1 11 12 1 1 9 12 1 9 12 1 9 12 1 9 12 1 9 12 1 9 12 1 9 12 1 8 1 10 12 1 10 12 1 8 1 10 12 1 10 12 1 10 10 7 12 1 1 10 12 1 1 100 1 8 1 10 12 1 1 10 12 1 1 10 12 1 10 12 1 100 1 10 100 12 1 1 1 10 12 1 9 7 12 1 1 1 10 12 1 1 10 12 1 1 8 1 9 12 1 9 12 1 1 9 12 1 1 10 12 1 7 1 10 12 1 10 12 1 1 9 12 1 1 9 12 1 1 10 7 12 1 1 1 11 7 12 1 1 9 12 1 10 12 1 1 10 12 1 9 12 1 10 12 1 8 10 12 1 1 8 1 1 1 1 1 1 7 1 1 1 1 1 1 1 1 1 1 1 1 1 1 1 1 1 1 1 1 1 1 1 1 1 1 1 1 1 1 1 1 1 1 1 1 1 1 1 1 1 1 1 1 1 1 1 1 1 1 1 1 1 1 1 1 1 1 1 1 1 1 1 1 1 1 1 1 1 100 1 1 1 1 1 1 1 1 1 100 1 1 1 1 1 1 1 1 1 1 1 1 1 1 1 1 1 1 1 1 1 1 1 1 1 1 1 100 1 1 100 1 1 100 1 1 1 1
staticfield java/lang/invoke/MethodHandle FORM_OFFSET J 20
staticfield java/lang/invoke/MethodHandle UPDATE_OFFSET J 13
staticfield java/lang/invoke/MethodHandle $assertionsDisabled Z 1
ciInstanceKlass jdk/internal/reflect/CallerSensitive 1 1 17 100 1 100 1 100 1 1 1 1 1 1 1 1 1 1 1
ciInstanceKlass jdk/internal/reflect/NativeConstructorAccessorImpl 1 1 126 10 7 12 1 1 1 9 7 12 1 1 1 9 12 1 1 10 7 12 1 1 1 10 7 12 1 1 1 10 7 12 1 1 1 9 12 1 9 12 1 1 9 12 1 1 10 7 12 1 1 1 7 1 10 10 12 1 1 10 12 1 10 12 1 10 12 1 1 9 12 1 1 10 7 12 1 1 1 100 1 10 12 1 1 10 12 1 1 8 10 12 1 1 1 1 1 1 1 1 1 1 1 1 1 1 1 1 1 1 1 1 1 1 100 1 100 1 100 1 1 1 1 1 1 1
staticfield jdk/internal/reflect/NativeConstructorAccessorImpl U Ljdk/internal/misc/Unsafe; jdk/internal/misc/Unsafe
staticfield jdk/internal/reflect/NativeConstructorAccessorImpl GENERATED_OFFSET J 16
instanceKlass java/lang/ProcessEnvironment
instanceKlass java/util/LinkedHashMap
ciInstanceKlass java/util/HashMap 1 1 610 10 7 12 1 1 1 100 1 10 12 1 1 100 1 10 7 12 1 1 1 100 1 11 12 1 1 11 12 1 11 12 1 1 10 7 12 1 1 1 7 1 3 10 7 12 1 1 1 100 1 100 1 10 8 1 10 12 1 1 10 12 1 10 12 1 1 10 12 1 10 7 12 1 1 1 8 1 10 12 1 9 12 1 1 10 12 1 9 12 1 1 4 10 12 1 10 12 1 1 11 7 12 1 1 9 12 1 1 4 10 12 1 1 11 12 1 1 11 7 12 1 1 1 11 7 12 1 1 1 11 12 1 1 7 1 11 12 1 11 12 1 10 12 1 10 12 1 1 9 12 10 12 1 1 9 7 12 1 1 1 9 12 9 12 1 10 12 1 1 9 12 1 7 1 10 12 1 1 10 12 1 1 10 12 1 1 10 12 1 1 10 12 1 1 9 12 1 10 12 1 1 3 10 12 1 1 10 12 1 1 9 12 1 1 9 10 12 1 1 10 12 1 1 10 12 1 1 10 12 1 9 12 1 1 7 1 10 12 1 10 12 1 10 7 12 1 1 1 7 1 9 12 1 1 7 1 10 9 12 7 1 10 100 1 10 11 7 12 1 1 1 100 1 10 11 100 12 1 1 11 7 12 1 1 1 10 12 1 100 1 100 1 10 12 1 10 12 1 10 12 1 10 100 12 1 1 10 12 1 1 10 12 1 1 10 100 12 1 1 1 8 10 100 12 1 1 1 100 1 10 4 10 100 12 1 1 1 4 10 12 1 10 100 12 1 1 1 10 12 1 8 1 4 10 100 12 1 1 1 100 1 11 100 12 1 1 1 10 12 1 10 12 1 10 10 12 1 1 100 1 100 1 1 1 1 5 0 1 3 1 1 1 3 1 3 1 3 1 1 1 1 1 1 1 1 1 1 1 1 1 1 1 1 1 1 1 1 1 1 100 1 1 1 1 1 1 1 1 1 1 1 1 1 1 1 1 1 1 1 1 1 1 1 1 1 1 1 1 1 1 1 1 100 1 1 1 1 1 1 1 1 1 1 1 1 1 1 1 1 1 1 1 1 1 1 1 1 1 1 1 1 1 1 1 1 1 1 1 1 1 1 1 1 1 1 1 1 1 1 1 1 1 1 100 1 1 1 1 1 1 1 1 1 1 1 1 1 1 1 1 1 1 1 1 1 1 1 1 1 1 1 1 1 1 1 1 1 1 1 1 1 1 1 1 1 1 1 1 1 1 1 1 100 1 1 1 1 1 1 1 1 100 1 1 1 1 1 1 1 1 1 1 1 1 1 1 100 1 100 1 100 1 100 1 100 1 100 1 100 1 100 1 1 1 1 1 1 1 1 1 1 1 1 1 1 1 1 1 1
ciMethod java/util/HashMap get (Ljava/lang/Object;)Ljava/lang/Object; 680 0 119480 0 576
instanceKlass java/lang/invoke/DirectMethodHandle$Special
instanceKlass java/lang/invoke/DirectMethodHandle$Interface
instanceKlass java/lang/invoke/DirectMethodHandle$Constructor
instanceKlass java/lang/invoke/DirectMethodHandle$Accessor
ciInstanceKlass java/lang/invoke/DirectMethodHandle 1 1 940 7 1 7 1 100 1 7 1 7 1 10 7 12 1 1 1 10 7 12 1 1 1 100 1 10 12 1 10 12 1 1 10 7 12 1 1 10 12 1 1 10 12 1 10 12 1 7 1 10 12 1 1 10 12 1 1 10 12 1 10 12 1 1 10 7 12 1 1 1 10 12 1 9 12 1 1 100 1 10 9 12 1 1 9 12 1 10 12 1 10 12 1 10 12 1 1 10 12 1 10 12 1 10 12 1 10 7 12 1 1 1 10 12 1 10 12 1 1 8 1 10 12 1 1 7 1 10 12 1 7 1 10 10 12 1 10 12 1 10 12 1 10 7 12 1 1 1 10 12 1 1 100 1 10 12 1 10 12 1 7 1 10 12 1 10 12 1 1 10 12 1 1 10 12 1 8 10 100 12 1 1 1 10 12 1 10 12 1 10 12 1 1 10 12 1 9 7 12 1 1 1 7 1 10 12 1 10 7 12 1 1 1 10 12 1 10 12 1 1 9 12 1 1 100 1 10 8 1 10 12 1 1 10 12 1 10 12 1 10 10 12 1 10 12 1 10 12 1 10 12 1 10 12 1 1 10 12 1 10 12 1 1 10 12 1 10 12 1 1 10 10 7 12 1 1 1 10 12 1 10 12 1 1 10 12 1 10 12 1 1 8 1 9 7 12 1 1 1 8 1 9 12 1 9 12 1 8 1 9 12 1 9 12 1 8 1 9 12 1 9 12 1 8 1 10 12 1 10 12 1 1 9 12 1 1 7 1 10 12 1 1 100 1 10 7 12 1 1 1 10 12 1 1 10 12 1 10 12 1 1 7 1 10 12 1 1 10 12 1 10 12 1 1 7 1 10 12 1 1 10 7 12 1 1 1 10 12 1 10 12 1 10 12 1 9 12 1 1 10 7 1 9 12 9 12 1 10 7 12 1 1 1 10 12 1 7 1 7 1 7 1 9 12 1 1 10 7 12 1 10 12 1 1 10 12 1 7 1 10 12 1 10 12 1 1 9 7 12 1 1 1 10 12 1 1 7 1 10 7 12 1 1 1 10 12 1 10 12 1 8 1 9 12 1 9 12 1 10 12 1 9 12 1 1 10 7 12 1 1 1 9 12 1 1 9 12 1 1 10 12 1 10 12 1 10 12 1 10 12 1 10 12 1 1 10 12 1 10 7 12 1 1 9 12 1 10 12 1 10 12 1 10 12 1 10 12 1 1 10 12 1 1 9 12 1 1 10 12 1 1 9 7 12 1 1 1 9 12 1 9 12 1 9 12 1 9 12 1 9 12 1 9 12 1 9 12 1 9 12 1 9 12 1 9 12 1 9 12 1 9 12 1 9 12 1 9 12 1 9 12 1 9 12 1 9 12 1 9 12 1 9 12 1 9 12 1 9 12 1 9 12 1 9 12 1 9 12 1 9 12 1 9 12 1 9 12 1 9 12 1 9 12 1 9 12 1 9 12 1 9 12 1 9 12 1 9 12 1 9 12 1 9 12 1 8 1 9 12 1 1 9 12 1 1 10 12 1 10 12 1 1 9 7 1 10 12 1 9 12 1 1 10 12 10 12 1 10 12 1 10 12 1 10 8 1 8 1 8 1 8 1 10 12 1 1 9 12 1 1 10 12 1 10 100 12 1 1 1 8 9 12 1 1 10 12 1 1 8 1 8 8 9 12 1 8 1 8 8 8 8 8 1 8 10 12 1 10 12 1 8 1 8 1 10 12 1 10 12 1 10 12 1 10 12 1 1 7 1 1 1 1 3 1 3 1 3 1 3 1 3 1 3 1 3 1 3 1 3 1 3 1 1 1 1 1 1 1 1 1 1 3 1 3 1 1 1 1 3 1 1 1 1 1 1 1 1 1 1 1 1 1 1 1 1 1 1 1 1 1 1 1 1 1 1 1 1 1 1 1 1 1 1 1 1 1 1 1 1 1 1 1 1 1 1 1 1 1 1 1 1 1 1 1 1 100 1 1 1 1 1 1 1 1 1 1 1 1 100 1 1 1 1 1 1 1 1 1 1 1 1 1 1 1 1 1 1 1 1 1 1 1 1 1 1 1 1 1 1 1 1 1 1 1 1 1 1 1 1 1 1 1 1 1 1 1 1 1 1 1
staticfield java/lang/invoke/DirectMethodHandle IMPL_NAMES Ljava/lang/invoke/MemberName$Factory; java/lang/invoke/MemberName$Factory
staticfield java/lang/invoke/DirectMethodHandle FT_UNCHECKED_REF I 8
staticfield java/lang/invoke/DirectMethodHandle ACCESSOR_FORMS [Ljava/lang/invoke/LambdaForm; 132 [Ljava/lang/invoke/LambdaForm;
staticfield java/lang/invoke/DirectMethodHandle ALL_WRAPPERS [Lsun/invoke/util/Wrapper; 10 [Lsun/invoke/util/Wrapper;
staticfield java/lang/invoke/DirectMethodHandle NFS [Ljava/lang/invoke/LambdaForm$NamedFunction; 12 [Ljava/lang/invoke/LambdaForm$NamedFunction;
staticfield java/lang/invoke/DirectMethodHandle OBJ_OBJ_TYPE Ljava/lang/invoke/MethodType; java/lang/invoke/MethodType
staticfield java/lang/invoke/DirectMethodHandle LONG_OBJ_TYPE Ljava/lang/invoke/MethodType; java/lang/invoke/MethodType
staticfield java/lang/invoke/DirectMethodHandle $assertionsDisabled Z 1
ciInstanceKlass java/lang/invoke/LambdaForm 1 1 1052 100 1 9 7 12 1 1 1 10 7 12 1 1 1 10 7 12 1 1 9 12 1 1 9 12 1 1 10 12 1 1 100 1 10 9 12 1 10 12 1 1 9 12 1 10 7 12 1 1 1 9 12 1 9 12 1 9 12 1 1 9 12 1 10 12 1 1 7 1 10 12 1 10 100 12 1 1 1 10 100 12 1 1 1 10 12 1 10 12 1 1 9 100 12 1 1 1 10 12 1 1 9 12 1 10 12 1 1 10 12 1 10 12 1 1 10 12 1 1 10 100 12 1 1 1 7 1 10 10 12 1 1 8 1 10 12 1 10 12 1 10 12 1 1 7 1 10 7 12 1 1 1 10 12 1 1 10 12 1 10 12 1 1 9 12 1 1 9 12 1 9 12 1 1 10 12 1 9 12 1 10 100 12 1 1 1 10 12 1 1 10 12 1 9 12 1 1 10 100 12 1 1 1 10 12 1 10 12 1 10 12 1 10 12 1 10 12 1 10 12 1 1 10 12 1 10 12 1 1 8 1 10 12 1 10 12 1 8 1 8 1 9 12 1 9 12 1 9 12 1 1 10 12 1 1 10 12 1 9 12 1 10 12 1 1 10 7 12 1 1 1 10 12 1 1 10 12 1 10 12 1 10 12 1 1 9 12 1 10 12 1 8 1 8 1 8 1 8 1 8 1 8 1 8 1 8 1 10 12 1 9 12 1 7 1 10 12 1 1 9 12 1 10 12 1 10 12 1 1 10 12 10 12 1 10 12 1 1 10 12 1 1 10 10 12 1 1 10 12 1 1 7 1 8 1 10 12 1 1 10 12 1 10 12 1 1 10 8 1 10 12 1 1 8 1 8 1 8 1 10 12 1 9 12 1 1 10 12 1 1 10 12 1 1 100 1 10 12 1 1 10 12 1 10 7 12 1 1 1 10 12 1 1 9 12 1 1 8 1 10 100 12 1 1 1 10 7 12 1 1 10 12 10 10 12 1 1 9 12 1 8 10 12 1 1 100 1 10 12 1 1 10 12 1 9 7 12 1 1 9 12 1 1 8 1 10 100 12 1 1 10 12 1 1 100 1 100 1 10 10 12 1 1 10 12 1 1 8 1 8 1 100 1 8 1 10 12 10 12 1 10 12 1 10 12 1 1 8 1 8 1 9 100 12 1 1 1 10 12 1 10 12 1 1 8 1 8 1 8 1 100 1 8 1 100 1 8 1 100 1 8 1 10 12 1 8 1 9 10 7 12 1 1 1 10 12 1 9 12 1 1 10 12 1 10 10 12 1 10 12 1 10 12 1 10 12 1 1 10 12 1 10 12 1 1 10 12 1 1 10 12 1 1 8 1 100 10 12 1 10 12 1 9 12 1 1 10 7 12 1 1 8 1 8 1 100 1 8 1 8 1 8 1 8 1 8 1 8 1 8 1 8 1 10 12 1 1 10 12 1 1 10 12 1 10 12 1 8 1 8 1 8 1 10 12 1 8 1 10 12 1 8 1 8 1 8 1 8 1 8 1 10 12 1 10 12 1 10 12 1 1 10 7 12 1 1 1 10 12 1 10 12 1 10 12 1 10 12 1 10 12 1 10 12 1 10 12 1 9 12 1 1 8 1 10 12 1 1 9 12 1 1 10 12 1 1 9 12 1 9 12 1 1 9 12 1 9 12 1 1 7 1 10 7 12 1 1 1 9 12 1 10 12 1 10 12 1 8 1 10 12 1 9 12 1 1 7 1 10 7 12 1 1 1 8 1 100 1 10 12 1 9 12 1 9 12 1 10 12 1 10 12 1 10 7 12 1 1 1 10 12 1 9 7 12 1 1 10 12 1 1 10 12 1 10 12 1 9 12 10 12 1 10 10 12 1 9 9 12 1 7 9 12 1 1 10 12 1 1 9 12 1 10 12 1 10 7 1 9 1 1 1 1 3 1 3 1 3 1 1 1 1 1 1 1 1 1 1 1 1 1 1 1 1 1 1 1 1 1 1 1 1 1 1 1 1 1 1 1 1 1 1 1 1 1 1 1 1 1 1 1 1 1 1 1 1 1 1 1 1 1 1 1 1 100 1 1 1 1 1 1 1 1 1 1 1 1 1 1 1 1 1 1 1 1 1 1 1 1 1 1 1 1 1 1 1 1 1 1 1 1 1 1 1 1 1 1 1 1 1 1 1 1 1 1 1 1 1 1 1 1 1 1 1 100 1 1 1 1 1 1 1 1 1 1 1 1 1 1 1 1 1 1 1 1 1 1 1 1 1 1 1 1 1 1 1 1 1 1 100 1 1 1 1 1 1 1 1 1 1 1 1 1 1 1 1 1 1 1 1 1 1 100 1 1 1 100 1 1 100 1 1 1 1 1 1 1 1 1 1 1
staticfield java/lang/invoke/LambdaForm COMPILE_THRESHOLD I 0
staticfield java/lang/invoke/LambdaForm INTERNED_ARGUMENTS [[Ljava/lang/invoke/LambdaForm$Name; 5 [[Ljava/lang/invoke/LambdaForm$Name;
staticfield java/lang/invoke/LambdaForm IMPL_NAMES Ljava/lang/invoke/MemberName$Factory; java/lang/invoke/MemberName$Factory
staticfield java/lang/invoke/LambdaForm LF_identity [Ljava/lang/invoke/LambdaForm; 6 [Ljava/lang/invoke/LambdaForm;
staticfield java/lang/invoke/LambdaForm LF_zero [Ljava/lang/invoke/LambdaForm; 6 [Ljava/lang/invoke/LambdaForm;
staticfield java/lang/invoke/LambdaForm NF_identity [Ljava/lang/invoke/LambdaForm$NamedFunction; 6 [Ljava/lang/invoke/LambdaForm$NamedFunction;
staticfield java/lang/invoke/LambdaForm NF_zero [Ljava/lang/invoke/LambdaForm$NamedFunction; 6 [Ljava/lang/invoke/LambdaForm$NamedFunction;
staticfield java/lang/invoke/LambdaForm createFormsLock Ljava/lang/Object; java/lang/Object
staticfield java/lang/invoke/LambdaForm DEBUG_NAME_COUNTERS Ljava/util/HashMap; null
staticfield java/lang/invoke/LambdaForm DEBUG_NAMES Ljava/util/HashMap; null
staticfield java/lang/invoke/LambdaForm TRACE_INTERPRETER Z 0
staticfield java/lang/invoke/LambdaForm $assertionsDisabled Z 1
ciInstanceKlass java/lang/invoke/MethodHandleNatives 1 1 684 100 1 10 7 12 1 1 1 9 7 12 1 1 1 10 12 1 1 100 1 10 10 12 1 1 10 12 1 10 12 1 8 1 8 1 8 1 8 1 8 1 8 1 8 1 8 1 8 1 8 1 10 12 1 1 7 1 10 7 12 1 1 1 10 100 12 1 1 1 7 1 10 10 12 1 1 8 1 10 12 1 8 1 10 12 1 1 8 1 10 12 1 1 9 100 12 1 1 1 8 1 10 100 12 1 1 1 100 1 10 12 100 1 100 1 8 1 7 1 10 10 12 1 7 1 9 7 12 1 1 10 12 1 1 10 12 1 10 7 12 1 1 1 7 1 10 12 1 1 10 7 12 1 1 1 10 12 1 10 12 1 1 10 12 1 1 9 12 1 8 1 10 12 1 8 1 10 12 1 8 1 8 1 8 1 100 1 10 12 1 8 1 10 12 1 1 10 12 1 10 100 12 1 1 1 100 1 8 1 10 100 12 1 1 1 7 1 8 1 10 12 1 8 1 8 1 8 1 8 1 8 1 10 12 1 1 10 12 1 1 10 12 1 10 12 1 1 10 12 1 1 7 1 10 12 1 100 1 100 1 10 12 1 10 12 1 8 1 8 1 10 10 12 1 1 10 12 1 1 8 1 10 100 12 1 1 1 8 1 8 1 10 12 1 1 10 7 12 1 1 1 100 1 10 12 1 1 7 1 9 12 1 1 10 7 12 1 1 1 10 10 12 1 9 12 1 10 12 1 1 9 12 1 9 12 1 10 12 1 1 10 12 1 10 12 1 1 7 1 7 1 10 12 1 1 10 12 1 10 12 1 1 10 7 12 1 1 1 10 12 1 8 1 10 12 1 10 12 1 10 12 1 1 10 12 1 10 7 12 1 1 1 10 12 1 1 100 1 8 1 10 9 7 12 1 1 1 10 12 1 1 10 12 1 1 100 1 10 12 1 1 10 12 1 1 100 1 100 1 10 10 100 1 100 1 10 100 1 10 10 12 1 1 10 100 1 10 12 1 10 12 1 10 12 1 1 10 12 1 1 10 12 1 1 10 12 1 10 12 1 1 10 8 1 100 1 10 12 1 10 12 1 10 12 1 10 12 1 10 12 1 1 10 12 1 9 12 1 1 10 7 12 1 1 1 9 12 1 1 11 7 12 1 1 1 10 12 1 10 12 1 10 10 12 1 10 7 12 1 1 1 1 1 1 1 1 1 1 1 1 1 1 1 100 1 1 1 1 1 1 1 1 1 1 1 1 1 1 1 1 1 1 1 1 1 1 1 1 1 1 1 1 1 1 1 1 1 1 1 1 1 1 1 1 1 1 1 1 1 1 1 1 1 1 1 1 1 1 1 1 1 1 1 1 1 1 1 1 1 1 1 1 1 1 1 1 1 1 1 1 1 1 1 1 1 1 1 1 1 1 1 1 1 1 1 1 1 1 1 1 1 1 100 1 1 1 1 1 1 1 1 1 1 1 1 1 1 1 1 1 1 1 1 1 1 1 1 1 1 1 1 100 1 1 1 1 1 1 1 100 1 1 1
staticfield java/lang/invoke/MethodHandleNatives JLA Ljdk/internal/access/JavaLangAccess; java/lang/System$2
staticfield java/lang/invoke/MethodHandleNatives $assertionsDisabled Z 1
ciInstanceKlass jdk/internal/reflect/ConstantPool 1 1 142 10 100 12 1 1 1 9 7 12 1 1 1 10 12 1 1 10 12 1 1 10 12 1 10 12 1 1 10 12 1 1 10 12 1 10 12 1 1 10 12 1 10 12 1 1 10 12 1 10 12 1 10 12 1 10 12 1 1 10 12 1 1 10 12 1 1 10 12 1 1 10 12 1 10 12 1 1 10 100 12 1 1 1 8 11 7 12 1 1 1 10 7 12 1 1 1 1 1 1 1 1 1 1 1 1 1 1 1 1 1 1 1 1 1 1 1 1 1 1 1 1 1 1 1 1 1 1 1 1 1 1 1 1 1 1 1 1 1 1 1 1
instanceKlass jdk/internal/reflect/UnsafeStaticFloatFieldAccessorImpl
instanceKlass jdk/internal/reflect/UnsafeStaticBooleanFieldAccessorImpl
instanceKlass jdk/internal/reflect/UnsafeStaticObjectFieldAccessorImpl
instanceKlass jdk/internal/reflect/UnsafeStaticIntegerFieldAccessorImpl
instanceKlass jdk/internal/reflect/UnsafeQualifiedStaticFieldAccessorImpl
ciInstanceKlass jdk/internal/reflect/UnsafeStaticFieldAccessorImpl 1 1 47 10 7 12 1 1 1 9 7 12 1 1 1 10 7 12 1 1 1 9 12 1 1 8 11 7 12 1 1 1 10 7 12 1 1 1 1 1 1 1 1 1 1 1 1 1 1
instanceKlass jdk/internal/reflect/UnsafeFieldAccessorImpl
ciInstanceKlass jdk/internal/reflect/FieldAccessorImpl 1 1 59 10 7 12 1 1 1 100 1 100 1 1 1 1 1 1 1 1 1 100 1 1 1 1 1 1 1 1 1 1 1 1 1 1 1 1 1 1 1 100 1 1 1 1 1 1 1 1 1 1 1 1 1 1 1 1 1 1 1
instanceKlass jdk/internal/reflect/UnsafeQualifiedFieldAccessorImpl
instanceKlass jdk/internal/reflect/UnsafeBooleanFieldAccessorImpl
instanceKlass jdk/internal/reflect/UnsafeIntegerFieldAccessorImpl
instanceKlass jdk/internal/reflect/UnsafeLongFieldAccessorImpl
instanceKlass jdk/internal/reflect/UnsafeObjectFieldAccessorImpl
instanceKlass jdk/internal/reflect/UnsafeStaticFieldAccessorImpl
ciInstanceKlass jdk/internal/reflect/UnsafeFieldAccessorImpl 1 1 254 10 7 12 1 1 1 9 7 12 1 1 1 10 7 12 1 1 1 10 7 12 1 1 1 9 12 1 1 10 7 12 1 1 1 9 12 1 1 10 12 1 10 12 1 9 12 1 10 12 1 1 10 7 12 1 1 10 7 12 1 1 1 10 12 1 1 100 1 10 10 12 1 1 10 12 1 1 8 1 10 10 12 1 100 1 8 1 10 12 1 8 1 10 12 1 8 1 10 12 1 100 1 10 12 1 1 10 8 1 10 12 1 1 8 1 10 100 12 1 1 8 1 10 100 12 1 1 8 1 10 100 12 1 1 8 1 10 100 12 1 1 8 1 10 100 12 1 1 8 1 10 100 12 1 1 8 1 10 100 12 1 1 8 1 10 100 12 1 1 10 12 1 1 8 1 8 1 8 1 8 1 8 1 8 1 10 100 12 1 1 1 8 1 8 1 8 1 10 12 10 12 1 1 1 1 1 1 1 1 1 1 1 1 1 1 1 1 1 1 1 1 1 1 1 1 1 1 1 1 1 1 1 1 1 1 1 1 1 1 1 1 1 1 1 1 1 1 1 1 1 1 1 1
staticfield jdk/internal/reflect/UnsafeFieldAccessorImpl unsafe Ljdk/internal/misc/Unsafe; jdk/internal/misc/Unsafe
ciInstanceKlass java/lang/invoke/ConstantCallSite 1 1 65 10 7 12 1 1 1 9 7 12 1 1 1 9 12 1 1 10 7 12 1 1 1 10 12 1 100 1 10 12 9 12 1 1 100 1 10 10 12 1 1 10 12 1 1 1 1 1 1 1 1 1 1 1 1 1 100 1 1 1 1 1 1 1 1
staticfield java/lang/invoke/ConstantCallSite UNSAFE Ljdk/internal/misc/Unsafe; jdk/internal/misc/Unsafe
instanceKlass org/robolectric/internal/bytecode/RoboCallSite
ciInstanceKlass java/lang/invoke/MutableCallSite 1 1 63 10 7 12 1 1 1 10 12 1 9 7 12 1 1 1 10 12 1 10 12 1 1 9 12 1 1 10 7 12 1 1 1 10 7 12 1 1 1 10 12 1 1 1 1 1 1 1 1 1 1 1 1 1 1 1 1 1 1 100 1 1 1
staticfield java/lang/invoke/MutableCallSite STORE_BARRIER Ljava/util/concurrent/atomic/AtomicInteger; java/util/concurrent/atomic/AtomicInteger
instanceKlass java/lang/invoke/VarHandleReferences$Array
instanceKlass java/lang/invoke/VarHandleReferences$FieldStaticReadOnly
instanceKlass java/lang/invoke/VarHandleBooleans$FieldInstanceReadOnly
instanceKlass java/lang/invoke/VarHandleInts$FieldStaticReadOnly
instanceKlass java/lang/invoke/VarHandleLongs$FieldInstanceReadOnly
instanceKlass java/lang/invoke/VarHandleByteArrayAsLongs$ByteArrayViewVarHandle
instanceKlass java/lang/invoke/VarHandleByteArrayAsInts$ByteArrayViewVarHandle
instanceKlass java/lang/invoke/VarHandleInts$FieldInstanceReadOnly
instanceKlass java/lang/invoke/VarHandleReferences$FieldInstanceReadOnly
ciInstanceKlass java/lang/invoke/VarHandle 1 1 390 10 7 12 1 1 1 10 7 12 1 1 9 12 1 1 9 12 1 1 100 1 10 8 1 10 12 1 1 10 7 12 1 1 1 10 12 1 1 10 100 12 1 1 1 9 100 12 1 1 1 10 12 1 1 10 100 12 1 1 1 10 12 1 1 9 12 1 10 12 1 9 12 1 1 10 7 12 1 1 10 12 1 9 7 12 1 1 1 9 12 1 1 10 12 1 1 100 1 100 1 10 8 1 10 12 1 1 10 12 1 8 1 10 12 1 10 12 1 10 12 1 1 9 7 12 1 1 1 10 12 1 10 12 1 1 10 12 1 10 10 100 12 1 1 1 10 12 1 1 10 12 1 1 10 100 12 1 1 1 10 100 12 1 1 1 10 100 12 1 1 1 9 12 1 1 10 9 12 1 1 10 12 1 10 12 1 10 12 1 1 10 12 1 10 100 12 1 1 1 9 12 1 1 10 12 1 1 9 12 1 10 12 1 10 12 1 10 100 12 1 1 100 1 10 9 7 12 1 1 1 9 12 1 1 10 7 12 1 1 1 10 12 1 10 12 1 10 12 1 10 12 1 10 12 1 10 12 1 1 7 1 10 10 7 12 1 1 1 9 12 1 1 8 10 12 1 1 7 1 10 12 1 1 100 1 1 1 1 1 1 1 1 1 1 1 1 1 1 1 1 1 1 1 1 1 1 1 1 1 1 1 1 1 1 1 1 1 1 1 1 1 1 1 1 1 1 1 1 1 1 1 1 1 1 1 1 1 1 1 1 1 1 1 1 1 1 1 1 1 1 1 1 1 1 1 1 1 1 1 1 1 1 1 1 1 1 1 1 1 1 1 1 1 100 1 100 1 100 1 1 1 1 1 1 1 100 1 1 1
staticfield java/lang/invoke/VarHandle AIOOBE_SUPPLIER Ljava/util/function/BiFunction; jdk/internal/util/Preconditions$1
staticfield java/lang/invoke/VarHandle VFORM_OFFSET J 16
staticfield java/lang/invoke/VarHandle $assertionsDisabled Z 1
ciInstanceKlass java/lang/invoke/MemberName 1 1 757 7 1 7 1 100 1 9 12 1 1 10 7 12 1 1 1 9 12 1 1 10 12 1 1 10 12 1 1 10 12 1 1 10 12 1 10 12 1 1 10 7 12 1 1 1 10 12 1 9 7 12 1 1 10 12 1 100 1 100 1 10 12 1 8 1 10 12 1 1 10 12 1 10 12 1 1 10 12 1 9 12 1 1 8 1 10 100 12 1 1 1 7 1 10 10 12 1 1 100 1 100 1 10 12 1 1 9 12 1 1 100 1 8 1 10 12 1 10 12 1 10 12 1 10 12 1 10 12 1 1 10 12 1 10 12 1 10 12 1 1 10 12 1 1 10 12 1 8 1 8 1 8 1 10 100 12 1 1 1 10 12 1 9 12 1 1 3 10 12 1 10 12 1 10 12 1 10 10 7 12 1 1 1 10 12 1 10 12 1 10 12 1 10 12 1 7 1 8 10 12 1 1 10 12 1 1 8 1 9 100 1 8 9 100 1 10 12 1 1 10 12 1 10 12 1 8 1 10 12 1 1 10 12 1 10 12 1 10 12 1 10 12 1 1 100 1 10 12 1 1 10 12 1 8 1 10 12 1 10 12 1 8 1 10 12 1 1 10 12 1 1 7 1 10 12 1 1 10 12 8 1 8 1 100 1 10 12 1 10 100 12 1 1 1 100 1 10 12 10 12 1 10 12 1 10 12 1 10 12 1 10 10 12 1 10 12 1 10 12 1 3 10 12 1 3 10 12 1 3 3 3 3 3 3 3 100 1 10 12 1 10 7 12 1 1 1 10 12 1 3 9 12 1 10 12 1 1 3 10 12 1 10 10 7 12 1 1 1 10 12 1 1 10 7 1 10 10 12 1 10 12 1 10 12 1 10 10 12 1 1 10 12 1 10 12 1 10 12 1 100 1 10 10 10 12 100 1 10 10 10 12 1 1 10 12 1 1 10 10 12 1 8 10 7 1 10 12 1 10 7 1 10 12 1 10 12 1 10 12 1 10 10 12 1 10 12 1 1 10 12 1 1 10 12 1 10 12 1 10 12 1 100 1 10 12 1 1 100 1 8 1 10 7 1 10 12 1 10 12 10 12 1 1 10 12 1 10 12 1 8 1 8 1 8 1 8 1 10 12 1 10 12 1 10 12 1 1 8 1 8 1 10 12 1 8 1 10 10 12 1 10 12 1 8 1 8 1 10 10 12 1 8 1 10 100 12 1 1 1 8 1 10 12 1 10 12 1 1 10 12 1 8 1 8 1 8 1 8 1 100 1 10 8 1 8 1 8 1 8 1 10 12 1 100 1 100 1 100 1 10 100 1 10 100 1 10 100 12 1 1 1 9 7 12 1 1 1 100 1 100 1 1 1 1 1 1 1 3 1 3 1 3 1 3 1 3 1 3 1 1 1 1 1 1 1 1 3 1 3 1 1 1 1 3 1 1 1 1 1 1 1 1 1 1 1 1 1 1 1 1 1 1 1 1 1 1 1 1 1 1 1 1 1 1 1 1 1 1 1 1 1 1 1 1 1 1 1 1 1 1 1 1 1 1 1 1 1 1 1 1 1 1 1 1 1 1 1 1 1 1 1 1 1 1 1 1 1 1 1 1 1 1 1 1 1 1 1 1 1 1 1 1 1 1 1 1 1 1 1 1 1 1 1 1 1 1 1 1 1 1 100 1 1 1 1 1 1 1 1 1 1 1 1 1 1 1
staticfield java/lang/invoke/MemberName $assertionsDisabled Z 1
ciInstanceKlass java/lang/invoke/ResolvedMethodName 1 1 16 10 100 12 1 1 1 100 1 1 1 1 1 1 1 1
ciInstanceKlass java/lang/StackWalker 1 1 235 9 7 12 1 1 1 10 7 12 1 1 1 7 1 10 7 12 1 1 1 10 12 1 1 11 7 12 1 1 1 10 12 1 1 10 12 1 1 10 12 1 1 100 1 8 1 10 12 1 10 12 1 10 12 1 10 7 12 1 1 9 12 1 1 9 12 1 1 9 12 1 1 9 12 1 1 10 12 1 1 9 12 1 1 10 7 12 1 1 1 11 12 1 1 100 1 8 1 10 10 100 12 1 1 9 12 1 1 10 12 1 1 10 7 12 1 1 1 10 7 12 1 1 1 18 12 1 1 100 1 8 1 10 10 12 1 1 10 100 12 1 1 1 9 7 12 1 1 11 100 12 1 1 1 10 12 1 1 1 1 1 1 1 1 1 1 1 1 1 1 1 1 1 1 1 1 1 1 1 1 1 1 1 1 1 1 1 1 1 1 1 1 1 1 1 1 1 1 1 1 1 1 1 1 1 1 1 100 1 1 15 10 100 12 1 1 1 16 15 10 12 16 1 1 1 1 1 1 1 100 1 100 1 1
staticfield java/lang/StackWalker DEFAULT_EMPTY_OPTION Ljava/util/EnumSet; java/util/RegularEnumSet
staticfield java/lang/StackWalker DEFAULT_WALKER Ljava/lang/StackWalker; java/lang/StackWalker
instanceKlass java/lang/StackStreamFactory$StackFrameTraverser
ciInstanceKlass java/lang/StackStreamFactory$AbstractStackWalker 1 1 306 7 1 100 1 3 10 7 12 1 1 1 10 7 12 1 1 10 7 12 1 1 1 9 12 1 1 10 12 1 1 9 12 1 1 9 12 1 1 9 12 1 1 9 12 1 9 7 12 1 1 1 10 7 12 1 1 1 10 12 1 1 9 12 1 1 10 7 12 1 1 1 10 12 1 1 9 12 1 1 9 100 12 1 1 1 100 1 10 8 1 10 12 1 1 10 12 1 8 1 10 12 1 1 10 100 12 1 1 1 100 1 8 1 10 12 1 8 1 10 12 9 7 12 1 1 1 10 7 12 1 1 9 12 1 8 1 5 0 8 1 8 1 9 12 1 1 10 12 1 1 10 12 1 1 10 12 1 9 12 1 10 12 1 10 12 1 10 12 1 10 12 1 1 10 12 1 10 12 1 1 8 1 10 12 1 10 12 1 10 12 1 10 12 1 1 8 1 10 12 1 1 10 12 1 1 10 12 1 1 10 12 1 10 12 1 10 7 12 1 1 1 9 12 1 8 1 10 12 1 10 12 1 10 12 1 10 12 1 10 12 1 10 12 1 10 12 1 1 10 12 1 1 10 12 1 1 10 12 1 8 1 1 1 1 1 1 1 1 1 1 1 1 1 1 1 1 1 1 100 1 1 1 1 100 1 1 1 1 1 1 1 1 1 1 1 1 1 1 1 1 1 1 1 1 1
ciInstanceKlass jdk/internal/module/Modules 1 1 504 10 100 12 1 1 1 9 7 12 1 1 1 11 7 12 1 1 1 11 12 1 1 11 12 1 1 11 12 1 1 11 12 1 11 12 1 11 12 1 11 12 1 11 12 1 1 10 7 12 1 1 1 10 100 12 1 1 1 18 12 1 1 10 100 12 1 1 1 7 1 10 7 12 1 1 1 10 7 12 1 1 1 10 100 12 1 1 10 12 1 1 11 12 1 9 12 1 1 11 100 12 1 1 1 10 12 1 1 10 10 12 1 10 9 12 1 1 10 7 12 1 1 10 12 1 1 10 7 12 1 1 100 1 11 100 12 1 1 1 10 100 12 1 1 1 11 100 12 1 1 10 12 1 1 10 100 12 1 1 10 100 12 1 1 1 10 12 1 1 10 12 1 1 11 12 1 1 18 12 1 1 11 100 12 1 1 10 100 12 1 1 1 11 100 12 1 1 1 100 1 11 12 1 1 11 100 12 1 1 1 11 12 1 1 10 12 1 1 10 100 12 1 1 18 12 1 1 11 12 1 1 18 12 1 1 11 12 1 1 10 12 1 18 18 10 12 1 1 9 12 1 1 11 100 12 1 1 1 100 1 10 11 12 1 11 12 1 1 11 12 1 1 10 100 1 10 12 1 1 10 100 12 1 1 10 12 1 1 11 12 10 12 1 1 100 1 10 18 12 1 10 12 1 1 100 1 8 1 10 12 1 10 100 12 1 1 18 12 1 11 11 12 10 12 1 10 10 100 1 18 12 1 10 10 10 7 12 1 1 10 7 12 1 1 1 10 12 1 1 1 1 1 1 1 1 1 1 1 1 1 1 1 1 1 1 1 1 1 1 1 1 1 1 1 1 1 1 1 1 1 100 1 1 1 1 1 1 1 1 1 1 1 1 1 1 1 1 1 1 1 1 1 1 1 1 1 1 1 1 1 1 1 1 1 1 1 100 1 1 1 1 1 1 1 1 1 1 1 1 1 1 1 1 1 1 1 1 1 1 1 15 10 100 12 1 1 1 16 15 10 12 1 16 16 15 10 12 1 16 1 16 1 15 10 12 1 16 1 16 1 15 10 12 16 1 15 10 16 1 15 10 12 16 1 15 10 12 16 15 10 12 16 15 10 12 1 1 1 100 1 100 1 1
staticfield jdk/internal/module/Modules JLA Ljdk/internal/access/JavaLangAccess; java/lang/System$2
staticfield jdk/internal/module/Modules JLMA Ljdk/internal/access/JavaLangModuleAccess; java/lang/module/ModuleDescriptor$1
staticfield jdk/internal/module/Modules $assertionsDisabled Z 1
ciInstanceKlass java/util/Locale 1 1 1155 9 7 12 1 1 1 7 1 10 12 1 1 9 12 1 1 11 7 12 1 1 1 10 7 12 1 1 9 12 1 1 9 12 1 1 100 1 10 10 12 1 1 8 1 10 12 1 1 10 12 1 1 10 12 1 10 12 1 10 12 1 11 12 1 1 9 7 12 1 1 1 10 7 1 10 9 12 1 1 10 7 12 1 1 9 7 12 1 1 1 9 12 1 10 12 1 1 9 12 1 1 9 12 1 100 1 8 1 10 12 1 9 12 1 10 12 1 10 12 1 1 10 7 12 1 1 1 8 1 8 1 10 7 12 1 1 1 8 1 10 12 10 7 12 1 1 1 10 12 1 1 10 12 1 8 1 8 1 8 1 8 1 10 12 1 1 10 7 12 1 1 100 1 9 12 1 1 10 12 1 1 9 12 1 10 12 1 9 12 1 10 12 1 9 12 1 10 12 1 9 12 1 10 12 1 1 10 7 12 1 1 1 10 12 1 1 7 1 10 10 12 1 1 10 100 1 10 12 1 1 10 12 1 1 8 1 10 12 1 8 1 10 7 12 1 1 1 100 1 8 1 10 12 1 10 100 12 1 1 1 9 7 12 1 1 1 10 12 1 1 8 1 10 100 12 1 1 1 9 12 1 1 100 1 8 1 10 12 1 1 10 12 1 1 10 7 12 1 1 1 9 12 1 8 1 10 12 1 10 10 10 12 1 10 10 12 1 1 10 12 1 1 100 1 7 1 10 8 1 10 12 1 1 10 12 1 10 12 1 10 10 100 12 1 1 1 10 12 1 1 10 7 12 1 1 1 10 12 1 10 12 1 10 12 1 8 1 10 12 1 10 12 1 10 12 10 12 1 10 8 1 9 12 1 10 7 12 1 1 1 10 10 12 1 10 8 1 10 12 1 10 10 12 1 10 12 1 1 11 7 12 1 1 1 11 7 12 1 1 11 12 1 1 10 12 1 10 12 1 10 12 1 10 8 1 10 12 1 1 10 12 1 1 10 12 1 1 10 12 1 7 1 8 1 8 1 10 8 1 10 8 1 8 1 10 12 1 1 10 12 1 10 12 1 1 10 12 1 1 10 12 1 10 12 1 100 1 10 12 1 1 8 1 9 7 12 1 1 1 10 7 12 1 1 10 12 1 1 10 12 1 10 100 12 1 1 1 10 12 1 1 10 12 1 1 8 1 10 100 12 1 1 10 12 1 1 10 12 1 8 1 100 1 10 12 1 10 12 1 1 10 100 12 1 1 1 10 12 1 1 11 100 12 1 1 1 18 12 1 1 11 100 12 1 1 1 18 12 1 1 11 12 1 1 18 12 1 10 12 1 10 12 1 10 12 1 1 11 12 1 1 100 100 1 10 10 12 1 1 8 1 10 12 1 100 1 100 1 10 12 1 9 12 1 1 10 12 1 10 10 12 1 10 100 1 8 1 10 10 12 1 10 12 1 10 10 8 1 8 1 8 1 9 12 1 10 12 1 10 12 1 8 1 10 12 1 10 12 1 10 100 12 1 1 18 12 1 10 12 1 8 1 10 12 1 10 12 1 8 1 10 100 12 1 1 1 11 12 1 1 18 12 1 11 12 1 1 10 12 1 10 100 12 1 1 1 8 1 10 100 12 1 1 8 1 8 1 8 1 8 1 8 1 10 12 1 10 12 1 10 100 12 1 1 1 10 100 12 1 1 100 1 10 12 1 10 10 12 1 10 12 1 10 8 1 10 12 1 1 8 1 8 1 9 12 1 8 1 8 1 9 12 1 10 100 12 1 1 1 9 7 12 1 1 1 10 10 12 1 10 10 12 1 1 10 12 1 1 100 1 10 12 1 1 10 12 1 1 10 7 12 1 1 7 1 10 10 12 1 1 9 12 1 9 12 1 9 12 1 9 12 1 9 12 1 9 12 1 9 12 1 9 12 1 9 12 1 9 12 1 9 12 1 9 12 1 9 12 1 9 12 1 9 12 1 9 12 1 9 12 1 9 12 1 9 12 1 9 12 1 9 12 1 10 12 7 1 10 12 1 9 12 1 1 9 12 1 1 100 1 100 1 1 1 1 1 1 3 1 3 1 1 5 0 1 3 1 3 1 3 1 3 1 3 1 3 1 1 1 1 1 1 1 1 1 1 1 1 1 1 1 1 1 1 1 1 1 1 1 1 1 1 1 1 1 1 1 1 1 1 1 1 1 1 1 1 1 1 1 1 1 1 1 1 1 1 1 1 1 1 1 1 1 1 1 1 100 1 1 1 1 1 1 1 1 1 1 1 1 1 1 1 1 1 1 1 1 1 1 1 1 1 1 1 1 1 1 1 1 1 1 1 1 1 1 1 100 1 1 1 1 1 1 1 1 1 1 1 1 1 1 1 1 1 1 7 1 1 1 1 1 1 1 1 7 1 1 7 1 1 1 1 1 1 1 1 1 1 1 1 1 1 1 1 1 1 1 1 1 1 1 1 1 1 1 1 1 1 7 1 7 1 100 1 100 1 100 1 1 15 10 100 12 1 1 1 16 15 10 12 16 16 15 16 15 10 12 15 10 12 16 15 10 12 16 1 1 1 1 1 1 100 1 1 1 1 1 1 1 100 1 100 1 1
staticfield java/util/Locale ENGLISH Ljava/util/Locale; java/util/Locale
staticfield java/util/Locale FRENCH Ljava/util/Locale; java/util/Locale
staticfield java/util/Locale GERMAN Ljava/util/Locale; java/util/Locale
staticfield java/util/Locale ITALIAN Ljava/util/Locale; java/util/Locale
staticfield java/util/Locale JAPANESE Ljava/util/Locale; java/util/Locale
staticfield java/util/Locale KOREAN Ljava/util/Locale; java/util/Locale
staticfield java/util/Locale CHINESE Ljava/util/Locale; java/util/Locale
staticfield java/util/Locale SIMPLIFIED_CHINESE Ljava/util/Locale; java/util/Locale
staticfield java/util/Locale TRADITIONAL_CHINESE Ljava/util/Locale; java/util/Locale
staticfield java/util/Locale FRANCE Ljava/util/Locale; java/util/Locale
staticfield java/util/Locale GERMANY Ljava/util/Locale; java/util/Locale
staticfield java/util/Locale ITALY Ljava/util/Locale; java/util/Locale
staticfield java/util/Locale JAPAN Ljava/util/Locale; java/util/Locale
staticfield java/util/Locale KOREA Ljava/util/Locale; java/util/Locale
staticfield java/util/Locale UK Ljava/util/Locale; java/util/Locale
staticfield java/util/Locale US Ljava/util/Locale; java/util/Locale
staticfield java/util/Locale CANADA Ljava/util/Locale; java/util/Locale
staticfield java/util/Locale CANADA_FRENCH Ljava/util/Locale; java/util/Locale
staticfield java/util/Locale ROOT Ljava/util/Locale; java/util/Locale
staticfield java/util/Locale CONSTANT_LOCALES Ljava/util/Map; java/util/HashMap
staticfield java/util/Locale CHINA Ljava/util/Locale; java/util/Locale
staticfield java/util/Locale PRC Ljava/util/Locale; java/util/Locale
staticfield java/util/Locale TAIWAN Ljava/util/Locale; java/util/Locale
staticfield java/util/Locale serialPersistentFields [Ljava/io/ObjectStreamField; 6 [Ljava/io/ObjectStreamField;
staticfield java/util/Locale $assertionsDisabled Z 1
ciMethod java/util/Locale getLanguage ()Ljava/lang/String; 90 0 1149 0 0
ciInstanceKlass java/util/LinkedHashSet 1 1 70 10 7 12 1 1 1 4 11 7 12 1 1 1 10 7 12 1 1 1 10 7 12 1 1 1 100 1 10 100 12 1 1 1 100 1 100 1 100 1 1 1 1 5 0 1 1 1 1 1 1 1 1 1 1 1 1 1 1 1 1 1 1 1 1 1 1 1 1 1
ciInstanceKlass java/util/Collections$EmptyMap 1 1 125 10 7 12 1 1 1 10 7 12 1 1 1 100 1 11 12 1 1 10 100 12 1 1 1 100 1 10 9 12 1 1 7 1 100 1 1 1 1 5 0 1 1 1 1 1 1 1 1 1 1 1 1 1 1 1 1 1 1 1 1 1 1 1 1 1 1 1 1 1 1 1 1 1 1 1 1 1 1 1 1 1 1 1 1 1 1 1 1 1 1 1 1 1 1 1 1 1 1 1 1 1 1 1 1 1 1 1 1 1 1 1 1 1 1 1 1 1 1 1 1 1 100 1 1
ciInstanceKlass java/lang/PublicMethods$Key 1 1 91 10 7 12 1 1 1 10 7 12 1 1 1 9 7 12 1 1 1 9 12 1 1 10 7 12 1 1 1 9 12 1 1 10 7 12 1 1 1 10 7 12 1 1 10 7 12 1 1 1 10 12 1 1 7 1 10 10 7 12 1 1 1 1 1 1 1 1 1 1 1 1 1 1 1 1 1 1 1 1 1 1 1 1 1 1 100 1 1 1 1
staticfield java/lang/PublicMethods$Key reflectionFactory Ljdk/internal/reflect/ReflectionFactory; jdk/internal/reflect/ReflectionFactory
ciInstanceKlass java/lang/invoke/MethodType$ConcurrentWeakInternSet$WeakEntry 1 1 57 10 7 12 1 1 1 10 7 12 1 1 1 9 7 12 1 1 1 10 12 1 1 10 12 1 1 1 1 1 1 1 1 1 1 1 1 1 1 1 1 1 1 1 1 1 1 1 1 1 100 1 1 100 1 1 1
instanceKlass java/util/LinkedHashMap$Entry
ciInstanceKlass java/util/HashMap$Node 1 1 95 10 7 12 1 1 1 9 7 12 1 1 1 9 12 1 1 9 12 1 9 12 1 1 100 1 10 10 12 1 1 8 1 10 12 1 10 12 1 1 10 100 12 1 1 1 100 1 11 12 1 1 10 12 1 1 11 12 1 1 1 1 1 1 1 1 1 1 1 1 1 1 1 1 1 1 1 1 1 1 1 1 1 1 1 1 1 1 100 1 1 1 100 1 1
instanceKlass java/util/HashMap$TreeNode
ciInstanceKlass java/util/LinkedHashMap$Entry 1 1 41 10 7 12 1 1 1 100 1 1 1 1 1 1 1 1 1 1 1 1 1 1 1 1 1 1 1 1 1 1 1 1 1 1 100 1 1 100 1 1 1
ciInstanceKlass java/util/HashMap$TreeNode 1 1 250 7 1 10 7 12 1 1 1 9 7 12 1 1 1 9 12 1 1 9 12 1 9 12 1 1 9 12 1 1 10 12 1 1 100 1 10 12 1 9 12 1 9 12 1 9 12 1 1 10 100 12 1 1 1 10 12 1 1 10 12 1 1 10 12 1 1 10 12 1 1 10 12 1 1 10 7 12 1 1 1 10 100 12 1 1 1 10 100 12 1 1 1 9 12 1 10 12 1 1 10 12 1 1 10 12 1 1 10 12 1 1 9 7 1 10 12 1 1 10 12 1 1 10 12 1 10 12 1 1 10 12 1 10 12 1 10 12 1 1 1 1 1 1 1 1 1 1 1 1 1 1 1 1 1 1 1 1 1 1 1 1 1 1 100 1 1 1 1 1 1 1 1 1 1 1 1 1 1 1 1 1 1 1 1 1 1 1 1 1 1 1 1 1 1 1 1 1 1 1 1 1 1 1 1 1 1 1 1 1 1 1 1 1 1 1 1 1 1 1 1 1 1 1 1 1 1 1 1 1 1 1 1 1 1 1 1 1 1 1 1 1 1 1 1 100 1 1 1 1
staticfield java/util/HashMap$TreeNode $assertionsDisabled Z 1
ciInstanceKlass sun/security/util/Debug 1 1 353 10 100 12 1 1 1 9 100 12 1 1 1 10 100 12 1 1 8 1 10 12 1 8 1 8 1 8 1 8 1 8 1 8 1 8 1 8 1 8 1 8 1 8 1 8 1 8 1 8 1 8 1 8 1 8 1 8 1 8 1 8 1 8 1 8 1 8 1 8 1 8 1 8 1 8 1 8 1 8 1 8 1 8 1 8 1 8 1 8 1 8 1 8 1 8 1 8 1 8 1 8 1 8 1 8 1 8 1 8 1 10 12 1 1 10 7 12 1 1 1 10 12 1 1 10 9 12 1 1 9 12 1 8 1 10 100 12 1 1 1 8 1 100 1 10 10 12 1 1 8 1 10 12 1 1 8 1 10 12 1 1 10 100 12 1 1 8 1 10 12 1 1 10 12 1 8 1 8 1 10 100 12 1 1 10 12 1 1 10 12 8 1 10 12 1 8 1 10 12 1 8 1 8 1 10 12 1 8 1 8 1 100 1 10 12 8 1 8 1 8 1 10 100 12 1 1 1 10 12 1 1 10 10 100 12 1 1 1 10 12 1 10 12 1 1 8 1 8 1 10 12 1 1 10 12 1 1 8 1 8 1 8 1 10 9 100 12 1 1 1 10 12 1 1 8 1 10 100 12 1 1 1 10 12 1 1 8 1 10 7 12 1 1 1 8 1 8 1 10 12 1 8 1 10 12 1 1 10 12 1 1 1 1 1 1 1 1 1 1 1 1 1 1 1 1 1 1 1 1 1 1 1 1 1 1 1 1 1 1 1 1 1 1 1 1 1 1 1 1 1 1 1
ciMethod sun/security/util/Debug println (Ljava/lang/String;)V 0 0 1 0 -1
ciInstanceKlass jdk/internal/loader/ClassLoaderValue 1 1 44 10 7 12 1 1 1 10 100 12 1 1 1 10 100 12 1 1 1 10 100 12 1 1 1 1 1 1 1 1 1 1 1 1 1 1 1 1 1 1 1 1 1 1
instanceKlass java/util/concurrent/ConcurrentHashMap$TreeBin
instanceKlass java/util/concurrent/ConcurrentHashMap$TreeNode
instanceKlass java/util/concurrent/ConcurrentHashMap$ForwardingNode
instanceKlass java/util/concurrent/ConcurrentHashMap$ReservationNode
ciInstanceKlass java/util/concurrent/ConcurrentHashMap$Node 1 1 97 10 7 12 1 1 1 9 7 12 1 1 1 9 12 1 1 9 12 1 10 12 1 9 12 1 1 10 12 1 1 10 100 12 1 1 1 100 1 10 100 1 11 12 1 1 11 12 1 10 12 1 1 1 1 1 1 1 1 1 1 1 1 1 1 1 1 1 1 1 1 1 1 1 1 1 1 1 1 1 1 1 1 1 1 1 1 1 1 1 100 1 1 1 100 1 1
ciInstanceKlass java/util/concurrent/ConcurrentHashMap$ForwardingNode 1 1 71 100 1 10 7 12 1 1 1 9 7 12 1 1 1 10 12 1 1 9 12 1 1 9 12 1 1 10 100 12 1 1 1 10 12 1 1 9 12 1 1 1 1 1 1 1 1 1 1 1 1 1 1 1 1 1 1 1 1 1 1 1 100 1 1 1 1 1 1 1 1
ciInstanceKlass java/util/concurrent/ConcurrentHashMap$ReservationNode 1 1 34 100 1 10 7 12 1 1 1 100 1 1 1 1 1 1 1 1 1 1 1 1 1 1 1 1 1 1 1 1 1 1 1 1
ciInstanceKlass java/util/concurrent/locks/LockSupport 1 1 94 10 100 12 1 1 1 9 7 12 1 1 1 9 12 1 1 10 7 12 1 1 1 10 7 12 1 1 1 10 12 1 1 10 12 1 1 10 12 1 1 100 1 10 10 12 1 1 9 12 1 10 12 1 1 10 12 1 1 8 1 10 12 1 1 8 1 1 1 1 1 1 1 1 1 1 1 1 1 1 1 1 1 1 1 1 1 1 1 1 1 1 1 1
staticfield java/util/concurrent/locks/LockSupport U Ljdk/internal/misc/Unsafe; jdk/internal/misc/Unsafe
staticfield java/util/concurrent/locks/LockSupport PARKBLOCKER J 76
staticfield java/util/concurrent/locks/LockSupport TID J 32
ciMethod java/util/concurrent/ConcurrentHashMap$Node find (ILjava/lang/Object;)Ljava/util/concurrent/ConcurrentHashMap$Node; 0 0 1 0 -1
ciMethod java/util/concurrent/ConcurrentHashMap$Node <init> (ILjava/lang/Object;Ljava/lang/Object;)V 1024 0 39424 0 -1
ciInstanceKlass java/util/Collections$EmptyList 1 1 150 10 7 12 1 1 1 10 7 12 1 1 1 10 12 1 1 11 100 12 1 1 1 7 1 100 1 100 1 10 8 1 10 12 1 1 10 12 1 10 12 1 1 10 12 1 7 1 11 10 100 12 1 1 1 10 100 12 1 1 1 9 12 1 1 7 1 100 1 100 1 1 1 1 5 0 1 1 1 1 1 1 1 1 1 1 1 1 1 1 1 1 1 1 1 1 1 1 1 1 1 1 1 1 1 1 1 1 1 1 1 1 1 1 1 1 1 1 1 1 1 1 1 1 1 1 1 1 1 1 1 1 1 1 1 1 1 1 1 1 1 1 1 1 1 1 1 1 1 1
ciMethod java/util/Collections$EmptyList isEmpty ()Z 516 0 258 0 0
ciInstanceKlass sun/util/locale/BaseLocale 1 1 274 10 7 12 1 1 1 10 7 12 1 1 1 10 7 12 1 1 1 9 7 12 1 1 1 10 12 1 9 12 1 10 12 1 9 12 1 9 12 1 8 1 10 12 1 10 12 1 1 9 12 1 1 10 12 1 10 12 1 1 10 12 1 10 12 1 7 1 10 9 7 12 1 1 1 10 12 1 1 10 12 1 1 8 1 8 1 8 1 8 1 8 1 8 1 9 12 1 1 100 1 8 1 10 12 1 100 1 10 8 1 10 12 1 1 10 12 1 10 12 1 1 8 1 8 1 8 1 10 9 12 1 1 10 7 12 1 1 1 8 1 10 12 1 1 8 1 8 1 8 1 8 1 8 1 8 1 8 1 8 1 8 1 8 1 8 1 8 1 8 1 8 1 8 1 8 1 10 7 12 1 1 1 8 1 8 1 10 7 12 1 1 1 8 1 10 12 1 1 1 1 1 1 1 3 1 3 1 3 1 3 1 3 1 3 1 3 1 3 1 3 1 3 1 3 1 3 1 3 1 3 1 3 3 1 3 1 3 1 3 1 3 1 8 1 1 1 1 1 1 1 1 1 1 1 1 1 100 1 1 1 1 1 1 1 1 1 1 1 1 1 1 1 1
staticfield sun/util/locale/BaseLocale OLD_ISO_CODES Z 0
ciMethod java/util/Set add (Ljava/lang/Object;)Z 0 0 1 0 -1
ciMethod sun/util/locale/BaseLocale getLanguage ()Ljava/lang/String; 512 0 256 0 0
ciMethod java/util/concurrent/locks/LockSupport unpark (Ljava/lang/Thread;)V 58 0 10615 0 -1
ciMethod java/util/HashMap$TreeNode getTreeNode (ILjava/lang/Object;)Ljava/util/HashMap$TreeNode; 0 0 1 0 -1
ciMethod java/util/LinkedHashSet <init> ()V 512 0 5499 0 -1
ciMethod java/util/HashMap getNode (Ljava/lang/Object;)Ljava/util/HashMap$Node; 13336 30 31380 0 576
ciMethod java/util/HashMap hash (Ljava/lang/Object;)I 830 0 85457 0 192
ciMethod java/util/HashMap <init> (I)V 42 0 22932 0 -1
ciMethod java/util/AbstractList <init> ()V 318 0 295511 0 64
ciMethod java/util/AbstractCollection <init> ()V 786 0 369102 0 64
ciMethod java/util/Collections emptyMap ()Ljava/util/Map; 276 0 36307 0 64
ciMethod java/util/Collections emptyList ()Ljava/util/List; 534 0 49728 0 64
ciMethod java/util/Arrays copyOfRange ([BII)[B 5086 0 8827 0 736
ciMethod java/util/Arrays copyOf ([Ljava/lang/Object;I)[Ljava/lang/Object; 54 0 16262 0 672
ciMethod java/util/Arrays copyOf ([Ljava/lang/Object;ILjava/lang/Class;)[Ljava/lang/Object; 202 0 5498 0 -1
ciMethod java/lang/Math max (II)I 512 0 421976 0 -1
ciMethod java/lang/Math min (II)I 512 0 104142 0 -1
ciMethod java/util/Set remove (Ljava/lang/Object;)Z 0 0 1 0 -1
ciMethod java/util/Map isEmpty ()Z 0 0 1 0 -1
ciMethod java/util/Map put (Ljava/lang/Object;Ljava/lang/Object;)Ljava/lang/Object; 0 0 1 0 -1
ciMethod java/util/Map get (Ljava/lang/Object;)Ljava/lang/Object; 0 0 1 0 -1
ciMethod jdk/internal/misc/Unsafe getReferenceAcquire (Ljava/lang/Object;J)Ljava/lang/Object; 1024 0 7046 0 -1
ciMethod jdk/internal/misc/Unsafe compareAndSetInt (Ljava/lang/Object;JII)Z 768 0 384 0 -1
ciMethod jdk/internal/misc/Unsafe getAndAddInt (Ljava/lang/Object;JI)I 512 0 3813 0 -1
ciMethod java/lang/StringBuilder <init> ()V 176 0 212564 0 -1
ciMethod java/lang/StringBuilder toString ()Ljava/lang/String; 178 0 241858 0 -1
ciMethod java/lang/StringBuilder append (Ljava/lang/String;)Ljava/lang/StringBuilder; 346 0 521494 0 -1
ciMethod java/lang/String length ()I 838 0 1121334 0 96
ciMethod java/lang/String <init> ([BB)V 512 0 41779 0 256
ciMethod java/lang/String equals (Ljava/lang/Object;)Z 9856 0 18545 0 384
ciMethod java/lang/String hashCode ()I 10484 0 17112 0 480
ciMethod java/lang/String indexOf (I)I 514 0 443127 0 736
ciMethod java/lang/String indexOf (II)I 514 0 413654 0 896
ciMethod java/lang/String coder ()B 1024 0 1329403 0 64
ciMethod java/lang/String isLatin1 ()Z 942 0 2581654 0 96
ciMethod java/lang/String checkBoundsBeginEnd (III)V 4692 0 9648 0 160
ciMethod java/lang/String startsWith (Ljava/lang/String;I)Z 512 3366 9044 0 1088
ciMethod java/lang/String startsWith (Ljava/lang/String;)Z 512 0 155146 0 832
ciMethod java/lang/String substring (II)Ljava/lang/String; 25522 0 20114 0 2304
ciMethod java/lang/String substring (I)Ljava/lang/String; 0 0 30244 0 2240
ciMethod java/lang/String toLowerCase (Ljava/util/Locale;)Ljava/lang/String; 24 0 56588 0 2112
ciMethod java/lang/String toUpperCase (Ljava/util/Locale;)Ljava/lang/String; 1786 0 27548 0 -1
ciMethod java/lang/String intern ()Ljava/lang/String; 770 0 385 0 -1
ciMethod java/util/concurrent/ConcurrentHashMap put (Ljava/lang/Object;Ljava/lang/Object;)Ljava/lang/Object; 530 0 16033 0 96
ciMethod java/util/concurrent/ConcurrentHashMap get (Ljava/lang/Object;)Ljava/lang/Object; 8296 542 43831 0 768
ciMethod java/util/concurrent/ConcurrentHashMap spread (I)I 1024 0 81036 0 96
ciMethod java/util/concurrent/ConcurrentHashMap tabAt ([Ljava/util/concurrent/ConcurrentHashMap$Node;I)Ljava/util/concurrent/ConcurrentHashMap$Node; 4136 0 8602 0 64
ciMethod java/util/concurrent/ConcurrentHashMap putVal (Ljava/lang/Object;Ljava/lang/Object;Z)Ljava/lang/Object; 9666 2320 39547 0 -1
ciMethod java/util/concurrent/ConcurrentHashMap initTable ()[Ljava/util/concurrent/ConcurrentHashMap$Node; 242 0 436 0 -1
ciMethod java/util/concurrent/ConcurrentHashMap casTabAt ([Ljava/util/concurrent/ConcurrentHashMap$Node;ILjava/util/concurrent/ConcurrentHashMap$Node;Ljava/util/concurrent/ConcurrentHashMap$Node;)Z 1024 0 1666 0 -1
ciMethod java/util/concurrent/ConcurrentHashMap helpTransfer ([Ljava/util/concurrent/ConcurrentHashMap$Node;Ljava/util/concurrent/ConcurrentHashMap$Node;)[Ljava/util/concurrent/ConcurrentHashMap$Node; 0 0 1 0 -1
ciMethod java/util/concurrent/ConcurrentHashMap treeifyBin ([Ljava/util/concurrent/ConcurrentHashMap$Node;I)V 0 0 1 0 -1
ciMethod java/util/concurrent/ConcurrentHashMap addCount (JI)V 4178 12 22198 0 -1
ciMethod java/util/ArrayList isEmpty ()Z 520 0 5886 0 96
ciMethod java/util/ArrayList add (Ljava/lang/Object;)Z 512 0 96517 0 1984
ciMethod java/util/ArrayList <init> (I)V 23618 0 17349 0 800
ciMethod java/util/ArrayList add (Ljava/lang/Object;[Ljava/lang/Object;I)V 512 0 96517 0 2048
ciMethod java/util/ArrayList grow (I)[Ljava/lang/Object; 4166 0 10421 0 1536
ciMethod java/util/ArrayList grow ()[Ljava/lang/Object; 20 0 10172 0 0
instanceKlass android/media/MediaCodec$CodecException
instanceKlass android/media/MediaCodec$CodecException
instanceKlass java/util/concurrent/CancellationException
instanceKlass android/app/ServiceStartNotAllowedException
instanceKlass org/bouncycastle/util/encoders/EncoderException
instanceKlass org/bouncycastle/util/encoders/DecoderException
instanceKlass java/nio/channels/ClosedSelectorException
ciInstanceKlass java/lang/IllegalStateException 1 1 35 10 7 12 1 1 1 10 12 1 10 12 1 10 12 1 100 1 1 1 1 5 0 1 1 1 1 1 1 1 1 1 1 1 1
instanceKlass com/android/org/conscrypt/OpenSSLProvider
instanceKlass org/bouncycastle/jce/provider/BouncyCastleProvider
instanceKlass org/conscrypt/OpenSSLProvider
instanceKlass sun/security/provider/certpath/ldap/JdkLDAP
instanceKlass com/sun/security/sasl/Provider
instanceKlass java/security/AuthProvider
instanceKlass sun/security/smartcardio/SunPCSC
instanceKlass com/sun/crypto/provider/SunJCE
instanceKlass sun/security/ssl/SunJSSE
instanceKlass sun/security/ec/SunEC
instanceKlass sun/security/jgss/SunProvider
instanceKlass org/jcp/xml/dsig/internal/dom/XMLDSigRI
instanceKlass sun/security/mscapi/SunMSCAPI
instanceKlass com/sun/security/sasl/gsskerb/JdkSASL
instanceKlass sun/security/rsa/SunRsaSign
instanceKlass sun/security/provider/Sun
instanceKlass sun/security/jca/ProviderList$1
ciInstanceKlass java/security/Provider 1 1 822 10 7 12 1 1 1 10 12 1 10 12 1 1 10 7 12 1 1 1 100 1 100 1 10 7 12 1 1 1 9 7 12 1 1 1 9 12 1 1 9 12 1 1 9 12 1 1 10 12 1 1 9 12 1 9 12 1 7 1 10 9 12 1 1 10 12 1 9 12 1 1 10 12 1 100 1 8 1 10 12 1 7 1 10 10 12 1 1 8 1 10 12 1 8 1 10 12 1 9 12 1 1 8 1 8 1 10 7 12 1 1 10 12 1 8 1 8 1 10 12 1 1 10 12 1 1 8 1 10 12 1 10 100 12 1 1 1 11 7 12 1 1 10 100 1 8 1 10 10 12 1 10 12 1 1 10 12 1 1 10 12 1 1 8 1 8 1 10 12 1 8 1 8 1 10 12 1 1 10 12 1 8 1 8 1 10 12 1 1 10 12 1 8 1 10 12 1 1 10 12 8 1 10 12 1 1 8 1 10 12 1 1 8 1 10 12 1 1 8 1 10 12 1 8 1 10 12 1 1 10 12 1 10 12 1 10 12 1 1 10 12 1 1 10 12 1 10 12 1 1 100 1 10 10 7 12 1 1 1 10 100 12 1 1 8 1 10 12 1 1 10 12 1 8 1 8 1 8 1 10 7 12 1 1 1 10 7 12 1 1 7 1 10 11 7 12 1 1 1 11 7 12 1 1 1 11 12 1 1 7 1 11 12 1 11 12 1 11 9 12 1 1 10 100 12 1 1 10 12 1 8 1 10 12 1 1 9 12 1 9 12 1 7 1 10 10 12 1 1 11 12 1 10 11 12 10 11 12 1 10 11 12 10 11 12 1 10 11 12 1 10 11 12 1 10 11 12 1 10 11 12 1 10 11 12 1 10 11 12 1 9 12 1 9 12 1 9 12 1 9 12 1 10 10 12 1 1 10 12 1 7 1 10 12 1 11 12 8 1 10 12 1 9 7 12 1 1 1 10 12 1 1 8 1 9 12 1 10 12 1 1 10 12 1 10 12 1 7 1 10 12 1 11 10 12 1 10 12 1 9 12 1 8 1 10 12 1 9 12 1 10 12 1 1 8 1 10 12 1 9 12 1 1 10 12 1 1 11 12 1 10 12 1 10 7 12 1 1 10 10 9 12 1 9 12 1 9 10 12 1 7 1 10 11 11 12 1 1 8 1 10 10 12 1 1 100 1 8 1 10 10 12 1 10 12 1 10 12 1 1 10 12 1 1 11 7 1 10 12 1 10 7 12 1 1 11 12 1 11 12 8 1 8 1 8 1 11 10 12 1 1 8 1 10 12 1 8 1 9 12 1 8 1 10 12 1 7 1 10 12 1 9 12 1 9 8 8 1 10 12 1 1 9 12 1 1 10 12 1 1 8 1 8 1 10 12 1 8 1 8 1 8 1 8 1 8 1 8 1 8 1 8 1 8 1 8 1 8 1 8 1 8 1 8 1 8 1 8 1 8 1 8 1 8 1 8 1 8 1 8 1 8 1 8 1 8 1 8 1 8 1 8 1 8 1 8 1 8 1 8 1 8 1 1 1 1 5 0 1 1 1 1 1 1 1 1 1 1 1 1 1 1 1 1 1 1 1 1 1 1 1 1 1 1 1 1 1 1 1 1 1 1 1 1 1 1 1 100 1 1 1 1 1 1 1 1 1 1 1 1 1 1 1 1 1 1 1 1 1 1 1 1 1 1 1 1 1 1 1 1 1 1 1 1 1 1 1 1 1 1 100 1 1 1 1 1 1 1 1 1 1 1 1 1 1 1 1 1 1 1 100 1 100 1 1 1 1 1 1 1 1 1 1 1 1 1 1 1 1 1 1 1 1 100 1 1 1 1 1 1 1
staticfield java/security/Provider debug Lsun/security/util/Debug; null
staticfield java/security/Provider EMPTY [Ljava/lang/Object; 0 [Ljava/lang/Object;
staticfield java/security/Provider ALIAS_LENGTH I 10
staticfield java/security/Provider knownEngines Ljava/util/Map; java/util/HashMap
ciInstanceKlass java/security/Provider$ServiceKey 1 1 63 10 7 12 1 1 1 9 7 12 1 1 1 9 12 1 9 7 12 1 1 1 10 7 12 1 1 1 10 12 1 1 9 12 1 10 12 1 1 10 12 1 1 1 1 1 1 1 1 1 1 1 1 1 1 1 1 1 1 7 1 1 1
ciInstanceKlass java/security/Provider$EngineDescription 1 1 56 10 7 12 1 1 1 9 7 12 1 1 1 9 12 1 1 9 12 1 9 12 1 1 10 100 12 1 1 1 1 1 1 1 1 1 1 1 1 1 1 1 1 1 1 1 100 1 1 1 1 1 100 1 1 1
instanceKlass sun/security/provider/certpath/ldap/JdkLDAP$ProviderService
instanceKlass com/sun/security/sasl/Provider$ProviderService
instanceKlass sun/security/smartcardio/SunPCSC$ProviderService
instanceKlass sun/security/ec/SunEC$ProviderService
instanceKlass sun/security/jgss/SunProvider$ProviderService
instanceKlass org/jcp/xml/dsig/internal/dom/XMLDSigRI$ProviderService
instanceKlass sun/security/mscapi/SunMSCAPI$ProviderService
instanceKlass com/sun/security/sasl/gsskerb/JdkSASL$ProviderService
ciInstanceKlass java/security/Provider$Service 1 1 456 10 7 12 1 1 1 9 7 12 1 1 1 9 12 1 1 9 12 1 9 7 12 1 1 1 11 7 12 1 1 1 7 1 9 12 1 1 10 7 12 1 1 1 9 12 1 1 10 12 1 1 9 12 1 9 12 1 11 7 12 1 1 1 7 1 10 12 1 11 12 1 1 11 7 1 10 7 1 10 12 1 11 12 1 1 100 1 10 10 12 1 1 10 12 1 10 11 12 1 1 11 7 12 1 1 1 11 7 12 1 1 11 12 1 1 7 1 11 12 1 7 1 11 12 1 9 12 1 1 10 12 1 1 100 1 100 1 10 8 1 10 12 1 1 10 12 1 1 8 1 10 12 1 10 12 1 10 10 12 1 1 9 12 1 10 7 12 1 1 1 100 1 8 1 8 1 10 10 12 1 1 8 1 10 12 1 1 8 1 10 12 1 1 100 1 8 1 8 1 8 1 8 1 10 12 1 1 10 12 1 100 1 10 12 1 1 9 12 1 1 10 7 12 1 1 1 10 12 1 10 12 1 10 12 1 1 7 1 10 12 1 1 9 12 1 1 7 1 10 12 10 12 1 1 10 7 12 1 1 10 12 1 1 10 7 12 1 1 1 8 1 8 1 8 1 10 12 1 7 1 8 1 9 12 1 9 12 1 8 1 7 1 8 1 10 12 1 10 12 1 1 10 12 1 9 12 1 8 1 10 12 1 8 1 10 12 1 1 9 12 1 1 8 1 10 12 1 9 12 1 1 11 12 1 1 7 9 12 1 10 7 12 1 1 1 10 12 1 11 12 1 10 12 1 8 1 8 1 10 8 1 8 1 8 1 8 1 1 1 1 1 1 1 1 1 1 1 1 1 1 1 1 1 1 1 1 1 1 1 1 1 1 1 1 1 1 1 1 1 1 1 1 1 1 1 1 1 1 1 1 1 1 1 1 1 1 1 1 1 1 1 1 1 1 1 1 1 1 1 1 1 1 1 1 1 1 1 100 100 1 1 1 1 1 1 1 1 1 1 1 1 1 1 1 1
staticfield java/security/Provider$Service CLASS0 [Ljava/lang/Class; 0 [Ljava/lang/Class;
ciInstanceKlass java/security/Provider$UString 1 1 56 10 7 12 1 1 1 9 7 12 1 1 1 9 7 12 1 1 1 10 7 12 1 1 1 9 12 1 10 12 1 1 10 12 1 1 1 1 1 1 1 1 1 1 1 1 1 1 1 1 1 1 100 1 1 1
ciInstanceKlass java/util/concurrent/ConcurrentHashMap$TreeNode 1 1 91 10 7 12 1 1 1 9 7 12 1 1 1 10 12 1 1 9 12 1 9 12 1 9 12 1 1 9 12 1 1 10 7 12 1 1 1 10 100 12 1 1 1 10 12 1 1 1 1 1 1 1 1 1 1 1 1 1 1 1 1 1 1 1 1 1 1 1 1 1 1 1 1 1 1 1 1 1 1 1 1 100 1 1 1 1 1 1 1 1 1
ciInstanceKlass java/util/concurrent/ConcurrentHashMap$TreeBin 1 1 273 7 1 10 100 12 1 1 1 10 7 12 1 1 1 10 100 12 1 1 1 10 100 12 1 1 1 10 7 12 1 1 1 9 7 12 1 1 1 9 7 12 1 1 1 9 12 1 9 12 1 9 12 1 9 12 1 1 9 12 1 1 9 12 1 1 10 12 1 1 10 12 1 1 10 12 1 1 10 12 1 1 9 12 1 9 12 1 10 12 1 1 100 1 10 12 1 9 12 1 1 9 12 1 1 10 7 12 1 1 1 10 12 1 9 12 1 9 12 1 1 10 100 12 1 1 1 10 100 12 1 1 1 9 9 10 12 1 1 9 10 12 1 1 10 12 1 1 10 12 1 1 10 12 1 9 12 1 10 12 1 10 12 1 10 12 1 10 12 1 10 12 1 10 12 1 1 8 10 12 1 1 1 1 1 1 3 1 3 1 3 1 1 1 1 1 1 1 1 1 1 1 1 1 1 1 1 1 1 1 1 1 1 1 1 1 1 1 1 1 1 1 1 1 1 100 1 1 1 1 1 1 1 1 1 1 1 1 1 1 1 1 1 1 1 1 1 1 1 1 1 1 1 1 1 1 1 1 1 1 1 1 1 1 1 1 1 1 1 1 1 1 1
staticfield java/util/concurrent/ConcurrentHashMap$TreeBin LOCKSTATE J 28
staticfield java/util/concurrent/ConcurrentHashMap$TreeBin $assertionsDisabled Z 1
ciInstanceKlass kotlin/reflect/jvm/internal/KClassImpl 1 1 681 3 3 3 3 8 8 8 8 8 8 8 8 8 8 8 8 8 8 7 100 100 100 100 100 100 7 7 7 7 100 7 7 7 100 7 100 7 7 7 7 7 7 100 100 7 100 100 7 100 7 7 7 100 7 7 7 100 7 7 7 7 7 7 7 100 100 7 7 100 100 100 100 100 7 100 100 100 100 100 7 7 100 100 7 100 9 9 9 9 9 9 9 9 9 9 9 9 9 9 9 9 9 10 10 10 10 10 10 10 10 10 10 10 10 10 10 10 10 10 10 10 10 10 10 10 10 10 10 10 10 10 10 10 10 10 10 10 10 10 10 10 10 10 10 10 10 10 10 10 10 10 10 10 10 10 10 10 10 10 10 10 10 10 10 10 10 10 10 10 10 10 10 10 10 10 10 10 10 10 10 10 11 11 11 11 11 11 11 11 11 11 11 11 11 11 11 12 12 12 12 12 12 12 12 12 12 12 12 12 12 12 12 12 12 12 12 12 12 12 12 12 12 12 12 12 12 12 12 12 12 12 12 12 12 12 12 12 12 12 12 12 12 12 12 12 12 12 12 12 12 12 12 12 12 12 12 12 12 12 12 12 12 12 12 12 12 12 12 12 12 12 12 12 12 12 12 12 12 12 12 12 12 12 12 12 12 12 12 12 12 12 12 12 12 12 12 12 12 12 12 12 1 1 1 1 1 1 1 1 1 1 1 1 1 1 1 1 1 1 1 1 1 1 1 1 1 1 1 1 1 1 1 1 1 1 1 1 1 1 1 1 1 1 1 1 1 1 1 1 1 1 1 1 1 1 1 1 1 1 1 1 1 1 1 1 1 1 1 1 1 1 1 1 1 1 1 1 1 1 1 1 1 1 1 1 1 1 1 1 1 1 1 1 1 1 1 1 1 1 1 1 1 1 1 1 1 1 1 1 1 1 1 1 1 1 1 1 1 1 1 1 1 1 1 1 1 1 1 1 1 1 1 1 1 1 1 1 1 1 1 1 1 1 1 1 1 1 1 1 1 1 1 1 1 1 1 1 1 1 1 1 1 1 1 1 1 1 1 1 1 1 1 1 1 1 1 1 1 1 1 1 1 1 1 1 1 1 1 1 1 1 1 1 1 1 1 1 1 1 1 1 1 1 1 1 1 1 1 1 1 1 1 1 1 1 1 1 1 1 1 1 1 1 1 1 1 1 1 1 1 1 1 1 1 1 1 1 1 1 1 1 1 1 1 1 1 1 1 1 1 1 1 1 1 1 1 1 1 1 1 1 1 1 1 1 1 1 1 1 1 1 1 1 1 1 1 1 1 1 1 1 1 1 1 1 1 1 1 1 1 1 1 1 1 1 1 1 1 1 1 1 1 1 1 1 1 1 1 1 1 1 1 1 1 1 1 1 1 1 1 1 1 1 1 1 1 1 1 1 1 1 1 1 1 1 1 1 1 1 1 1 1 1 1 1 1 1 1 1 1 1 1 1 1 1 1 1 1 1 1 1 1 1 1 1 1 1 1 1 1 1 1 1 1 1 1 1 1 1 1
ciMethodData java/lang/String isLatin1 ()Z 2 2581654 orig 80 2 0 0 0 1 0 0 0 0 0 0 0 0 0 0 0 0 0 0 0 0 0 0 0 0 0 0 0 0 0 0 0 0 0 0 0 0 0 0 2 0 0 0 0 0 0 0 0 0 0 0 0 0 0 0 0 0 0 0 0 0 0 0 0 0 0 0 0 0 0 0 0 0 0 0 0 0 0 0 0 data 18 0x30007 0x0 0x58 0x2762be 0x80000006000a0007 0x23d 0x38 0x27607b 0xe0003 0x27607a 0x18 0x0 0x0 0x0 0x0 0x9 0x1 0x0 oops 0 methods 0
ciMethodData java/lang/StringLatin1 hashCode ([B)I 2 30535 orig 80 1 0 0 0 0 0 0 0 0 0 0 0 254 127 0 0 0 0 0 0 0 0 0 0 0 0 0 0 0 0 0 0 0 0 0 0 0 0 0 0 0 0 0 0 0 0 0 0 0 0 0 0 0 0 0 0 0 0 0 0 0 0 0 0 0 0 0 0 0 0 0 0 0 0 0 0 0 0 0 0 data 14 0xd0007 0x3f5 0x38 0x6747 0x250003 0x6747 0xffffffffffffffe0 0x0 0x0 0x0 0x0 0x9 0x1 0x0 oops 0 methods 0
ciMethodData java/lang/String hashCode ()I 2 17112 orig 80 2 0 0 0 0 0 0 0 0 0 0 0 116 0 0 0 0 0 0 0 0 0 0 0 0 0 0 0 0 0 0 0 0 0 0 0 0 0 0 1 0 0 0 0 0 0 0 0 0 0 0 0 0 0 0 0 0 0 0 0 0 0 0 0 0 0 0 0 0 0 0 0 0 0 0 0 0 0 0 0 data 42 0x60007 0x2276 0x108 0xbe9 0xd0007 0x49 0xe8 0xba0 0x110005 0xba0 0x0 0x0 0x0 0x0 0x0 0x8000000600140007 0x2 0x48 0xb9f 0x1b0002 0xb9f 0x1e0003 0xb9f 0x28 0x250002 0x2 0x2a0007 0xb8c 0x38 0x15 0x320003 0x15 0x18 0x0 0x0 0x0 0x0 0x0 0x0 0x9 0x1 0xe oops 0 methods 0
ciMethodData java/lang/StringUTF16 hashCode ([B)I 1 929 orig 80 0 0 0 0 0 0 0 0 0 0 0 0 122 1 0 0 0 0 0 0 0 0 0 0 0 0 0 0 0 0 0 0 0 0 0 0 0 0 0 0 0 0 0 0 0 0 0 0 0 0 0 0 0 0 0 0 0 0 0 0 0 0 0 0 0 0 0 0 0 0 0 0 0 0 0 0 0 0 0 0 data 18 0xb0007 0x29 0x48 0x3a1 0x140002 0x3a1 0x1c0003 0x3a1 0xffffffffffffffd0 0x0 0x0 0x0 0x0 0x0 0x0 0x9 0x1 0x0 oops 0 methods 0
ciMethodData java/lang/String equals (Ljava/lang/Object;)Z 2 18545 orig 80 3 0 0 0 0 0 0 0 0 0 0 0 254 127 0 0 0 0 0 0 4 0 0 0 0 0 0 0 0 0 0 0 0 0 0 0 0 0 0 1 0 0 0 0 0 0 0 0 0 0 0 0 0 0 0 0 0 0 0 0 0 0 0 0 0 0 0 0 0 0 0 0 0 0 0 0 0 0 0 0 data 49 0x20007 0x2080 0x20 0x14b3 0x8000000400080104 0xfffffffffffffff2 0x0 0x17a4527e3e0 0x2071 0x17a9b07a920 0x4 0xb0007 0x14 0xe0 0x2071 0xf0004 0x0 0x0 0x17a4527e3e0 0x2071 0x0 0x0 0x160007 0x0 0x40 0x2071 0x8000000600210007 0xc 0x68 0x2066 0x2c0002 0x2066 0x2f0007 0x150d 0x38 0xb59 0x330003 0xb59 0x18 0x0 0x0 0x0 0x0 0x0 0x0 0x9 0x2 0x0 0x0 oops 3 7 java/lang/String 9 kotlin/reflect/jvm/internal/KClassImpl 18 java/lang/String methods 0
ciMethodData java/util/Objects requireNonNull (Ljava/lang/Object;)Ljava/lang/Object; 2 419259 orig 80 1 0 0 0 0 0 0 0 0 0 0 0 255 127 0 0 0 0 0 0 0 0 0 0 0 0 0 0 0 0 0 0 0 0 0 0 0 0 0 0 0 0 0 0 0 0 0 0 0 0 0 0 0 0 0 0 0 0 0 0 0 0 0 0 0 0 0 0 0 0 0 0 0 0 0 0 0 0 0 0 data 15 0x10007 0x6641b 0x30 0x0 0x80002 0x0 0x0 0x0 0x0 0x0 0x0 0x0 0x9 0x1 0x0 oops 0 methods 0
ciMethodData java/util/AbstractCollection <init> ()V 2 369107 orig 80 2 0 0 0 0 0 0 0 0 0 0 0 255 127 0 0 0 0 0 0 0 0 0 0 0 0 0 0 0 0 0 0 0 0 0 0 0 0 0 0 0 0 0 0 0 0 0 0 0 0 0 0 0 0 0 0 0 0 0 0 0 0 0 0 0 0 0 0 0 0 0 0 0 0 0 0 0 0 0 0 data 7 0x10002 0x5a04b 0x0 0x0 0x9 0x1 0x0 oops 0 methods 0
ciMethodData java/lang/String coder ()B 2 1329408 orig 80 1 0 0 0 0 0 0 0 0 0 0 0 122 1 0 0 0 0 0 0 0 0 0 0 0 0 0 0 0 0 0 0 0 0 0 0 0 0 0 0 0 0 0 0 0 0 0 0 0 0 0 0 0 0 0 0 0 0 0 0 0 0 0 0 0 0 0 0 0 0 0 0 0 0 0 0 0 0 0 0 data 14 0x30007 0x0 0x38 0x1446f4 0xa0003 0x1446f5 0x18 0x0 0x0 0x0 0x0 0x9 0x1 0x0 oops 0 methods 0
ciMethodData java/lang/String length ()I 2 1121335 orig 80 1 0 0 0 0 0 0 0 0 0 0 0 255 127 0 0 0 0 0 0 0 0 0 0 0 0 0 0 0 0 0 0 0 0 0 0 0 0 0 0 0 0 0 0 0 0 0 0 0 0 0 0 0 0 0 0 0 0 0 0 0 0 0 0 0 0 0 0 0 0 0 0 0 0 0 0 0 0 0 0 data 16 0x60005 0x111ac3 0x0 0x0 0x0 0x0 0x0 0x0 0x0 0x0 0x0 0x0 0x0 0x9 0x1 0x0 oops 0 methods 0
ciMethodData java/lang/StringLatin1 canEncode (I)Z 2 105411 orig 80 1 0 0 0 0 0 0 0 0 0 0 0 255 127 0 0 0 0 0 0 0 0 0 0 0 0 0 0 0 0 0 0 0 0 0 0 0 0 0 1 0 0 0 0 0 0 0 0 0 0 0 0 0 0 0 0 0 0 0 0 0 0 0 0 0 0 0 0 0 0 0 0 0 0 0 0 0 0 0 0 data 11 0x8000000600040007 0x39 0x38 0x19a88 0x80003 0x19a88 0x18 0x0 0x9 0x1 0x0 oops 0 methods 0
ciMethodData java/lang/String indexOf (I)I 2 443132 orig 80 1 0 0 0 0 0 0 0 0 0 0 0 255 127 0 0 0 0 0 0 0 0 0 0 0 0 0 0 0 0 0 0 0 0 0 0 0 0 0 0 0 0 0 0 0 0 0 0 0 0 0 0 0 0 0 0 0 0 0 0 0 0 0 0 0 0 0 0 0 0 0 0 0 0 0 0 0 0 0 0 data 17 0x30005 0x6c1fc 0x0 0x0 0x0 0x0 0x0 0x0 0x0 0x0 0x0 0x0 0x0 0x9 0x2 0x0 0x0 oops 0 methods 0
ciMethodData java/lang/String indexOf (II)I 2 413654 orig 80 1 0 0 0 0 0 0 0 0 0 0 0 122 1 0 0 0 0 0 0 0 0 0 0 0 0 0 0 0 0 0 0 0 0 0 0 0 0 0 0 0 0 0 0 0 0 0 0 0 0 0 0 0 0 0 0 0 0 0 0 0 0 0 0 0 0 0 0 0 0 0 0 0 0 0 0 0 0 0 0 data 29 0x10005 0x64ed5 0x0 0x0 0x0 0x0 0x0 0x40007 0x76 0x48 0x64e60 0xd0002 0x64e60 0x100003 0x64e61 0x28 0x190002 0x76 0x0 0x0 0x0 0x0 0x0 0x0 0x9 0x3 0x0 0x0 0x0 oops 0 methods 0
ciMethodData java/lang/StringLatin1 indexOf ([BII)I 2 7852 orig 80 1 0 0 0 0 0 0 0 0 0 0 0 122 1 0 0 0 0 0 0 0 0 0 0 0 0 0 0 0 0 0 0 0 0 0 0 0 0 0 0 0 0 0 0 0 0 0 0 0 0 0 0 0 0 0 0 0 0 0 0 0 0 0 0 0 0 0 0 0 0 0 0 0 0 0 0 0 0 0 0 data 30 0x10002 0x1a85 0x40007 0x1a85 0x20 0x0 0xd0007 0x1a85 0x38 0x0 0x120003 0x0 0x38 0x170007 0x18fe 0x20 0x187 0x200002 0x18fe 0x0 0x0 0x0 0x0 0x0 0x0 0x9 0x3 0x0 0x0 0x0 oops 0 methods 0
ciMethodData java/lang/StringUTF16 indexOf ([BII)I 1 406 orig 80 0 0 0 0 0 0 0 0 0 0 0 0 122 1 0 0 0 0 0 0 0 0 0 0 0 0 0 0 0 0 0 0 0 0 0 0 0 0 0 0 0 0 0 0 0 0 0 0 0 0 0 0 0 0 0 0 0 0 0 0 0 0 0 0 0 0 0 0 0 0 0 0 0 0 0 0 0 0 0 0 data 30 0x60007 0x196 0x38 0x0 0xb0003 0x0 0x38 0x100007 0x195 0x20 0x1 0x180007 0x0 0x30 0x195 0x1f0002 0x195 0x270002 0x0 0x0 0x0 0x0 0x0 0x0 0x0 0x9 0x3 0x0 0x0 0x0 oops 0 methods 0
ciMethodData java/lang/StringLatin1 newString ([BII)Ljava/lang/String; 2 24274 orig 80 3 0 0 0 0 0 0 0 0 0 0 0 122 1 0 0 0 0 0 0 0 0 0 0 0 0 0 0 0 0 0 0 0 0 0 0 0 0 0 0 0 0 0 0 0 0 0 0 0 0 0 0 0 0 0 0 0 0 0 0 0 0 0 0 0 0 0 0 0 0 0 0 0 0 0 0 0 0 0 0 data 19 0x10007 0x17f8 0x20 0x10 0x100002 0x17f8 0x140002 0x17f8 0x0 0x0 0x0 0x0 0x0 0x0 0x9 0x3 0xffffffffffffffff 0x0 0x0 oops 0 methods 0
ciMethodData java/lang/StringUTF16 newString ([BII)Ljava/lang/String; 1 510 orig 80 0 0 0 0 0 0 0 0 0 0 0 0 122 1 0 0 0 0 0 0 0 0 0 0 0 0 0 0 0 0 0 0 0 0 0 0 0 0 0 0 0 0 0 0 0 0 0 0 0 0 0 0 0 0 0 0 0 0 0 0 0 0 0 0 0 0 0 0 0 0 0 0 0 0 0 0 0 0 0 0 data 31 0x10007 0x1fb 0x20 0x3 0xb0007 0x0 0x60 0x1fb 0x110002 0x1fb 0x160007 0xc7 0x30 0x134 0x1f0002 0x134 0x320002 0xc7 0x360002 0xc7 0x0 0x0 0x0 0x0 0x0 0x0 0x9 0x3 0xffffffffffffffff 0x0 0x0 oops 0 methods 0
ciMethodData java/lang/String startsWith (Ljava/lang/String;I)Z 2 74836 orig 80 3 0 0 0 0 0 0 0 0 0 0 0 255 127 0 0 0 0 0 0 0 0 0 0 0 0 0 0 0 0 0 0 0 0 0 0 0 0 0 2 0 0 0 0 0 0 0 0 0 0 0 0 0 0 0 0 0 0 0 0 0 0 0 0 0 0 0 0 0 0 0 0 0 0 0 0 0 0 0 0 data 83 0x8000000600010007 0xc 0xb0 0x2249 0x60005 0x2249 0x0 0x0 0x0 0x0 0x0 0xa0005 0x2249 0x0 0x0 0x0 0x0 0x0 0xe0007 0x2240 0x20 0x9 0x270005 0x2240 0x0 0x0 0x0 0x0 0x0 0x2f0005 0x2240 0x0 0x0 0x0 0x0 0x0 0x8000000600320007 0x2 0xb0 0x223f 0x370007 0x0 0x38 0x223f 0x3b0003 0x223f 0x18 0x470007 0xd48 0x40 0x132b7 0x590007 0x11dc1 0xffffffffffffffe0 0x14f6 0x5e0003 0xd48 0x88 0x630007 0x2 0x20 0x0 0x6c0007 0x0 0x50 0x2 0x740002 0x1 0x830007 0x0 0xffffffffffffffd0 0x2 0x0 0x0 0x0 0x0 0x0 0x0 0x9 0x3 0x0 0x0 0x0 oops 0 methods 0
ciMethodData java/lang/String <init> ([BB)V 2 41779 orig 80 2 0 0 0 0 0 0 0 0 0 0 0 255 127 0 0 0 0 0 0 0 0 0 0 0 0 0 0 0 0 0 0 0 0 0 0 0 0 0 0 0 0 0 0 0 0 0 0 0 0 0 0 0 0 0 0 0 0 0 0 0 0 0 0 0 0 0 0 0 0 0 0 0 0 0 0 0 0 0 0 data 11 0x10002 0xa234 0x0 0x0 0x0 0x0 0x9 0x3 0xc 0x0 0x0 oops 0 methods 0
ciMethodData java/util/Arrays copyOfRange ([BII)[B 2 8827 orig 80 1 0 0 0 0 0 0 0 0 0 0 0 255 127 0 0 0 0 0 0 0 0 0 0 0 0 0 0 0 0 0 0 0 0 0 0 0 0 0 0 0 0 0 0 0 0 0 0 0 0 0 0 0 0 0 0 0 0 0 0 0 0 0 0 0 0 0 0 0 0 0 0 0 0 0 0 0 0 0 0 data 51 0x50007 0x188c 0x120 0x0 0x100002 0x0 0x140005 0x0 0x0 0x0 0x0 0x0 0x0 0x1a0005 0x0 0x0 0x0 0x0 0x0 0x0 0x1e0005 0x0 0x0 0x0 0x0 0x0 0x0 0x210005 0x0 0x0 0x0 0x0 0x0 0x0 0x240002 0x0 0x370002 0x188c 0x3a0002 0x188c 0x0 0x0 0x0 0x0 0x0 0x0 0x9 0x3 0xffffffffffffffff 0x0 0x0 oops 0 methods 0
ciMethodData java/lang/String startsWith (Ljava/lang/String;)Z 2 155153 orig 80 1 0 0 0 0 0 0 0 0 0 0 0 0 0 0 0 0 0 0 0 0 0 0 0 0 0 0 0 0 0 0 0 0 0 0 0 0 0 0 0 0 0 0 0 0 0 0 0 0 0 0 0 0 0 0 0 0 0 0 0 0 0 0 0 0 0 0 0 0 0 0 0 0 0 0 0 0 0 0 0 data 17 0x30005 0x25d11 0x0 0x0 0x0 0x0 0x0 0x0 0x0 0x0 0x0 0x0 0x0 0x9 0x2 0x0 0x0 oops 0 methods 0
ciMethodData java/lang/String substring (II)Ljava/lang/String; 2 20114 orig 80 3 0 0 0 0 0 0 0 0 0 0 0 122 1 0 0 0 0 0 0 0 0 0 0 0 0 0 0 0 0 0 0 0 0 0 0 0 0 0 0 0 0 0 0 0 0 0 0 0 0 0 0 0 0 0 0 0 0 0 0 0 0 0 0 0 0 0 0 0 0 0 0 0 0 0 0 0 0 0 0 data 46 0x10005 0x1cb9 0x0 0x0 0x0 0x0 0x0 0x80002 0x1cb9 0xc0007 0xebd 0x40 0xdfc 0x110007 0xb39 0x20 0x2c3 0x1c0005 0x19f6 0x0 0x0 0x0 0x0 0x0 0x1f0007 0x11f 0x48 0x18d7 0x290002 0x18d7 0x2c0003 0x18d7 0x28 0x360002 0x11f 0x0 0x0 0x0 0x0 0x0 0x0 0x9 0x3 0x0 0x0 0x0 oops 0 methods 0
ciMethodData java/lang/String substring (I)Ljava/lang/String; 2 30250 orig 80 2 0 0 0 0 0 0 0 0 0 0 0 122 1 0 0 0 0 0 0 0 0 0 0 0 0 0 0 0 0 0 0 0 0 0 0 0 0 0 0 0 0 0 0 0 0 0 0 0 0 0 0 0 0 0 0 0 0 0 0 0 0 0 0 0 0 0 0 0 0 0 0 0 0 0 0 0 0 0 0 data 24 0x30005 0x762a 0x0 0x0 0x0 0x0 0x0 0x60005 0x762a 0x0 0x0 0x0 0x0 0x0 0x0 0x0 0x0 0x0 0x0 0x0 0x9 0x2 0x0 0x0 oops 0 methods 0
ciMethodData jdk/internal/util/ArraysSupport newLength (III)I 2 14465 orig 80 0 0 0 0 0 0 0 0 0 0 0 0 255 127 0 0 0 0 0 0 0 0 0 0 0 0 0 0 0 0 0 0 0 0 0 0 0 0 0 0 0 0 0 0 0 0 0 0 0 0 0 0 0 0 0 0 0 0 0 0 0 0 0 0 0 0 0 0 0 0 0 0 0 0 0 0 0 0 0 0 data 23 0x30002 0x3781 0xa0007 0x0 0x40 0x3781 0x100007 0x0 0x20 0x3781 0x170002 0x0 0x0 0x0 0x0 0x0 0x0 0x0 0x9 0x3 0x0 0x0 0x0 oops 0 methods 0
ciMethodData java/lang/String checkBoundsBeginEnd (III)V 2 9648 orig 80 1 0 0 0 0 0 0 0 0 0 0 0 255 127 0 0 0 0 0 0 0 0 0 0 0 0 0 0 0 0 0 0 0 0 0 0 0 0 0 0 0 0 0 0 0 0 0 0 0 0 0 0 0 0 0 0 0 0 0 0 0 0 0 0 0 0 0 0 0 0 0 0 0 0 0 0 0 0 0 0 data 76 0x10007 0x0 0x60 0x1c86 0x60007 0x0 0x40 0x1c86 0xb0007 0x1c86 0x1c8 0x0 0x160002 0x0 0x1c0005 0x0 0x0 0x0 0x0 0x0 0x0 0x200005 0x0 0x0 0x0 0x0 0x0 0x0 0x260005 0x0 0x0 0x0 0x0 0x0 0x0 0x2a0005 0x0 0x0 0x0 0x0 0x0 0x0 0x300005 0x0 0x0 0x0 0x0 0x0 0x0 0x340005 0x0 0x0 0x0 0x0 0x0 0x0 0x370005 0x0 0x0 0x0 0x0 0x0 0x0 0x3a0002 0x0 0x0 0x0 0x0 0x0 0x0 0x0 0x9 0x3 0x0 0x0 0x0 oops 0 methods 0
ciMethodData java/util/ArrayList add (Ljava/lang/Object;)Z 2 96517 orig 80 2 0 0 0 0 0 0 0 0 0 0 0 255 127 0 0 0 0 0 0 0 0 0 0 0 0 0 0 0 0 0 0 0 0 0 0 0 0 0 0 0 0 0 0 0 0 0 0 0 0 0 0 0 0 0 0 0 0 0 0 0 0 0 0 0 0 0 0 0 0 0 0 0 0 0 0 0 0 0 0 data 17 0x140005 0x17806 0x0 0x0 0x0 0x0 0x0 0x0 0x0 0x0 0x0 0x0 0x0 0x9 0x2 0xe 0x0 oops 0 methods 0
ciMethodData java/util/ArrayList add (Ljava/lang/Object;[Ljava/lang/Object;I)V 2 96517 orig 80 0 0 0 0 0 0 0 0 0 0 0 0 122 1 0 0 0 0 0 0 0 0 0 0 0 0 0 0 0 0 0 0 0 0 0 0 0 0 0 0 0 0 0 0 0 0 0 0 0 0 0 0 0 0 0 0 0 0 0 0 0 0 0 0 0 0 0 0 0 0 0 0 0 0 0 0 0 0 0 0 data 30 0x30007 0x15692 0x58 0x2174 0x70005 0x2174 0x0 0x0 0x0 0x0 0x0 0xe0104 0x0 0x0 0x17a452811c0 0x212 0x17a4527e3e0 0xa38 0x0 0x0 0x0 0x0 0x0 0x0 0x9 0x4 0xc 0x0 0xffffffffffffffff 0x0 oops 2 14 java/net/URL 16 java/lang/String methods 0
ciMethodData java/util/ArrayList grow ()[Ljava/lang/Object; 2 10172 orig 80 0 0 0 0 0 0 0 0 0 0 0 0 122 1 0 0 0 0 0 0 0 0 0 0 0 0 0 0 0 0 0 0 0 0 0 0 0 0 0 0 0 0 0 0 0 0 0 0 0 0 0 0 0 0 0 0 0 0 0 0 0 0 0 0 0 0 0 0 0 0 0 0 0 0 0 0 0 0 0 0 data 16 0x70005 0x27b2 0x0 0x0 0x0 0x0 0x0 0x0 0x0 0x0 0x0 0x0 0x0 0x9 0x1 0xc oops 0 methods 0
ciMethodData java/util/ArrayList grow (I)[Ljava/lang/Object; 2 10421 orig 80 0 0 0 0 0 0 0 0 0 0 0 0 122 1 0 0 0 0 0 0 0 0 0 0 0 0 0 0 0 0 0 0 0 0 0 0 0 0 0 1 0 0 0 0 0 0 0 0 0 0 0 0 0 0 0 0 0 0 0 0 0 0 0 0 0 0 0 0 0 0 0 0 0 0 0 0 0 0 0 0 data 24 0x70007 0x5cf 0x40 0x1ac3 0x8000000600110007 0x18e1 0x40 0x1e3 0x1b0002 0x7b2 0x250002 0x7b2 0x310002 0x18e1 0x0 0x0 0x0 0x0 0x0 0x0 0x9 0x2 0xc 0x0 oops 0 methods 0
ciMethodData java/util/concurrent/ConcurrentHashMap tabAt ([Ljava/util/concurrent/ConcurrentHashMap$Node;I)Ljava/util/concurrent/ConcurrentHashMap$Node; 2 8602 orig 80 1 0 0 0 0 0 0 0 0 0 0 0 254 127 0 0 0 0 0 0 0 0 0 0 0 0 0 0 0 0 0 0 0 0 0 0 0 0 0 0 0 0 0 0 0 0 0 0 0 0 0 0 0 0 0 0 0 0 0 0 0 0 0 0 0 0 0 0 0 0 0 0 0 0 0 0 0 0 0 0 data 27 0xf000b 0x1987 0x0 0x0 0x0 0x0 0x0 0x2 0x1 0x17a9b07f0e0 0x120104 0x0 0x0 0x17a9b07f030 0xc03 0x17a92aae230 0x410 0x0 0x0 0x0 0x0 0x0 0x0 0x9 0x2 0xffffffffffffffff 0x0 oops 3 9 [Ljava/util/concurrent/ConcurrentHashMap$Node; 13 java/util/concurrent/ConcurrentHashMap$Node 15 java/util/concurrent/ConcurrentHashMap$ForwardingNode methods 0
ciMethodData java/util/concurrent/ConcurrentHashMap spread (I)I 2 81036 orig 80 1 0 0 0 0 0 0 0 0 0 0 0 254 127 0 0 0 0 0 0 0 0 0 0 0 0 0 0 0 0 0 0 0 0 0 0 0 0 0 0 0 0 0 0 0 0 0 0 0 0 0 0 0 0 0 0 0 0 0 0 0 0 0 0 0 0 0 0 0 0 0 0 0 0 0 0 0 0 0 0 data 5 0x0 0x0 0x9 0x1 0x0 oops 0 methods 0
ciMethodData java/util/concurrent/ConcurrentHashMap putVal (Ljava/lang/Object;Ljava/lang/Object;Z)Ljava/lang/Object; 2 42586 orig 80 6 0 0 0 0 0 0 0 0 0 0 0 255 127 0 0 0 0 0 0 1 0 0 0 0 0 0 0 0 0 0 0 0 0 0 0 0 0 0 3 0 0 0 0 0 0 0 0 0 0 0 0 0 0 0 0 0 0 0 0 0 0 0 0 0 0 0 0 0 0 0 0 0 0 0 0 0 0 0 0 data 250 0x10007 0x0 0x40 0x9366 0x50007 0x9365 0x30 0x0 0xc0002 0x0 0x110005 0x1dd8 0x0 0x17a4527e3e0 0x758d 0x17a9225ee50 0x4 0x140002 0x9363 0x240007 0x11e 0x40 0x9365 0x2d0007 0x9366 0x70 0x0 0x310005 0x11e 0x0 0x0 0x0 0x0 0x0 0x360003 0x11e 0x5f8 0x450002 0x9366 0x4b0007 0x40f2 0x78 0x5277 0x5b0002 0x5276 0x5e0002 0x5277 0x8000000600610007 0x2 0x590 0x5276 0x640003 0x5276 0x588 0x700007 0x40f2 0x70 0x0 0x780005 0x0 0x0 0x0 0x0 0x0 0x0 0x7d0003 0x0 0x500 0x810007 0x2288 0xf8 0x1e6a 0x880007 0x164d 0xd8 0x81d 0x940007 0x4 0x98 0x819 0x990007 0x0 0x98 0x819 0x9f0005 0x0 0x0 0x17a4527e3e0 0x818 0x17a9225ef00 0x1 0xa20007 0x0 0x40 0x819 0xad0007 0x0 0x20 0x81d 0xc00002 0x38d7 0xc50007 0x0 0x330 0x38d7 0xca0007 0x3 0x188 0x38d4 0xdb0007 0x49f4 0xf0 0x30b 0x8000000600e70007 0x38 0x98 0x2d4 0xec0007 0x0 0xb0 0x2d4 0x400f20005 0x3 0x0 0x17a4527e3e0 0x2d1 0x17a9225ef00 0x1 0xf50007 0x1 0x58 0x2d4 0x1000007 0x2a7 0x98 0x65 0x1090003 0x65 0x78 0x1180007 0x142b 0x48 0x35ca 0x1250002 0x35ca 0x12b0003 0x35ca 0x30 0x1310003 0x142b 0xfffffffffffffec8 0x1340003 0x38d6 0x1a0 0x1390004 0x0 0x0 0x17a92aa85b0 0x3 0x0 0x0 0x13c0007 0x0 0xe8 0x3 0x1440004 0x0 0x0 0x17a92aa85b0 0x3 0x0 0x0 0x14b0005 0x3 0x0 0x0 0x0 0x0 0x0 0x1510007 0x3 0x40 0x0 0x15c0007 0x0 0x20 0x0 0x1650003 0x3 0x80 0x16a0004 0x0 0x0 0x0 0x0 0x0 0x0 0x16d0007 0x0 0x30 0x0 0x1760002 0x0 0x17d0003 0x38d9 0x18 0x18a0007 0x0 0x98 0x38d9 0x8000000601910007 0x38d9 0x58 0x1 0x1990005 0x1 0x0 0x0 0x0 0x0 0x0 0x19e0007 0x35ce 0x38 0x30c 0x1a40003 0x120 0xfffffffffffff990 0x1ab0005 0x8842 0x0 0x0 0x0 0x0 0x0 0x0 0x0 0x0 0x0 0x0 0x0 0x0 0x0 0x0 0x9 0x4 0x0 0x0 0x0 0x0 oops 8 13 java/lang/String 15 jdk/internal/loader/ClassLoaderValue 87 java/lang/String 89 java/lang/invoke/MethodType$ConcurrentWeakInternSet$WeakEntry 124 java/lang/String 126 java/lang/invoke/MethodType$ConcurrentWeakInternSet$WeakEntry 157 java/util/concurrent/ConcurrentHashMap$TreeBin 168 java/util/concurrent/ConcurrentHashMap$TreeBin methods 0
ciMethodData java/util/HashMap hash (Ljava/lang/Object;)I 2 85457 orig 80 3 0 0 0 0 0 0 0 0 0 0 0 255 127 0 0 0 0 0 0 0 0 0 0 0 0 0 0 0 0 0 0 0 0 0 0 0 0 0 0 0 0 0 0 0 0 0 0 0 0 0 0 0 0 0 0 0 0 0 0 0 0 0 0 0 0 0 0 0 0 0 0 0 0 0 0 0 0 0 0 data 23 0x10007 0x14c32 0x38 0x0 0x50003 0x0 0x50 0x90005 0xb968 0x0 0x17a4527e3e0 0x912b 0x17a4527fa10 0x19f 0x0 0x0 0x0 0x0 0x0 0x0 0x9 0x1 0xffffffffffffffff oops 2 10 java/lang/String 12 java/lang/Module methods 0
ciMethodData java/util/HashMap getNode (Ljava/lang/Object;)Ljava/util/HashMap$Node; 2 31380 orig 80 7 0 0 0 3 0 0 0 0 0 0 0 255 127 0 0 0 0 0 0 4 0 0 5 0 0 0 0 0 0 0 0 0 0 0 0 0 0 0 3 0 0 0 0 0 0 0 0 0 0 0 0 0 0 0 0 0 0 0 0 0 0 0 0 0 0 0 0 0 0 0 0 0 0 0 0 0 0 0 0 data 103 0x60007 0x947 0x2e8 0x5741 0xe0007 0x0 0x2c8 0x5741 0x170002 0x5741 0x210007 0x1864 0x298 0x3edd 0x2a0007 0x14a1 0xb8 0x2a3c 0x350007 0x1c95 0x98 0xda7 0x390007 0x0 0x78 0xda7 0x4003f0005 0x2a9 0x0 0x17a4527e3e0 0xafe 0x17a9e367ab0 0x1 0x8000000600420007 0x8 0x20 0xda2 0x4e0007 0xb24 0x1c0 0x985 0x520004 0xfffffffffffff67b 0x0 0x17a945c3580 0xc1 0x17a9e367b60 0x11 0x550007 0x985 0x90 0x0 0x590004 0x0 0x0 0x0 0x0 0x0 0x0 0x5f0005 0x0 0x0 0x0 0x0 0x0 0x0 0x6a0007 0x573 0xb8 0x504 0x760007 0x3fb 0x98 0x109 0x7a0007 0x0 0x78 0x109 0xffffffff00800005 0xe1 0x0 0x17a4527e3e0 0x23 0x17a452820c0 0xd 0x8000000600830007 0x1 0x20 0x111 0x910007 0xf2 0xffffffffffffff48 0x482 0x0 0x0 0x0 0x0 0x0 0x0 0x9 0x2 0x0 0xffffffffffffffff oops 6 29 java/lang/String 31 java/lang/PublicMethods$Key 44 java/util/HashMap$Node 46 java/util/LinkedHashMap$Entry 81 java/lang/String 83 java/lang/Integer methods 0
ciMethodData java/util/HashMap get (Ljava/lang/Object;)Ljava/lang/Object; 2 119480 orig 80 4 0 0 0 0 0 0 0 0 0 0 0 255 127 0 0 0 0 0 0 0 0 0 0 0 0 0 0 0 0 0 0 0 0 0 0 0 0 0 0 0 0 0 0 0 0 0 0 0 0 0 0 0 0 0 0 0 0 0 0 0 0 0 0 0 0 0 0 0 0 0 0 0 0 0 0 0 0 0 0 data 24 0x20005 0x1d164 0x0 0x0 0x0 0x0 0x0 0x70007 0x133c1 0x38 0x9da7 0xb0003 0x9da6 0x18 0x0 0x0 0x0 0x0 0x0 0x0 0x9 0x2 0x0 0xffffffffffffffff oops 0 methods 0
ciMethodData java/util/concurrent/ConcurrentHashMap get (Ljava/lang/Object;)Ljava/lang/Object; 2 43831 orig 80 5 0 0 0 0 0 0 0 0 0 0 0 255 127 0 0 0 0 0 0 0 0 0 0 0 0 0 0 0 0 0 0 0 0 0 0 0 0 0 2 0 0 0 0 0 0 0 0 0 0 0 0 0 0 0 0 0 0 0 0 0 0 0 0 0 0 0 0 0 0 0 0 0 0 0 0 0 0 0 0 data 101 0x10005 0x736f 0x0 0x17a4527e3e0 0x26d0 0x17a4527e470 0xc4 0x40002 0x9b03 0xf0007 0x1b3a 0x290 0x7fc9 0x170007 0x0 0x270 0x7fc9 0x220002 0x7fc9 0x270007 0x28b9 0x240 0x5710 0x330007 0x12d2 0xb8 0x443e 0x3e0007 0x8d0 0x98 0x3b6e 0x430007 0x0 0x108 0x3b6e 0x490005 0x3243 0x0 0x17a4527e3e0 0x8ed 0x17a452805b0 0x3e 0x80000006004c0007 0x3 0xb0 0x3b6c 0x8000000600560007 0x12b7 0x90 0x1c 0x5d0005 0x0 0x0 0x17a92aa85b0 0x1c 0x0 0x0 0x630007 0x1 0x38 0x1b 0x6b0003 0x1b 0x18 0x760007 0xc3b 0xd8 0xaeb 0x7f0007 0x46b 0xffffffffffffffe0 0x680 0x8a0007 0x308 0x98 0x378 0x8f0007 0x0 0xffffffffffffffa0 0x378 0x950005 0x2f 0x0 0x17a452807f0 0xd7 0x17a4527e3e0 0x272 0x980007 0x1 0xffffffffffffff48 0x378 0x0 0x0 0x0 0x0 0x0 0x0 0x9 0x2 0x0 0x0 oops 7 3 java/lang/String 5 java/lang/Class 38 java/lang/String 40 java/lang/invoke/MemberName 53 java/util/concurrent/ConcurrentHashMap$TreeBin 83 java/lang/invoke/MethodType 85 java/lang/String methods 0
ciMethodData java/lang/String toLowerCase (Ljava/util/Locale;)Ljava/lang/String; 2 56588 orig 80 4 0 0 0 0 0 0 0 0 0 0 0 122 1 0 0 0 0 0 0 0 0 0 0 0 0 0 0 0 0 0 0 0 0 0 0 0 0 0 0 0 0 0 0 0 0 0 0 0 0 0 0 0 0 0 0 0 0 0 0 0 0 0 0 0 0 0 0 0 0 0 0 0 0 0 0 0 0 0 0 data 28 0x10005 0xdd00 0x0 0x0 0x0 0x0 0x0 0x40007 0x9 0x48 0xdcf7 0xd0002 0xdcf7 0x100003 0xdcf7 0x28 0x190002 0x9 0x0 0x0 0x0 0x0 0x0 0x0 0x9 0x2 0xffffffffffffffff 0xffffffffffffffff oops 0 methods 0
ciMethodData java/lang/StringLatin1 toLowerCase (Ljava/lang/String;[BLjava/util/Locale;)Ljava/lang/String; 2 88693 orig 80 3 0 0 0 0 0 0 0 0 0 0 0 122 1 0 0 0 0 0 0 0 0 0 0 0 0 0 0 0 0 0 0 0 0 0 0 0 0 0 0 0 0 0 0 0 0 0 0 0 0 0 0 0 0 0 0 0 0 0 0 0 0 0 0 0 0 0 0 0 0 0 0 0 0 0 0 0 0 0 0 data 89 0x10007 0x509 0x30 0x0 0x80002 0x0 0x150007 0x344 0xa8 0x8e1 0x280005 0x0 0x0 0x17a920ef7b0 0x8e1 0x0 0x0 0x2b0007 0x71c 0x38 0x1c5 0x2e0003 0x1c5 0x30 0x340003 0x71c 0xffffffffffffff70 0x3a0007 0x1c5 0x20 0x344 0x400005 0x1c5 0x0 0x0 0x0 0x0 0x0 0x490007 0x0 0x60 0x1c5 0x500007 0x0 0x40 0x1c5 0x570007 0x1c5 0x30 0x0 0x5f0002 0x0 0x6f0002 0x1c5 0x790007 0x1c5 0xb0 0xdc62 0x8b0005 0x0 0x0 0x17a920ef7b0 0xdc62 0x0 0x0 0x920002 0xdc62 0x950007 0xdc62 0x30 0x0 0x9d0002 0x0 0xac0003 0xdc62 0xffffffffffffff68 0xb60002 0x1c5 0x0 0x0 0x0 0x0 0x0 0x0 0x9 0x3 0x0 0x0 0x0 oops 2 13 java/lang/CharacterDataLatin1 61 java/lang/CharacterDataLatin1 methods 0
ciMethodData java/lang/StringUTF16 toLowerCase (Ljava/lang/String;[BLjava/util/Locale;)Ljava/lang/String; 1 58 orig 80 0 0 0 0 0 0 0 0 0 0 0 0 122 1 0 0 0 0 0 0 0 0 0 0 0 0 0 0 0 0 0 0 0 0 0 0 0 0 0 0 0 0 0 0 0 0 0 0 0 0 0 0 0 0 0 0 0 0 0 0 0 0 0 0 0 0 0 0 0 0 0 0 0 0 0 0 0 0 0 0 data 124 0x10007 0x13 0x30 0x0 0x80002 0x0 0x1a0007 0x13 0xd8 0x3a 0x1f0002 0x3a 0x270002 0x3a 0x2a0007 0x3a 0x38 0x0 0x300003 0x0 0x78 0x370002 0x3a 0x3a0007 0x3a 0x38 0x0 0x3d0003 0x0 0x30 0x430003 0x3a 0xffffffffffffff40 0x490007 0x0 0x20 0x13 0x5c0002 0x0 0x600005 0x0 0x0 0x0 0x0 0x0 0x0 0x6a0007 0x0 0x60 0x0 0x720007 0x0 0x40 0x0 0x7a0007 0x0 0x30 0x0 0x840002 0x0 0x8a0007 0x0 0x30 0x0 0x940002 0x0 0xa20007 0x0 0x138 0x0 0xa80002 0x0 0xb20007 0x0 0x50 0x0 0xb80002 0x0 0xbb0007 0x0 0x30 0x0 0xc60002 0x0 0xcf0007 0x0 0x30 0x0 0xda0002 0x0 0xe00002 0x0 0xe70002 0x0 0xea0007 0x0 0x30 0x0 0xf50002 0x0 0x1060002 0x0 0x10c0003 0x0 0xfffffffffffffee0 0x1140007 0x0 0x30 0x0 0x11e0002 0x0 0x1270002 0x0 0x0 0x0 0x0 0x0 0x0 0x0 0x9 0x3 0x0 0x0 0x0 oops 0 methods 0
ciMethodData java/lang/CharacterDataLatin1 getProperties (I)I 2 34234 orig 80 1 0 0 0 0 0 0 0 0 0 0 0 255 127 0 0 0 0 0 0 0 0 0 0 0 0 0 0 0 0 0 0 0 0 0 0 0 0 0 0 0 0 0 0 0 0 0 0 0 0 0 0 0 0 0 0 0 0 0 0 0 0 0 0 0 0 0 0 0 0 0 0 0 0 0 0 0 0 0 0 data 7 0x0 0x0 0x0 0x9 0x2 0x0 0x0 oops 0 methods 0
ciMethodData java/lang/CharacterDataLatin1 toLowerCase (I)I 2 9751 orig 80 1 0 0 0 0 0 0 0 0 0 0 0 255 127 0 0 0 0 0 0 0 0 0 0 0 0 0 0 0 0 0 0 0 0 0 0 0 0 0 0 0 0 0 0 0 0 0 0 0 0 0 0 0 0 0 0 0 0 0 0 0 0 0 0 0 0 0 0 0 0 0 0 0 0 0 0 0 0 0 0 data 25 0x40005 0x0 0x0 0x17a920ef7b0 0x1e00 0x0 0x0 0xc0007 0x1caa 0x40 0x156 0x150007 0x0 0x20 0x156 0x0 0x0 0x0 0x0 0x0 0x0 0x9 0x2 0x0 0x0 oops 1 3 java/lang/CharacterDataLatin1 methods 0
ciMethodData java/util/Arrays copyOf ([Ljava/lang/Object;I)[Ljava/lang/Object; 2 16262 orig 80 1 0 0 0 0 0 0 0 0 0 0 0 122 1 0 0 0 0 0 0 0 0 0 0 0 0 0 0 0 0 0 0 0 0 0 0 0 0 0 0 0 0 0 0 0 0 0 0 0 0 0 0 0 0 0 0 0 0 0 0 0 0 0 0 0 0 0 0 0 0 0 0 0 0 0 0 0 0 0 0 data 19 0x30005 0x3f6b 0x0 0x0 0x0 0x0 0x0 0x60002 0x3f6b 0x0 0x0 0x0 0x0 0x0 0x0 0x9 0x2 0xffffffffffffffff 0x0 oops 0 methods 0
ciMethodData java/util/Locale getLanguage ()Ljava/lang/String; 2 1149 orig 80 0 0 0 0 0 0 0 0 0 0 0 0 122 1 0 0 0 0 0 0 0 0 0 0 0 0 0 0 0 0 0 0 0 0 0 0 0 0 0 0 0 0 0 0 0 0 0 0 0 0 0 0 0 0 0 0 0 0 0 0 0 0 0 0 0 0 0 0 0 0 0 0 0 0 0 0 0 0 0 0 data 16 0x40005 0x450 0x0 0x0 0x0 0x0 0x0 0x0 0x0 0x0 0x0 0x0 0x0 0x9 0x1 0x0 oops 0 methods 0
ciMethodData java/util/ArrayList <init> (I)V 2 17349 orig 80 5 0 0 0 0 0 0 0 0 0 0 0 122 1 0 0 0 0 0 0 0 0 0 0 0 0 0 0 0 0 0 0 0 0 0 0 0 0 0 0 0 0 0 0 0 0 0 0 0 0 0 0 0 0 0 0 0 0 0 0 0 0 0 0 0 0 0 0 0 0 0 0 0 0 0 0 0 0 0 0 data 51 0x10002 0x15a4 0x50007 0xd2 0x38 0x14d2 0x100003 0x14d2 0x118 0x140007 0x0 0x38 0xd2 0x1e0003 0xd2 0xe0 0x290002 0x0 0x2e0005 0x0 0x0 0x0 0x0 0x0 0x0 0x320005 0x0 0x0 0x0 0x0 0x0 0x0 0x350005 0x0 0x0 0x0 0x0 0x0 0x0 0x380002 0x0 0x0 0x0 0x0 0x0 0x0 0x0 0x9 0x2 0x0 0x0 oops 0 methods 0
ciMethodData java/util/AbstractList <init> ()V 2 295516 orig 80 3 0 0 0 0 0 0 0 0 0 0 0 254 127 0 0 0 0 0 0 0 0 0 0 0 0 0 0 0 0 0 0 0 0 0 0 0 0 0 0 0 0 0 0 0 0 0 0 0 0 0 0 0 0 0 0 0 0 0 0 0 0 0 0 0 0 0 0 0 0 0 0 0 0 0 0 0 0 0 0 data 9 0x10002 0x481bd 0x0 0x0 0x0 0x0 0x9 0x1 0x6 oops 0 methods 0
ciMethod java/security/Provider getTypeAndAlgorithm (Ljava/lang/String;)[Ljava/lang/String; 562 0 7744 0 0
ciMethod java/security/Provider parseLegacyPut (Ljava/lang/String;Ljava/lang/String;)V 584 0 7744 0 -1
ciMethod java/security/Provider updateSecureRandomEntries (ZLjava/lang/String;)V 6 0 27 0 0
ciMethod java/security/Provider getEngineName (Ljava/lang/String;)Ljava/lang/String; 538 0 6723 0 1504
ciMethod java/security/Provider$ServiceKey <init> (Ljava/lang/String;Ljava/lang/String;Z)V 5100 0 8672 0 3488
ciMethod java/security/Provider$ServiceKey hashCode ()I 5360 0 8137 0 1056
ciMethod java/security/Provider$ServiceKey equals (Ljava/lang/Object;)Z 512 0 5376 0 768
ciMethod java/security/Provider$Service <init> (Ljava/security/Provider;Ljava/lang/String;Ljava/lang/String;)V 2102 0 2090 0 0
ciMethod java/security/Provider$Service addAlias (Ljava/lang/String;)V 350 0 3850 0 0
ciMethod java/security/Provider$Service addAttribute (Ljava/lang/String;Ljava/lang/String;)V 1638 0 1804 0 0
ciMethod java/security/Provider$UString <init> (Ljava/lang/String;)V 666 0 1645 0 -1
ciMethodData java/util/concurrent/ConcurrentHashMap put (Ljava/lang/Object;Ljava/lang/Object;)Ljava/lang/Object; 2 16033 orig 80 1 0 0 0 0 0 0 0 0 0 0 0 255 127 0 0 0 0 0 0 0 0 0 0 0 0 0 0 0 0 0 0 0 0 0 0 0 0 0 0 0 0 0 0 0 0 0 0 0 0 0 0 0 0 0 0 0 0 0 0 0 0 0 0 0 0 0 0 0 0 0 0 0 0 0 0 0 0 0 0 data 18 0x40005 0x3d98 0x0 0x0 0x0 0x0 0x0 0x0 0x0 0x0 0x0 0x0 0x0 0x9 0x3 0xffffffffffffffff 0xffffffffffffffff 0xffffffffffffffff oops 0 methods 0
ciMethodData java/lang/StringUTF16 compress ([BII)[B 1 507 orig 80 0 0 0 0 0 0 0 0 0 0 0 0 255 127 0 0 0 0 0 0 0 0 0 0 0 0 0 0 0 0 0 0 0 0 0 0 0 0 0 0 0 0 0 0 0 0 0 0 0 0 0 0 0 0 0 0 0 0 0 0 0 0 0 0 0 0 0 0 0 0 0 0 0 0 0 0 0 0 0 0 data 17 0x90002 0xdf 0xd0007 0xbf 0x20 0x20 0x0 0x0 0x0 0x0 0x0 0x0 0x9 0x3 0x0 0x0 0x0 oops 0 methods 0
ciMethodData java/util/Collections emptyList ()Ljava/util/List; 2 49728 orig 80 1 0 0 0 0 0 0 0 0 0 0 0 255 127 0 0 0 0 0 0 0 0 0 0 0 0 0 0 0 0 0 0 0 0 0 0 0 0 0 0 0 0 0 0 0 0 0 0 0 0 0 0 0 0 0 0 0 0 0 0 0 0 0 0 0 0 0 0 0 0 0 0 0 0 0 0 0 0 0 0 data 4 0x0 0x0 0x9 0x0 oops 0 methods 0
ciMethodData java/security/Provider$ServiceKey hashCode ()I 2 8137 orig 80 1 0 0 0 0 0 0 0 0 0 0 0 255 127 0 0 0 0 0 0 0 0 0 0 0 0 0 0 0 0 0 0 0 0 0 0 0 0 0 0 0 0 0 0 0 0 0 0 0 0 0 0 0 0 0 0 0 0 0 0 0 0 0 0 0 0 0 0 0 0 0 0 0 0 0 0 0 0 0 0 data 23 0x40005 0x1551 0x0 0x0 0x0 0x0 0x0 0xe0005 0x1551 0x0 0x0 0x0 0x0 0x0 0x0 0x0 0x0 0x0 0x0 0x0 0x9 0x1 0x0 oops 0 methods 0
ciMethodData java/security/Provider$ServiceKey <init> (Ljava/lang/String;Ljava/lang/String;Z)V 2 8672 orig 80 2 0 0 0 0 0 0 0 0 0 0 0 255 127 0 0 0 0 0 0 0 0 0 0 0 0 0 0 0 0 0 0 0 0 0 0 0 0 0 0 0 0 0 0 0 0 0 0 0 0 0 0 0 0 0 0 0 0 0 0 0 0 0 0 0 0 0 0 0 0 0 0 0 0 0 0 0 0 0 0 data 35 0x10002 0x17ea 0x120005 0x17ea 0x0 0x0 0x0 0x0 0x0 0x180007 0x232 0x70 0x15b8 0x1c0005 0x15b8 0x0 0x0 0x0 0x0 0x0 0x1f0003 0x15b8 0x18 0x0 0x0 0x0 0x0 0x0 0x0 0x9 0x4 0xe 0x0 0x0 0x0 oops 0 methods 0
ciMethodData java/security/Provider getEngineName (Ljava/lang/String;)Ljava/lang/String; 2 6723 orig 80 0 0 0 0 0 0 0 0 0 0 0 0 122 1 0 0 0 0 0 0 0 0 0 0 0 0 0 0 0 0 0 0 0 0 0 0 0 0 0 0 0 0 0 0 0 0 0 0 0 0 0 0 0 0 0 0 0 0 0 0 0 0 0 0 0 0 0 0 0 0 0 0 0 0 0 0 0 0 0 0 data 55 0x40005 0x0 0x0 0x17a945c1f60 0x1936 0x0 0x0 0x90004 0x0 0x0 0x17a945c1240 0x1936 0x0 0x0 0xe0007 0x1936 0xc8 0x0 0x180005 0x0 0x0 0x0 0x0 0x0 0x0 0x1b0005 0x0 0x0 0x0 0x0 0x0 0x0 0x200004 0x0 0x0 0x0 0x0 0x0 0x0 0x250007 0x1936 0x38 0x0 0x290003 0x0 0x18 0x0 0x0 0x0 0x0 0x0 0x0 0x9 0x1 0xffffffffffffffff oops 2 3 java/util/HashMap 10 java/security/Provider$EngineDescription methods 0
ciMethodData java/util/Collections emptyMap ()Ljava/util/Map; 2 36307 orig 80 1 0 0 0 0 0 0 0 0 0 0 0 122 1 0 0 0 0 0 0 0 0 0 0 0 0 0 0 0 0 0 0 0 0 0 0 0 0 0 0 0 0 0 0 0 0 0 0 0 0 0 0 0 0 0 0 0 0 0 0 0 0 0 0 0 0 0 0 0 0 0 0 0 0 0 0 0 0 0 0 data 4 0x0 0x0 0x9 0x0 oops 0 methods 0
ciMethodData java/security/Provider$UString <init> (Ljava/lang/String;)V 2 1645 orig 80 0 0 0 0 0 0 0 0 0 0 0 0 122 1 0 0 0 0 0 0 0 0 0 0 0 0 0 0 0 0 0 0 0 0 0 0 0 0 0 0 0 0 0 0 0 0 0 0 0 0 0 0 0 0 0 0 0 0 0 0 0 0 0 0 0 0 0 0 0 0 0 0 0 0 0 0 0 0 0 0 data 19 0x10002 0x520 0xe0005 0x520 0x0 0x0 0x0 0x0 0x0 0x0 0x0 0x0 0x0 0x0 0x0 0x9 0x2 0x6 0x0 oops 0 methods 0
ciMethodData java/security/Provider updateSecureRandomEntries (ZLjava/lang/String;)V 1 28 orig 80 0 0 0 0 0 0 0 0 0 0 0 0 122 1 0 0 0 0 0 0 0 0 0 0 0 0 0 0 0 0 0 0 0 0 0 0 0 0 0 0 0 0 0 0 0 0 0 0 0 0 0 0 0 0 0 0 0 0 0 0 0 0 0 0 0 0 0 0 0 0 0 0 0 0 0 0 0 0 0 0 data 88 0x10002 0x19 0x60007 0x0 0xa0 0x19 0xd0007 0x1 0x30 0x18 0x150002 0x18 0x200005 0x0 0x0 0x17a8f70fe90 0x19 0x0 0x0 0x260003 0x19 0x50 0x2e0005 0x0 0x0 0x0 0x0 0x0 0x0 0x370007 0x19 0x180 0x0 0x410002 0x0 0x450007 0x0 0x38 0x0 0x4b0003 0x0 0x18 0x510005 0x0 0x0 0x0 0x0 0x0 0x0 0x570005 0x0 0x0 0x0 0x0 0x0 0x0 0x5b0005 0x0 0x0 0x0 0x0 0x0 0x0 0x5e0005 0x0 0x0 0x0 0x0 0x0 0x0 0x610005 0x0 0x0 0x0 0x0 0x0 0x0 0x0 0x0 0x0 0x0 0x0 0x0 0x9 0x3 0x1800 0x0 0x0 oops 1 15 java/util/LinkedHashSet methods 0
ciMethodData java/util/ArrayList isEmpty ()Z 2 5886 orig 80 1 0 0 0 0 0 0 0 0 0 0 0 255 127 0 0 0 0 0 0 0 0 0 0 0 0 0 0 0 0 0 0 0 0 0 0 0 0 0 0 0 0 0 0 0 0 0 0 0 0 0 0 0 0 0 0 0 0 0 0 0 0 0 0 0 0 0 0 0 0 0 0 0 0 0 0 0 0 0 0 data 13 0x40007 0x14dd 0x38 0x11d 0x80003 0x11d 0x18 0x0 0x0 0x0 0x9 0x1 0x0 oops 0 methods 0
ciMethodData java/security/Provider$ServiceKey equals (Ljava/lang/Object;)Z 2 5376 orig 80 0 0 0 0 0 0 0 0 0 0 0 0 255 127 0 0 0 0 0 0 0 0 0 0 0 0 0 0 0 0 0 0 0 0 0 0 0 0 0 0 0 0 0 0 0 0 0 0 0 0 0 0 0 0 0 0 0 0 0 0 0 0 0 0 0 0 0 0 0 0 0 0 0 0 0 0 0 0 0 0 data 57 0x20007 0x1400 0x20 0x0 0x80004 0x0 0x0 0x17a9aa65820 0x1400 0x0 0x0 0xb0007 0x0 0x120 0x1400 0xf0004 0x0 0x0 0x17a9aa65820 0x1400 0x0 0x0 0x1b0005 0x1400 0x0 0x0 0x0 0x0 0x0 0x1e0007 0x0 0x90 0x1400 0x290005 0x1400 0x0 0x0 0x0 0x0 0x0 0x2c0007 0x0 0x38 0x1400 0x300003 0x1400 0x18 0x0 0x0 0x0 0x0 0x0 0x0 0x9 0x2 0x0 0x0 oops 2 7 java/security/Provider$ServiceKey 18 java/security/Provider$ServiceKey methods 0
ciMethodData java/security/Provider getTypeAndAlgorithm (Ljava/lang/String;)[Ljava/lang/String; 2 7744 orig 80 0 0 0 0 0 0 0 0 0 0 0 0 255 127 0 0 0 0 0 0 0 0 0 0 0 0 0 0 0 0 0 0 0 0 0 0 0 0 0 0 0 0 0 0 0 0 0 0 0 0 0 0 0 0 0 0 0 0 0 0 0 0 0 0 0 0 0 0 0 0 0 0 0 0 0 0 0 0 0 0 data 82 0x30005 0x1d27 0x0 0x0 0x0 0x0 0x0 0x90007 0x1d27 0x130 0x0 0xf0007 0x0 0x110 0x0 0x190002 0x0 0x1f0005 0x0 0x0 0x0 0x0 0x0 0x0 0x230005 0x0 0x0 0x0 0x0 0x0 0x0 0x260005 0x0 0x0 0x0 0x0 0x0 0x0 0x290005 0x0 0x0 0x0 0x0 0x0 0x0 0x310005 0x1d27 0x0 0x0 0x0 0x0 0x0 0x390005 0x1d27 0x0 0x0 0x0 0x0 0x0 0x440004 0x0 0x0 0x17a4527e3e0 0x1d27 0x0 0x0 0x480004 0x0 0x0 0x17a4527e3e0 0x1d27 0x0 0x0 0x0 0x0 0x0 0x0 0x0 0x0 0x9 0x1 0x0 oops 2 62 java/lang/String 69 java/lang/String methods 0
ciMethodData java/security/Provider parseLegacyPut (Ljava/lang/String;Ljava/lang/String;)V 2 7744 orig 80 0 0 0 0 0 0 0 0 0 0 0 0 255 127 0 0 0 0 0 0 0 0 0 0 0 0 0 0 0 0 0 0 0 0 0 0 0 0 0 0 0 0 0 0 0 0 0 0 0 0 0 0 0 0 0 0 0 0 0 0 0 0 0 0 0 0 0 0 0 0 0 0 0 0 0 0 0 0 0 0 data 268 0x40005 0x1d1c 0x0 0x0 0x0 0x0 0x0 0xa0005 0x1d1c 0x0 0x0 0x0 0x0 0x0 0xd0007 0xea6 0x250 0xe76 0x160005 0xe76 0x0 0x0 0x0 0x0 0x0 0x1d0002 0xe76 0x240007 0xe76 0x20 0x0 0x2c0002 0xe76 0x350005 0xe76 0x0 0x0 0x0 0x0 0x0 0x420002 0xe76 0x4d0005 0x0 0x0 0x17a452815b0 0xe76 0x0 0x0 0x520004 0x0 0x0 0x17a9aa61050 0xe76 0x0 0x0 0x590007 0xe76 0x68 0x0 0x640002 0x0 0x710005 0x0 0x0 0x0 0x0 0x0 0x0 0x840002 0xe76 0x890005 0x0 0x0 0x17a452815b0 0xe76 0x0 0x0 0x930005 0xe76 0x0 0x0 0x0 0x0 0x0 0x960003 0xe76 0x530 0x9a0002 0xea6 0x9f0007 0xea6 0x20 0x0 0xa80005 0xea6 0x0 0x0 0x0 0x0 0x0 0xb00007 0x6cd 0x1f8 0x7d9 0xb60002 0x7d9 0xbe0005 0x7d9 0x0 0x0 0x0 0x0 0x0 0xcf0002 0x7d9 0xda0005 0x0 0x0 0x17a452815b0 0x7d9 0x0 0x0 0xdf0104 0x0 0x0 0x0 0x0 0x0 0x0 0xe60007 0x0 0x68 0x7d9 0xf20002 0x7d9 0xff0005 0x0 0x0 0x17a452815b0 0x7d9 0x0 0x0 0x1110005 0x7d9 0x0 0x0 0x0 0x0 0x0 0x1140007 0x7c4 0x58 0x15 0x11e0005 0x15 0x0 0x0 0x0 0x0 0x0 0x1210003 0x7d9 0x2d0 0x12a0002 0x6cd 0x1390005 0x6cd 0x0 0x0 0x0 0x0 0x0 0x13c0005 0x6cd 0x0 0x0 0x0 0x0 0x0 0x1470005 0x6cd 0x0 0x0 0x0 0x0 0x0 0x1510005 0x6cd 0x0 0x0 0x0 0x0 0x0 0x1540007 0x6cd 0x70 0x0 0x15a0005 0x0 0x0 0x0 0x0 0x0 0x0 0x15f0003 0x0 0xffffffffffffff70 0x1640005 0x6cd 0x0 0x0 0x0 0x0 0x0 0x1720002 0x6cd 0x17d0005 0x0 0x0 0x17a452815b0 0x6cd 0x0 0x0 0x1820004 0x0 0x0 0x17a9aa61050 0x6cd 0x0 0x0 0x1890007 0x6cd 0x68 0x0 0x1950002 0x0 0x1a20005 0x0 0x0 0x0 0x0 0x0 0x0 0x1ae0005 0x0 0x0 0x17a9aa61050 0x6cd 0x0 0x0 0x0 0x0 0x0 0x0 0x0 0x0 0x0 0x0 0x0 0x0 0x0 0x0 0x9 0x3 0x0 0x0 0x0 oops 8 45 java/util/concurrent/ConcurrentHashMap 52 java/security/Provider$Service 74 java/util/concurrent/ConcurrentHashMap 119 java/util/concurrent/ConcurrentHashMap 139 java/util/concurrent/ConcurrentHashMap 220 java/util/concurrent/ConcurrentHashMap 227 java/security/Provider$Service 247 java/security/Provider$Service methods 0
ciMethodData java/security/Provider$Service <init> (Ljava/security/Provider;Ljava/lang/String;Ljava/lang/String;)V 2 2090 orig 80 0 0 0 0 0 0 0 0 0 0 0 0 122 1 0 0 0 0 0 0 0 0 0 0 0 0 0 0 0 0 0 0 0 0 0 0 0 0 0 0 0 0 0 0 0 0 0 0 0 0 0 0 0 0 0 0 0 0 0 0 0 0 0 0 0 0 0 0 0 0 0 0 0 0 0 0 0 0 0 0 data 32 0x10002 0x52c 0x180005 0x0 0x0 0x17a945c1f60 0x52c 0x0 0x0 0x1d0004 0x0 0x0 0x17a945c1240 0x52c 0x0 0x0 0x240002 0x52c 0x2b0002 0x52c 0x0 0x0 0x0 0x0 0x0 0x0 0x9 0x4 0x3c 0x0 0x0 0x0 oops 2 5 java/util/HashMap 12 java/security/Provider$EngineDescription methods 0
ciMethodData java/security/Provider$Service addAlias (Ljava/lang/String;)V 2 3850 orig 80 0 0 0 0 0 0 0 0 0 0 0 0 122 1 0 0 0 0 0 0 0 0 0 0 0 0 0 0 0 0 0 0 0 0 0 0 0 0 0 0 0 0 0 0 0 0 0 0 0 0 0 0 0 0 0 0 0 0 0 0 0 0 0 0 0 0 0 0 0 0 0 0 0 0 0 0 0 0 0 0 data 30 0x40005 0x0 0x0 0x17a452f6650 0x540 0x17a452816f0 0x91b 0x90007 0x91b 0x30 0x540 0x120002 0x540 0x1d0005 0x0 0x0 0x17a452816f0 0xe5b 0x0 0x0 0x0 0x0 0x0 0x0 0x0 0x0 0x9 0x2 0x0 0x0 oops 3 3 java/util/Collections$EmptyList 5 java/util/ArrayList 16 java/util/ArrayList methods 0
ciMethodData java/security/Provider$Service addAttribute (Ljava/lang/String;Ljava/lang/String;)V 2 1886 orig 80 0 0 0 0 0 0 0 0 0 0 0 0 254 127 0 0 0 0 0 0 0 0 0 0 0 0 0 0 0 0 0 0 0 0 0 0 0 0 0 0 0 0 0 0 0 0 0 0 0 0 0 0 0 0 0 0 0 0 0 0 0 0 0 0 0 0 0 0 0 0 0 0 0 0 0 0 0 0 0 0 data 33 0x40005 0x0 0x0 0x17a8f70d1b0 0x367 0x17a945c1f60 0x168 0x90007 0x168 0x30 0x367 0x130002 0x367 0x220002 0x4cf 0x260005 0x0 0x0 0x17a945c1f60 0x4cf 0x0 0x0 0x0 0x0 0x0 0x0 0x0 0x0 0x9 0x3 0x30 0x0 0xffffffffffffffff oops 3 3 java/util/Collections$EmptyMap 5 java/util/HashMap 18 java/util/HashMap methods 0
ciMethod java/util/concurrent/ConcurrentHashMap$TreeNode findTreeNode (ILjava/lang/Object;Ljava/lang/Class;)Ljava/util/concurrent/ConcurrentHashMap$TreeNode; 130 250 76 0 -1
ciMethod java/util/concurrent/ConcurrentHashMap$TreeBin find (ILjava/lang/Object;)Ljava/util/concurrent/ConcurrentHashMap$Node; 152 0 76 0 0
ciMethod java/util/concurrent/ConcurrentHashMap$TreeBin putTreeVal (ILjava/lang/Object;Ljava/lang/Object;)Ljava/util/concurrent/ConcurrentHashMap$TreeNode; 4 12 3 0 -1
ciMethod java/util/List add (Ljava/lang/Object;)Z 0 0 1 0 -1
ciMethod java/util/List isEmpty ()Z 0 0 1 0 -1
ciMethod java/lang/Object <init> ()V 624 0 434427 0 128
ciMethod java/lang/Object equals (Ljava/lang/Object;)Z 1024 0 50276 0 -1
ciMethod java/lang/Object hashCode ()I 512 0 256 0 -1
ciMethod java/lang/Object getClass ()Ljava/lang/Class; 512 0 256 0 -1
ciMethodData java/lang/Object <init> ()V 2 434451 orig 80 0 0 0 0 0 0 0 0 0 0 0 0 255 127 0 0 0 0 0 0 0 0 0 0 0 0 0 0 0 0 0 0 0 0 0 0 0 0 0 0 0 0 0 0 0 0 0 0 0 0 0 0 0 0 0 0 0 0 0 0 0 0 0 0 0 0 0 0 0 0 0 0 0 0 0 0 0 0 0 0 data 4 0x0 0x9 0x1 0x0 oops 0 methods 0
compile java/security/Provider parseLegacyPut (Ljava/lang/String;Ljava/lang/String;)V -1 4 inline 203 0 -1 java/security/Provider parseLegacyPut (Ljava/lang/String;Ljava/lang/String;)V 1 4 java/lang/String toLowerCase (Ljava/util/Locale;)Ljava/lang/String; 2 1 java/lang/String isLatin1 ()Z 2 13 java/lang/StringLatin1 toLowerCase (Ljava/lang/String;[BLjava/util/Locale;)Ljava/lang/String; 3 40 java/lang/CharacterDataLatin1 toLowerCase (I)I 4 4 java/lang/CharacterDataLatin1 getProperties (I)I 3 64 java/util/Locale getLanguage ()Ljava/lang/String; 4 4 sun/util/locale/BaseLocale getLanguage ()Ljava/lang/String; 3 139 java/lang/CharacterDataLatin1 toLowerCase (I)I 4 4 java/lang/CharacterDataLatin1 getProperties (I)I 3 146 java/lang/StringLatin1 canEncode (I)Z 3 182 java/lang/String <init> ([BB)V 4 1 java/lang/Object <init> ()V 1 10 java/lang/String startsWith (Ljava/lang/String;)Z 2 3 java/lang/String startsWith (Ljava/lang/String;I)Z 3 6 java/lang/String length ()I 4 6 java/lang/String coder ()B 3 10 java/lang/String length ()I 4 6 java/lang/String coder ()B 3 39 java/lang/String coder ()B 3 47 java/lang/String coder ()B 1 22 java/lang/String substring (I)Ljava/lang/String; 2 3 java/lang/String length ()I 3 6 java/lang/String coder ()B 2 6 java/lang/String substring (II)Ljava/lang/String; 3 1 java/lang/String length ()I 4 6 java/lang/String coder ()B 3 8 java/lang/String checkBoundsBeginEnd (III)V 3 28 java/lang/String isLatin1 ()Z 3 41 java/lang/StringLatin1 newString ([BII)Ljava/lang/String; 4 16 java/util/Arrays copyOfRange ([BII)[B 4 20 java/lang/String <init> ([BB)V 5 1 java/lang/Object <init> ()V 3 54 java/lang/StringUTF16 newString ([BII)Ljava/lang/String; 4 17 java/lang/StringUTF16 compress ([BII)[B 4 31 java/lang/String <init> ([BB)V 5 1 java/lang/Object <init> ()V 4 54 java/lang/String <init> ([BB)V 5 1 java/lang/Object <init> ()V 1 29 java/security/Provider getTypeAndAlgorithm (Ljava/lang/String;)[Ljava/lang/String; 2 3 java/lang/String indexOf (I)I 3 3 java/lang/String indexOf (II)I 4 1 java/lang/String isLatin1 ()Z 4 13 java/lang/StringLatin1 indexOf ([BII)I 5 1 java/lang/StringLatin1 canEncode (I)Z 4 25 java/lang/StringUTF16 indexOf ([BII)I 2 49 java/lang/String substring (II)Ljava/lang/String; 3 1 java/lang/String length ()I 4 6 java/lang/String coder ()B 3 8 java/lang/String checkBoundsBeginEnd (III)V 3 28 java/lang/String isLatin1 ()Z 3 41 java/lang/StringLatin1 newString ([BII)Ljava/lang/String; 4 16 java/util/Arrays copyOfRange ([BII)[B 4 20 java/lang/String <init> ([BB)V 5 1 java/lang/Object <init> ()V 3 54 java/lang/StringUTF16 newString ([BII)Ljava/lang/String; 4 17 java/lang/StringUTF16 compress ([BII)[B 4 31 java/lang/String <init> ([BB)V 5 1 java/lang/Object <init> ()V 4 54 java/lang/String <init> ([BB)V 5 1 java/lang/Object <init> ()V 2 57 java/lang/String substring (I)Ljava/lang/String; 3 3 java/lang/String length ()I 4 6 java/lang/String coder ()B 3 6 java/lang/String substring (II)Ljava/lang/String; 4 1 java/lang/String length ()I 5 6 java/lang/String coder ()B 4 8 java/lang/String checkBoundsBeginEnd (III)V 4 28 java/lang/String isLatin1 ()Z 4 41 java/lang/StringLatin1 newString ([BII)Ljava/lang/String; 5 16 java/util/Arrays copyOfRange ([BII)[B 5 20 java/lang/String <init> ([BB)V 6 1 java/lang/Object <init> ()V 4 54 java/lang/StringUTF16 newString ([BII)Ljava/lang/String; 5 17 java/lang/StringUTF16 compress ([BII)[B 5 31 java/lang/String <init> ([BB)V 6 1 java/lang/Object <init> ()V 5 54 java/lang/String <init> ([BB)V 6 1 java/lang/Object <init> ()V 1 44 java/security/Provider getEngineName (Ljava/lang/String;)Ljava/lang/String; 2 4 java/util/HashMap get (Ljava/lang/Object;)Ljava/lang/Object; 3 2 java/util/HashMap getNode (Ljava/lang/Object;)Ljava/util/HashMap$Node; 4 23 java/util/HashMap hash (Ljava/lang/Object;)I 5 9 java/lang/String hashCode ()I 6 17 java/lang/String isLatin1 ()Z 6 27 java/lang/StringLatin1 hashCode ([B)I 4 63 java/lang/String equals (Ljava/lang/Object;)Z 4 128 java/lang/String equals (Ljava/lang/Object;)Z 1 77 java/util/concurrent/ConcurrentHashMap get (Ljava/lang/Object;)Ljava/lang/Object; 2 1 java/security/Provider$ServiceKey hashCode ()I 3 4 java/lang/String hashCode ()I 4 17 java/lang/String isLatin1 ()Z 4 27 java/lang/StringLatin1 hashCode ([B)I 3 14 java/lang/String hashCode ()I 4 17 java/lang/String isLatin1 ()Z 4 27 java/lang/StringLatin1 hashCode ([B)I 2 4 java/util/concurrent/ConcurrentHashMap spread (I)I 2 34 java/util/concurrent/ConcurrentHashMap tabAt ([Ljava/util/concurrent/ConcurrentHashMap$Node;I)Ljava/util/concurrent/ConcurrentHashMap$Node; 2 73 java/security/Provider$ServiceKey equals (Ljava/lang/Object;)Z 3 27 java/lang/String equals (Ljava/lang/Object;)Z 3 41 java/lang/String equals (Ljava/lang/Object;)Z 2 149 java/security/Provider$ServiceKey equals (Ljava/lang/Object;)Z 3 27 java/lang/String equals (Ljava/lang/Object;)Z 3 41 java/lang/String equals (Ljava/lang/Object;)Z 1 137 java/util/concurrent/ConcurrentHashMap put (Ljava/lang/Object;Ljava/lang/Object;)Ljava/lang/Object; 1 147 java/security/Provider$Service addAlias (Ljava/lang/String;)V 2 4 java/util/ArrayList isEmpty ()Z 2 4 java/util/Collections$EmptyList isEmpty ()Z 2 18 java/util/ArrayList <init> (I)V 3 1 java/util/AbstractList <init> ()V 4 1 java/util/AbstractCollection <init> ()V 5 1 java/lang/Object <init> ()V 2 29 java/util/ArrayList add (Ljava/lang/Object;)Z 3 20 java/util/ArrayList add (Ljava/lang/Object;[Ljava/lang/Object;I)V 4 7 java/util/ArrayList grow ()[Ljava/lang/Object; 5 7 java/util/ArrayList grow (I)[Ljava/lang/Object; 6 27 jdk/internal/util/ArraysSupport newLength (III)I 6 37 java/util/Arrays copyOf ([Ljava/lang/Object;I)[Ljava/lang/Object; 1 154 java/security/Provider getTypeAndAlgorithm (Ljava/lang/String;)[Ljava/lang/String; 2 3 java/lang/String indexOf (I)I 3 3 java/lang/String indexOf (II)I 4 1 java/lang/String isLatin1 ()Z 4 13 java/lang/StringLatin1 indexOf ([BII)I 5 1 java/lang/StringLatin1 canEncode (I)Z 4 25 java/lang/StringUTF16 indexOf ([BII)I 2 49 java/lang/String substring (II)Ljava/lang/String; 3 1 java/lang/String length ()I 4 6 java/lang/String coder ()B 3 8 java/lang/String checkBoundsBeginEnd (III)V 3 28 java/lang/String isLatin1 ()Z 3 41 java/lang/StringLatin1 newString ([BII)Ljava/lang/String; 4 16 java/util/Arrays copyOfRange ([BII)[B 4 20 java/lang/String <init> ([BB)V 5 1 java/lang/Object <init> ()V 3 54 java/lang/StringUTF16 newString ([BII)Ljava/lang/String; 4 17 java/lang/StringUTF16 compress ([BII)[B 4 31 java/lang/String <init> ([BB)V 5 1 java/lang/Object <init> ()V 4 54 java/lang/String <init> ([BB)V 5 1 java/lang/Object <init> ()V 2 57 java/lang/String substring (I)Ljava/lang/String; 3 3 java/lang/String length ()I 4 6 java/lang/String coder ()B 3 6 java/lang/String substring (II)Ljava/lang/String; 4 1 java/lang/String length ()I 5 6 java/lang/String coder ()B 4 8 java/lang/String checkBoundsBeginEnd (III)V 4 28 java/lang/String isLatin1 ()Z 4 41 java/lang/StringLatin1 newString ([BII)Ljava/lang/String; 5 16 java/util/Arrays copyOfRange ([BII)[B 5 20 java/lang/String <init> ([BB)V 6 1 java/lang/Object <init> ()V 4 54 java/lang/StringUTF16 newString ([BII)Ljava/lang/String; 5 17 java/lang/StringUTF16 compress ([BII)[B 5 31 java/lang/String <init> ([BB)V 6 1 java/lang/Object <init> ()V 5 54 java/lang/String <init> ([BB)V 6 1 java/lang/Object <init> ()V 1 168 java/lang/String indexOf (I)I 2 3 java/lang/String indexOf (II)I 3 1 java/lang/String isLatin1 ()Z 3 13 java/lang/StringLatin1 indexOf ([BII)I 4 1 java/lang/StringLatin1 canEncode (I)Z 3 25 java/lang/StringUTF16 indexOf ([BII)I 1 182 java/security/Provider getEngineName (Ljava/lang/String;)Ljava/lang/String; 2 4 java/util/HashMap get (Ljava/lang/Object;)Ljava/lang/Object; 3 2 java/util/HashMap getNode (Ljava/lang/Object;)Ljava/util/HashMap$Node; 4 23 java/util/HashMap hash (Ljava/lang/Object;)I 5 9 java/lang/String hashCode ()I 6 17 java/lang/String isLatin1 ()Z 6 27 java/lang/StringLatin1 hashCode ([B)I 4 63 java/lang/String equals (Ljava/lang/Object;)Z 4 128 java/lang/String equals (Ljava/lang/Object;)Z 1 218 java/util/concurrent/ConcurrentHashMap get (Ljava/lang/Object;)Ljava/lang/Object; 2 1 java/security/Provider$ServiceKey hashCode ()I 3 4 java/lang/String hashCode ()I 4 17 java/lang/String isLatin1 ()Z 4 27 java/lang/StringLatin1 hashCode ([B)I 3 14 java/lang/String hashCode ()I 4 17 java/lang/String isLatin1 ()Z 4 27 java/lang/StringLatin1 hashCode ([B)I 2 4 java/util/concurrent/ConcurrentHashMap spread (I)I 2 34 java/util/concurrent/ConcurrentHashMap tabAt ([Ljava/util/concurrent/ConcurrentHashMap$Node;I)Ljava/util/concurrent/ConcurrentHashMap$Node; 2 73 java/security/Provider$ServiceKey equals (Ljava/lang/Object;)Z 3 27 java/lang/String equals (Ljava/lang/Object;)Z 3 41 java/lang/String equals (Ljava/lang/Object;)Z 2 149 java/security/Provider$ServiceKey equals (Ljava/lang/Object;)Z 3 27 java/lang/String equals (Ljava/lang/Object;)Z 3 41 java/lang/String equals (Ljava/lang/Object;)Z 1 242 java/security/Provider$Service <init> (Ljava/security/Provider;Ljava/lang/String;Ljava/lang/String;)V 2 1 java/lang/Object <init> ()V 2 24 java/util/HashMap get (Ljava/lang/Object;)Ljava/lang/Object; 3 2 java/util/HashMap getNode (Ljava/lang/Object;)Ljava/util/HashMap$Node; 4 23 java/util/HashMap hash (Ljava/lang/Object;)I 5 9 java/lang/String hashCode ()I 6 17 java/lang/String isLatin1 ()Z 6 27 java/lang/StringLatin1 hashCode ([B)I 4 63 java/lang/String equals (Ljava/lang/Object;)Z 4 128 java/lang/String equals (Ljava/lang/Object;)Z 2 36 java/util/Collections emptyList ()Ljava/util/List; 2 43 java/util/Collections emptyMap ()Ljava/util/Map; 1 255 java/util/concurrent/ConcurrentHashMap put (Ljava/lang/Object;Ljava/lang/Object;)Ljava/lang/Object; 1 273 java/lang/String equals (Ljava/lang/Object;)Z
